{"generated_utc": "2026-05-13T20:01:17.740937+00:00", "portfolio": {"total_cad": 130700.03, "total_usd": 95368.42, "roi_pct_str": "114.58%"}, "polymarket": {"inception_roi": 58.92902432432432, "total_account": 352.822434}}