{"generated_utc": "2026-05-03T01:50:14.662952+00:00", "portfolio": {"total_cad": 128668.09, "total_usd": 94626.28, "roi_pct_str": "114.43%"}, "polymarket": {"inception_roi": -68.82256756756756, "total_account": 69.21390000000001}}