{"generated_utc": "2026-05-14T02:07:04.275777+00:00", "portfolio": {"total_cad": 130218.92, "total_usd": 94990.33, "roi_pct_str": "114.64%"}, "polymarket": {"inception_roi": -59.542522522522525, "total_account": 89.8156}}