{"generated_utc": "2026-04-20T05:49:30.443518+00:00", "portfolio": {"total_cad": 145629.8, "total_usd": 106295.24, "roi_pct_str": "102.59%"}, "polymarket": {"inception_roi": -6.33993063063063, "total_account": 207.925354}}