{"generated_utc": "2026-05-13T03:17:57.068247+00:00", "portfolio": {"total_cad": 131810.69, "total_usd": 96273.67, "roi_pct_str": "114.81%"}, "polymarket": {"inception_roi": 59.123258558558554, "total_account": 353.253634}}