{"generated_utc": "2026-05-14T00:01:14.833054+00:00", "portfolio": {"total_cad": 130228.18, "total_usd": 95019.96, "roi_pct_str": "114.64%"}, "polymarket": {"inception_roi": 58.63181711711714, "total_account": 352.162634}}