{"generated_utc": "2026-05-07T18:52:15.120544+00:00", "portfolio": {"total_cad": 125082.07, "total_usd": 91687.28, "roi_pct_str": "115.36%"}, "polymarket": {"inception_roi": -65.95202702702703, "total_account": 75.58649999999999}}