{"generated_utc": "2026-04-22T08:31:56.251193+00:00", "portfolio": {"total_cad": 125616.87, "total_usd": 92046.9, "roi_pct_str": "112.81%"}, "polymarket": {"inception_roi": 0.5296054054054089, "total_account": 223.175724}}