{"generated_utc": "2026-05-13T04:01:24.360409+00:00", "portfolio": {"total_cad": 131799.63, "total_usd": 96272.62, "roi_pct_str": "114.81%"}, "polymarket": {"inception_roi": 58.70442972972973, "total_account": 352.32383400000003}}