{"generated_utc": "2026-05-13T14:01:38.176447+00:00", "portfolio": {"total_cad": 130494.15, "total_usd": 95186.59, "roi_pct_str": "114.40%"}, "polymarket": {"inception_roi": 58.83951981981983, "total_account": 352.623734}}