{"generated_utc": "2026-05-11T02:02:48.079457+00:00", "portfolio": {"total_cad": 127696.97, "total_usd": 93300.04, "roi_pct_str": "114.81%"}, "polymarket": {"inception_roi": -69.52932432432432, "total_account": 67.64489999999999}}