{"generated_utc": "2026-04-20T05:35:17.663253+00:00", "portfolio": {"total_cad": 145649.06, "total_usd": 106309.31, "roi_pct_str": "102.59%"}, "polymarket": {"inception_roi": -6.793624324324332, "total_account": 206.918154}}