{"generated_utc": "2026-04-15T01:23:20.055737+00:00", "portfolio": {"total_cad": 149906.24, "total_usd": 108884.54, "roi_pct_str": "100.06%"}, "polymarket": {"inception_roi": -9.146052252252257, "total_account": 201.695764}}