{"generated_utc": "2026-05-13T22:01:30.702694+00:00", "portfolio": {"total_cad": 130230.13, "total_usd": 95006.48, "roi_pct_str": "114.64%"}, "polymarket": {"inception_roi": 58.71276306306306, "total_account": 352.342334}}