{"generated_utc": "2026-05-12T06:24:15.257765+00:00", "portfolio": {"total_cad": 129468.68, "total_usd": 94552.03, "roi_pct_str": "115.52%"}, "polymarket": {"inception_roi": 61.42163693693694, "total_account": 358.356034}}