{"generated_utc": "2026-05-14T06:01:29.457615+00:00", "portfolio": {"total_cad": 130200.34, "total_usd": 95006.58, "roi_pct_str": "114.65%"}, "polymarket": {"inception_roi": 57.21862882882882, "total_account": 349.025356}}