{"generated_utc": "2026-05-06T01:50:59.347864+00:00", "portfolio": {"total_cad": 122288.97, "total_usd": 89936.21, "roi_pct_str": "114.65%"}, "polymarket": {"inception_roi": -69.2368018018018, "total_account": 68.29429999999999}}