{"generated_utc": "2026-04-28T00:01:16.646642+00:00", "portfolio": {"total_cad": 129165.43, "total_usd": 94812.49, "roi_pct_str": "112.54%"}, "polymarket": {"inception_roi": -26.044557657657673, "total_account": 164.18108199999998}}