{"generated_utc": "2026-05-15T04:01:25.119722+00:00", "portfolio": {"total_cad": 123166.85, "total_usd": 89641.41, "roi_pct_str": "115.01%"}, "polymarket": {"inception_roi": 57.35164684684684, "total_account": 349.320656}}