{"generated_utc": "2026-05-14T22:52:25.058799+00:00", "portfolio": {"total_cad": 123217.89, "total_usd": 89838.43, "roi_pct_str": "114.99%"}, "polymarket": {"inception_roi": 58.437277477477465, "total_account": 351.730756}}