{"generated_utc": "2026-05-11T00:01:20.577463+00:00", "portfolio": {"total_cad": 127685.99, "total_usd": 93313.5, "roi_pct_str": "114.80%"}, "polymarket": {"inception_roi": -69.0594144144144, "total_account": 68.6881}}