{"generated_utc": "2026-05-14T14:01:35.935464+00:00", "portfolio": {"total_cad": 127187.79, "total_usd": 92679.17, "roi_pct_str": "114.36%"}, "polymarket": {"inception_roi": 57.92768288288288, "total_account": 350.599456}}