{"generated_utc": "2026-05-14T20:01:24.099596+00:00", "portfolio": {"total_cad": 124448.07, "total_usd": 90670.24, "roi_pct_str": "114.85%"}, "polymarket": {"inception_roi": 58.16016036036034, "total_account": 351.11555599999997}}