{"generated_utc": "2026-04-18T01:20:09.364733+00:00", "portfolio": {"total_cad": 154143.06, "total_usd": 111872.17, "roi_pct_str": "100.04%"}, "polymarket": {"inception_roi": -11.260200900900886, "total_account": 197.00235400000003}}