{"generated_utc": "2026-04-26T00:00:57.183479+00:00", "portfolio": {"total_cad": 126949.0, "total_usd": 92809.15, "roi_pct_str": "112.57%"}, "polymarket": {"inception_roi": 2.5196500000000066, "total_account": 227.59362300000004}}