{"generated_utc": "2026-04-21T00:01:08.277981+00:00", "portfolio": {"total_cad": 144706.57, "total_usd": 106053.71, "roi_pct_str": "102.55%"}, "polymarket": {"inception_roi": 6.236690990991023, "total_account": 235.84545400000005}}