{"generated_utc": "2026-05-15T12:01:44.824387+00:00", "portfolio": {"total_cad": 123165.12, "total_usd": 89558.35, "roi_pct_str": "115.00%"}, "polymarket": {"inception_roi": 56.65957477477479, "total_account": 347.784256}}