{"generated_utc": "2026-05-14T02:01:24.159686+00:00", "portfolio": {"total_cad": 130218.88, "total_usd": 95000.69, "roi_pct_str": "114.64%"}, "polymarket": {"inception_roi": 57.874114414414414, "total_account": 350.480534}}