{"generated_utc": "2026-05-10T00:01:22.947075+00:00", "portfolio": {"total_cad": 127683.74, "total_usd": 93387.27, "roi_pct_str": "114.80%"}, "polymarket": {"inception_roi": -68.69657657657658, "total_account": 69.4936}}