{"generated_utc": "2026-04-28T01:54:34.568670+00:00", "portfolio": {"total_cad": 129149.37, "total_usd": 94730.47, "roi_pct_str": "112.54%"}, "polymarket": {"inception_roi": 3.1394513513513633, "total_account": 228.969582}}