{"generated_utc": "2026-05-13T03:07:00.893222+00:00", "portfolio": {"total_cad": 131810.31, "total_usd": 96279.37, "roi_pct_str": "114.81%"}, "polymarket": {"inception_roi": 59.159024324324314, "total_account": 353.333034}}