{"generated_utc": "2026-05-08T02:00:21.342520+00:00", "portfolio": {"total_cad": 124718.54, "total_usd": 91317.05, "roi_pct_str": "115.36%"}, "polymarket": {"inception_roi": -66.59765765765766, "total_account": 74.15319999999998}}