{"generated_utc": "2026-04-27T01:47:08.735140+00:00", "portfolio": {"total_cad": 126871.03, "total_usd": 92844.46, "roi_pct_str": "112.56%"}, "polymarket": {"inception_roi": -3.9917463963964006, "total_account": 213.13832299999999}}