{"generated_utc": "2026-05-15T06:01:41.888169+00:00", "portfolio": {"total_cad": 123166.82, "total_usd": 89557.31, "roi_pct_str": "115.01%"}, "polymarket": {"inception_roi": 57.12101621621621, "total_account": 348.808656}}