{"generated_utc": "2026-04-16T01:55:12.930759+00:00", "portfolio": {"total_cad": 152142.26, "total_usd": 110811.71, "roi_pct_str": "100.05%"}, "polymarket": {"inception_roi": -6.297268468468465, "total_account": 208.02006400000002}}