{"generated_utc": "2026-04-22T00:01:04.600988+00:00", "portfolio": {"total_cad": 125677.33, "total_usd": 92016.36, "roi_pct_str": "112.81%"}, "polymarket": {"inception_roi": 0.7695153153153278, "total_account": 223.708324}}