{"generated_utc": "2026-04-27T00:01:08.673706+00:00", "portfolio": {"total_cad": 126948.97, "total_usd": 92809.13, "roi_pct_str": "112.57%"}, "polymarket": {"inception_roi": 2.210776126126124, "total_account": 226.907923}}