{"generated_utc": "2026-04-29T00:01:19.581618+00:00", "portfolio": {"total_cad": 132846.12, "total_usd": 97106.19, "roi_pct_str": "111.76%"}, "polymarket": {"inception_roi": 0.5838207207206958, "total_account": 223.29608199999996}}