{"generated_utc": "2026-05-14T08:01:32.556541+00:00", "portfolio": {"total_cad": 130232.49, "total_usd": 94973.91, "roi_pct_str": "114.65%"}, "polymarket": {"inception_roi": 57.30308828828827, "total_account": 349.212856}}