{"generated_utc": "2026-05-02T01:47:08.765556+00:00", "portfolio": {"total_cad": 128668.09, "total_usd": 94626.28, "roi_pct_str": "114.43%"}, "polymarket": {"inception_roi": -66.54828828828829, "total_account": 74.26279999999998}}