{"generated_utc": "2026-05-14T04:01:34.843888+00:00", "portfolio": {"total_cad": 130201.1, "total_usd": 94980.45, "roi_pct_str": "114.65%"}, "polymarket": {"inception_roi": 57.533178378378395, "total_account": 349.723656}}