{"generated_utc": "2026-04-21T01:26:33.189131+00:00", "portfolio": {"total_cad": 144765.05, "total_usd": 106105.51, "roi_pct_str": "102.55%"}, "polymarket": {"inception_roi": 5.876195495495518, "total_account": 235.04515400000005}}