{"generated_utc": "2026-04-30T01:56:24.617503+00:00", "portfolio": {"total_cad": 130391.04, "total_usd": 95335.65, "roi_pct_str": "113.74%"}, "polymarket": {"inception_roi": 67.71472972972971, "total_account": 372.32669999999996}}