{"generated_utc": "2026-04-14T01:26:38.971472+00:00", "portfolio": {"total_cad": 150396.91, "total_usd": 109074.56, "roi_pct_str": "100.07%"}, "polymarket": {"inception_roi": -4.870376576576552, "total_account": 211.18776400000004}}