{"generated_utc": "2026-05-07T01:22:40.859453+00:00", "portfolio": {"total_cad": 127248.37, "total_usd": 93333.7, "roi_pct_str": "115.27%"}, "polymarket": {"inception_roi": -68.21716216216215, "total_account": 70.5579}}