{"generated_utc": "2026-05-07T01:55:05.312909+00:00", "portfolio": {"total_cad": 127228.06, "total_usd": 93340.03, "roi_pct_str": "115.27%"}, "polymarket": {"inception_roi": -68.40842342342341, "total_account": 70.1333}}