{"generated_utc": "2026-05-06T14:46:02.285401+00:00", "portfolio": {"total_cad": 126216.78, "total_usd": 92681.06, "roi_pct_str": "115.13%"}, "polymarket": {"inception_roi": -68.88977477477478, "total_account": 69.06469999999999}}