{"generated_utc": "2026-05-14T22:01:16.570098+00:00", "portfolio": {"total_cad": null, "total_usd": null, "roi_pct_str": null}, "polymarket": {"inception_roi": 58.514935135135126, "total_account": 351.90315599999997}}