{"generated_utc": "2026-05-15T05:22:51.406525+00:00", "portfolio": {"total_cad": 123170.1, "total_usd": 89543.41, "roi_pct_str": "115.01%"}, "polymarket": {"inception_roi": 57.12101621621621, "total_account": 348.808656}}