{"generated_utc": "2026-05-05T01:51:45.756702+00:00", "portfolio": {"total_cad": 126015.61, "total_usd": 92502.77, "roi_pct_str": "114.57%"}, "polymarket": {"inception_roi": -69.18594594594593, "total_account": 68.4072}}