{"generated_utc": "2026-05-04T00:01:15.666361+00:00", "portfolio": {"total_cad": 128665.53, "total_usd": 94685.33, "roi_pct_str": "114.42%"}, "polymarket": {"inception_roi": -68.22558558558559, "total_account": 70.5392}}