{"generated_utc": "2026-04-23T00:01:05.495395+00:00", "portfolio": {"total_cad": 129795.39, "total_usd": 94944.56, "roi_pct_str": "113.06%"}, "polymarket": {"inception_roi": 8.346767567567559, "total_account": 240.529824}}