{"generated_utc": "2026-05-12T22:01:23.377834+00:00", "portfolio": {"total_cad": 131852.12, "total_usd": 96254.72, "roi_pct_str": "114.81%"}, "polymarket": {"inception_roi": 60.55460990990993, "total_account": 356.431234}}