{"generated_utc": "2026-04-25T00:00:57.046904+00:00", "portfolio": {"total_cad": 126949.47, "total_usd": 92802.71, "roi_pct_str": "112.57%"}, "polymarket": {"inception_roi": -7.710681531531494, "total_account": 204.88228700000008}}