{"generated_utc": "2026-05-14T18:01:13.261685+00:00", "portfolio": {"total_cad": 125887.1, "total_usd": 91738.4, "roi_pct_str": "114.73%"}, "polymarket": {"inception_roi": 58.28155675675675, "total_account": 351.38505599999996}}