{"generated_utc": "2026-04-20T00:01:05.129081+00:00", "portfolio": {"total_cad": 145757.1, "total_usd": 106333.83, "roi_pct_str": "102.61%"}, "polymarket": {"inception_roi": -6.0289396396396295, "total_account": 208.615754}}