{"generated_utc": "2026-04-19T00:01:15.275997+00:00", "portfolio": {"total_cad": 145817.77, "total_usd": 105829.93, "roi_pct_str": "102.62%"}, "polymarket": {"inception_roi": -2.086597297297288, "total_account": 217.36775400000002}}