{"generated_utc": "2026-04-17T01:26:46.372335+00:00", "portfolio": {"total_cad": 150448.11, "total_usd": 109802.52, "roi_pct_str": "100.06%"}, "polymarket": {"inception_roi": -12.350151351351347, "total_account": 194.58266400000002}}