{"generated_utc": "2026-05-01T01:58:19.061747+00:00", "portfolio": {"total_cad": 132691.55, "total_usd": 97729.0, "roi_pct_str": "114.10%"}, "polymarket": {"inception_roi": 34.14391891891893, "total_account": 297.7995}}