{"generated_utc": "2026-04-22T05:39:25.874856+00:00", "portfolio": {"total_cad": 125590.1, "total_usd": 92013.8, "roi_pct_str": "112.81%"}, "polymarket": {"inception_roi": 0.6166774774774453, "total_account": 223.36902399999994}}