{"generated_utc": "2026-04-20T01:29:07.142837+00:00", "portfolio": {"total_cad": 145602.2, "total_usd": 106275.87, "roi_pct_str": "102.59%"}, "polymarket": {"inception_roi": -6.858804504504523, "total_account": 206.77345399999996}}