{"generated_utc": "2026-05-13T10:01:31.978612+00:00", "portfolio": {"total_cad": 131837.29, "total_usd": 96231.59, "roi_pct_str": "114.82%"}, "polymarket": {"inception_roi": 58.53654684684686, "total_account": 351.951134}}