{"generated_utc": "2026-04-22T01:25:02.528839+00:00", "portfolio": {"total_cad": 125644.59, "total_usd": 91963.11, "roi_pct_str": "112.82%"}, "polymarket": {"inception_roi": 0.40302882882883306, "total_account": 222.894724}}