{"generated_utc": "2026-05-12T20:01:18.691346+00:00", "portfolio": {"total_cad": 131918.32, "total_usd": 96303.75, "roi_pct_str": "114.81%"}, "polymarket": {"inception_roi": 60.65186216216216, "total_account": 356.647134}}