{"generated_utc": "2026-05-14T10:01:15.065203+00:00", "portfolio": {"total_cad": 130229.58, "total_usd": 95005.38, "roi_pct_str": "114.64%"}, "polymarket": {"inception_roi": 57.30741261261261, "total_account": 349.22245599999997}}