{"generated_utc": "2026-05-15T08:01:36.176832+00:00", "portfolio": {"total_cad": 123165.58, "total_usd": 89596.8, "roi_pct_str": "115.00%"}, "polymarket": {"inception_roi": 57.05065585585585, "total_account": 348.652456}}