{"generated_utc": "2026-05-12T14:01:27.455965+00:00", "portfolio": {"total_cad": 131587.16, "total_usd": 95957.62, "roi_pct_str": "114.64%"}, "polymarket": {"inception_roi": 61.1832135135135, "total_account": 357.826734}}