{"generated_utc": "2026-05-15T10:01:36.419745+00:00", "portfolio": {"total_cad": 123164.91, "total_usd": 89544.85, "roi_pct_str": "115.00%"}, "polymarket": {"inception_roi": 57.576106306306315, "total_account": 349.818956}}