{"generated_utc": "2026-05-12T01:43:38.542004+00:00", "portfolio": {"total_cad": 129527.13, "total_usd": 94598.17, "roi_pct_str": "115.52%"}, "polymarket": {"inception_roi": 61.56654684684683, "total_account": 358.677734}}