{"generated_utc": "2026-05-12T01:59:22.559689+00:00", "portfolio": {"total_cad": 129507.46, "total_usd": 94605.57, "roi_pct_str": "115.52%"}, "polymarket": {"inception_roi": -58.35707207207208, "total_account": 92.44729999999998}}