{"generated_utc": "2026-05-02T00:01:15.223896+00:00", "portfolio": {"total_cad": 128668.09, "total_usd": 94626.28, "roi_pct_str": "114.43%"}, "polymarket": {"inception_roi": -66.6541891891892, "total_account": 74.02769999999998}}