{"generated_utc": "2026-04-16T01:35:42.120539+00:00", "portfolio": {"total_cad": 151573.43, "total_usd": 110403.43, "roi_pct_str": "100.05%"}, "polymarket": {"inception_roi": -6.046818018018019, "total_account": 208.576064}}