{"generated_utc": "2026-05-15T02:05:03.141027+00:00", "portfolio": {"total_cad": 123146.49, "total_usd": 89612.24, "roi_pct_str": "115.01%"}, "polymarket": {"inception_roi": -54.47572072072072, "total_account": 101.0639}}