{"generated_utc": "2026-05-13T02:01:04.595777+00:00", "portfolio": {"total_cad": 131790.83, "total_usd": 96281.31, "roi_pct_str": "114.81%"}, "polymarket": {"inception_roi": 58.739609909909895, "total_account": 352.401934}}