{"generated_utc": "2026-05-12T00:01:18.681248+00:00", "portfolio": {"total_cad": 128906.4, "total_usd": 94234.99, "roi_pct_str": "115.59%"}, "polymarket": {"inception_roi": -69.50567567567568, "total_account": 67.6974}}