{"generated_utc": "2026-05-06T00:01:12.658406+00:00", "portfolio": {"total_cad": 122305.91, "total_usd": 89903.71, "roi_pct_str": "114.65%"}, "polymarket": {"inception_roi": -69.43157657657657, "total_account": 67.8619}}