{"generated_utc": "2026-05-15T02:01:28.597263+00:00", "portfolio": {"total_cad": 123146.89, "total_usd": 89615.47, "roi_pct_str": "115.01%"}, "polymarket": {"inception_roi": 58.04034054054055, "total_account": 350.849556}}