{"generated_utc": "2026-04-13T04:15:23.482796+00:00", "portfolio": {"total_cad": 142824.08, "total_usd": 103055.48, "roi_pct_str": "100.08%"}, "polymarket": {"inception_roi": 4.0363351351351495, "total_account": 230.96066400000004}}