{"generated_utc": "2026-05-10T01:53:33.126037+00:00", "portfolio": {"total_cad": 127683.74, "total_usd": 93387.27, "roi_pct_str": "114.80%"}, "polymarket": {"inception_roi": -68.37301801801802, "total_account": 70.2119}}