{"generated_utc": "2026-04-16T01:28:49.034324+00:00", "portfolio": {"total_cad": 151589.99, "total_usd": 110424.35, "roi_pct_str": "100.05%"}, "polymarket": {"inception_roi": -5.953394594594608, "total_account": 208.78346399999998}}