{"generated_utc": "2026-04-19T01:29:37.302307+00:00", "portfolio": {"total_cad": 145818.02, "total_usd": 105830.11, "roi_pct_str": "102.62%"}, "polymarket": {"inception_roi": -1.7831738738738556, "total_account": 218.04135400000004}}