{"generated_utc": "2026-05-13T02:04:14.572667+00:00", "portfolio": {"total_cad": 131800.4, "total_usd": 96286.2, "roi_pct_str": "114.81%"}, "polymarket": {"inception_roi": -62.945045045045035, "total_account": 82.26200000000001}}