{"generated_utc": "2026-05-13T03:12:18.976489+00:00", "portfolio": {"total_cad": 131811.35, "total_usd": 96260.09, "roi_pct_str": "114.81%"}, "polymarket": {"inception_roi": 59.1619072072072, "total_account": 353.339434}}