{"generated_utc": "2026-05-07T19:02:25.331553+00:00", "portfolio": {"total_cad": 124997.81, "total_usd": 91664.14, "roi_pct_str": "115.37%"}, "polymarket": {"inception_roi": -65.87657657657657, "total_account": 75.754}}