{"generated_utc": "2026-05-13T00:01:28.753008+00:00", "portfolio": {"total_cad": 131851.42, "total_usd": 96259.48, "roi_pct_str": "114.81%"}, "polymarket": {"inception_roi": 59.7624027027027, "total_account": 354.672534}}