{"generated_utc": "2026-05-15T14:01:32.192792+00:00", "portfolio": {"total_cad": 119415.09, "total_usd": 86785.48, "roi_pct_str": "114.70%"}, "polymarket": {"inception_roi": 56.75894414414415, "total_account": 348.004856}}