{"generated_utc": "2026-05-14T12:01:29.782250+00:00", "portfolio": {"total_cad": 130235.5, "total_usd": 94912.77, "roi_pct_str": "114.65%"}, "polymarket": {"inception_roi": 57.740836036036036, "total_account": 350.184656}}