{"generated_utc": "2026-05-13T08:22:55.242711+00:00", "portfolio": {"total_cad": 131838.74, "total_usd": 96198.95, "roi_pct_str": "114.82%"}, "polymarket": {"inception_roi": 58.33357387387388, "total_account": 351.500534}}