{"generated_utc": "2026-05-15T03:49:10.490810+00:00", "portfolio": {"total_cad": 123175.81, "total_usd": 89653.81, "roi_pct_str": "115.01%"}, "polymarket": {"inception_roi": 57.35164684684684, "total_account": 349.320656}}