{"generated_utc": "2026-05-07T11:23:02.926423+00:00", "portfolio": {"total_cad": 127277.17, "total_usd": 93397.64, "roi_pct_str": "115.26%"}, "polymarket": {"inception_roi": -66.8295045045045, "total_account": 73.63850000000001}}