{"generated_utc": "2026-04-18T00:01:03.329190+00:00", "portfolio": {"total_cad": 154141.51, "total_usd": 111879.16, "roi_pct_str": "100.04%"}, "polymarket": {"inception_roi": -9.318173873873869, "total_account": 201.313654}}