{"generated_utc": "2026-05-08T00:01:25.419727+00:00", "portfolio": {"total_cad": 124728.42, "total_usd": 91300.88, "roi_pct_str": "115.36%"}, "polymarket": {"inception_roi": -65.60702702702703, "total_account": 76.35239999999999}}