{"generated_utc": "2026-05-04T01:50:54.966018+00:00", "portfolio": {"total_cad": 128590.16, "total_usd": 94610.72, "roi_pct_str": "114.43%"}, "polymarket": {"inception_roi": -68.39490990990991, "total_account": 70.16329999999999}}