{"generated_utc": "2026-04-16T00:59:05.531877+00:00", "portfolio": {"total_cad": 151634.15, "total_usd": 110442.44, "roi_pct_str": "100.05%"}, "polymarket": {"inception_roi": -5.629250450450463, "total_account": 209.50306399999997}}