{"generated_utc": "2026-05-05T00:01:04.953169+00:00", "portfolio": {"total_cad": 126104.37, "total_usd": 92576.43, "roi_pct_str": "114.57%"}, "polymarket": {"inception_roi": -69.1827927927928, "total_account": 68.4142}}