{"generated_utc": "2026-04-24T01:29:20.094497+00:00", "portfolio": {"total_cad": 125985.02, "total_usd": 91976.32, "roi_pct_str": "113.06%"}, "polymarket": {"inception_roi": -12.038413063063057, "total_account": 195.27472300000002}}