{"generated_utc": "2026-05-13T16:01:23.758918+00:00", "portfolio": {"total_cad": 131407.09, "total_usd": 95904.28, "roi_pct_str": "114.62%"}, "polymarket": {"inception_roi": 59.14695225225226, "total_account": 353.306234}}