{"generated_utc": "2026-05-12T01:36:46.717291+00:00", "portfolio": {"total_cad": 129528.19, "total_usd": 94602.86, "roi_pct_str": "115.52%"}, "polymarket": {"inception_roi": -58.45054054054055, "total_account": 92.23979999999997}}