{"generated_utc": "2026-04-23T01:30:32.757224+00:00", "portfolio": {"total_cad": 129926.99, "total_usd": 95074.56, "roi_pct_str": "113.05%"}, "polymarket": {"inception_roi": 5.886001801801788, "total_account": 235.06692399999997}}