{"generated_utc": "2026-05-03T00:01:01.915557+00:00", "portfolio": {"total_cad": 128668.09, "total_usd": 94626.28, "roi_pct_str": "114.43%"}, "polymarket": {"inception_roi": -68.21842342342343, "total_account": 70.5551}}