{"generated_utc": "2026-05-12T16:01:21.395041+00:00", "portfolio": {"total_cad": 127702.23, "total_usd": 93128.34, "roi_pct_str": "114.72%"}, "polymarket": {"inception_roi": 60.9196099099099, "total_account": 357.241534}}