{"generated_utc": "2026-04-26T01:43:35.684340+00:00", "portfolio": {"total_cad": 126949.0, "total_usd": 92809.15, "roi_pct_str": "112.57%"}, "polymarket": {"inception_roi": 2.485866216216226, "total_account": 227.51862300000002}}