{"generated_utc": "2026-05-13T06:01:26.591498+00:00", "portfolio": {"total_cad": 131805.24, "total_usd": 96227.87, "roi_pct_str": "114.82%"}, "polymarket": {"inception_roi": 58.07334864864866, "total_account": 350.922834}}