{"generated_utc": "2026-04-30T00:01:16.057906+00:00", "portfolio": {"total_cad": 129942.04, "total_usd": 95043.15, "roi_pct_str": "113.80%"}, "polymarket": {"inception_roi": 82.29729729729726, "total_account": 404.69999999999993}}