{"generated_utc": "2026-04-20T05:43:55.386817+00:00", "portfolio": {"total_cad": 145649.15, "total_usd": 106300.06, "roi_pct_str": "102.60%"}, "polymarket": {"inception_roi": -6.406597297297301, "total_account": 207.777354}}