{"generated_utc": "2026-05-01T00:00:59.834641+00:00", "portfolio": {"total_cad": 132730.73, "total_usd": 97733.38, "roi_pct_str": "114.10%"}, "polymarket": {"inception_roi": 43.16882882882882, "total_account": 317.8348}}