{"generated_utc": "2026-05-13T08:01:35.469874+00:00", "portfolio": {"total_cad": 131838.2, "total_usd": 96200.66, "roi_pct_str": "114.82%"}, "polymarket": {"inception_roi": 58.17988018018019, "total_account": 351.159334}}