{"generated_utc": "2026-05-13T18:01:15.955246+00:00", "portfolio": {"total_cad": 130214.33, "total_usd": 94992.18, "roi_pct_str": "114.65%"}, "polymarket": {"inception_roi": 58.896817117117095, "total_account": 352.750934}}