{"generated_utc": "2026-05-13T12:01:31.174219+00:00", "portfolio": {"total_cad": 131835.82, "total_usd": 96268.12, "roi_pct_str": "114.82%"}, "polymarket": {"inception_roi": 58.654564864864845, "total_account": 352.21313399999997}}