{"generated_utc": "2026-05-09T00:01:21.245536+00:00", "portfolio": {"total_cad": 127682.88, "total_usd": 93400.3, "roi_pct_str": "114.80%"}, "polymarket": {"inception_roi": -66.94540540540541, "total_account": 73.38119999999999}}