{"generated_utc": "2026-04-16T01:33:22.437330+00:00", "portfolio": {"total_cad": 151581.63, "total_usd": 110412.22, "roi_pct_str": "100.05%"}, "polymarket": {"inception_roi": -5.931727927927932, "total_account": 208.831564}}