{"generated_utc": "2026-04-25T01:22:35.743590+00:00", "portfolio": {"total_cad": 126949.0, "total_usd": 92809.15, "roi_pct_str": "112.57%"}, "polymarket": {"inception_roi": -7.53387972972972, "total_account": 205.27478700000003}}