{"generated_utc": "2026-05-12T18:01:20.192758+00:00", "portfolio": {"total_cad": 129657.45, "total_usd": 94559.03, "roi_pct_str": "114.75%"}, "polymarket": {"inception_roi": 61.04015045045046, "total_account": 357.509134}}