{"generated_utc": "2026-04-17T00:01:15.462046+00:00", "portfolio": {"total_cad": 150414.06, "total_usd": 109795.29, "roi_pct_str": "100.06%"}, "polymarket": {"inception_roi": -11.284115315315313, "total_account": 196.949264}}