{"generated_utc": "2026-04-29T01:57:29.290992+00:00", "portfolio": {"total_cad": 132736.48, "total_usd": 97011.87, "roi_pct_str": "111.77%"}, "polymarket": {"inception_roi": 24.338460360360358, "total_account": 276.031382}}