{"generated_utc": "2026-05-07T00:01:11.020614+00:00", "portfolio": {"total_cad": 127239.94, "total_usd": 93301.86, "roi_pct_str": "115.27%"}, "polymarket": {"inception_roi": -68.45738738738739, "total_account": 70.0246}}