{"generated_utc": "2026-04-24T00:00:55.331522+00:00", "portfolio": {"total_cad": 126033.26, "total_usd": 91997.43, "roi_pct_str": "113.06%"}, "polymarket": {"inception_roi": -11.456521171171152, "total_account": 196.56652300000005}}