{"generated_utc": "2026-05-14T16:01:19.470403+00:00", "portfolio": {"total_cad": 126180.09, "total_usd": 91938.85, "roi_pct_str": "114.70%"}, "polymarket": {"inception_roi": 57.932908108108094, "total_account": 350.61105599999996}}