{"generated_utc": "2026-05-09T01:53:59.752951+00:00", "portfolio": {"total_cad": 127683.74, "total_usd": 93387.27, "roi_pct_str": "114.80%"}, "polymarket": {"inception_roi": -66.8586936936937, "total_account": 73.5737}}