{"generated_utc": "2026-05-15T00:01:26.779813+00:00", "portfolio": {"total_cad": 123221.07, "total_usd": 89781.17, "roi_pct_str": "115.00%"}, "polymarket": {"inception_roi": 58.21745765765765, "total_account": 351.242756}}