id,author,tradition,work,section,translation,kind,theme,text,sourceUrl,reviewStatus
marcus-3700296947cb,Marcus Aurelius,stoicism,Meditations,Fourth XX,George Long (1862),excerpt,agency,"Certainly there is nothing better, than for a man to confine himself to necessary actions; to such and so many only, as reason in a creature that knows itself born for society, will command and enjoin.",https://www.gutenberg.org/ebooks/2680,retained
marcus-42b1c4c730f8,Marcus Aurelius,stoicism,Meditations,Third IX,George Long (1862),excerpt,mortality,"The life of such an one, death can never surprise as imperfect; as of an actor, that should die before he had ended, or the play itself were at an end, a man might speak.",https://www.gutenberg.org/ebooks/2680,retained
marcus-eea04145a044,Marcus Aurelius,stoicism,Meditations,Second III,George Long (1862),excerpt,identity,"Do, soul, do; abuse and contemn thyself; yet a while and the time for thee to respect thyself, will be at an end.",https://www.gutenberg.org/ebooks/2680,retained
marcus-d50624359dbf,Marcus Aurelius,stoicism,Meditations,Twelfth I,George Long (1862),excerpt,adversity,"Now in this good course, let not other men's either wickedness, or opinion, or voice hinder thee: no, nor the sense of this thy pampered mass of flesh: for let that which suffers, look to itself.",https://www.gutenberg.org/ebooks/2680,retained
marcus-34f5ff187179,Marcus Aurelius,stoicism,Meditations,Eighth XIII,George Long (1862),excerpt,mortality,"At thy first encounter with any one, say presently to thyself: This man, what are his opinions concerning that which is good or evil? as concerning pain, pleasure, and the causes of both; concerning honour, and dishonour, concerning life and death? thus and thus.",https://www.gutenberg.org/ebooks/2680,retained
marcus-a4aeab6aee50,Marcus Aurelius,stoicism,Meditations,Ninth XIV,George Long (1862),excerpt,agency,"As virtue and wickedness consist not in passion, but in action; so neither doth the true good or evil of a reasonable charitable man consist in passion, but in operation and action.",https://www.gutenberg.org/ebooks/2680,retained
marcus-e445704d86f7,Marcus Aurelius,stoicism,Meditations,Fifth XV,George Long (1862),excerpt,attention,"Such as thy thoughts and ordinary cogitations are, such will thy mind be in time.",https://www.gutenberg.org/ebooks/2680,retained
marcus-a03da13fb3fe,Marcus Aurelius,stoicism,Meditations,Second XI,George Long (1862),excerpt,desire,"His service doth consist in this, that a man keep himself pure from all violent passion and evil affection, from all rashness and vanity, and from all manner of discontent, either in regard of the gods or men.",https://www.gutenberg.org/ebooks/2680,retained
marcus-62c35a59a25e,Marcus Aurelius,stoicism,Meditations,Sixth LIV,George Long (1862),excerpt,agency,"What manner of men they be whom they seek to please, and what to get, and by what actions: how soon time will cover and bury all things, and how many it hath already buried!",https://www.gutenberg.org/ebooks/2680,retained
marcus-ccd3f18b5784,Marcus Aurelius,stoicism,Meditations,Eighth XLV,George Long (1862),excerpt,judgment,"If therefore it be a thing external that causes thy grief, know, that it is not that properly that doth cause it, but thine own conceit and opinion concerning the thing: which thou mayest rid thyself of, when thou wilt.",https://www.gutenberg.org/ebooks/2680,retained
marcus-f64acbca9871,Marcus Aurelius,stoicism,Meditations,Eleventh XVI,George Long (1862),excerpt,emotion,"Eighthly, how many things may and do oftentimes follow upon such fits of anger and grief; far more grievous in themselves, than those very things which we are so grieved or angry for.",https://www.gutenberg.org/ebooks/2680,retained
marcus-dc39f5c46d8d,Marcus Aurelius,stoicism,Meditations,Tenth XXXVI,George Long (1862),excerpt,social,"To these had nature joined and annexed me: now she parts us; I am ready to depart, as from friends and kinsmen, but yet without either reluctancy or compulsion.",https://www.gutenberg.org/ebooks/2680,retained
marcus-48faa6c83532,Marcus Aurelius,stoicism,Meditations,Eighth XLVI,George Long (1862),excerpt,identity,"Remember that thy mind is of that nature as that it becometh altogether unconquerable, when once recollected in herself, she seeks no other content than this, that she cannot be forced: yea though it so fall out, that it be even against reason itself, that it cloth bandy.",https://www.gutenberg.org/ebooks/2680,retained
marcus-3e0fe03e9ca8,Marcus Aurelius,stoicism,Meditations,Seventh XXXIV,George Long (1862),excerpt,attention,"Thou must continually ponder and consider with thyself, what manner of men they be, and for their minds and understandings what is their present estate, whose good word and testimony thou dost desire.",https://www.gutenberg.org/ebooks/2680,retained
marcus-5a962999ec75,Marcus Aurelius,stoicism,Meditations,First I,George Long (1862),excerpt,mortality,"Of my mother I have learned to be religious, and bountiful; and to forbear, not only to do, but to intend any evil; to content myself with a spare diet, and to fly all such excess as is incidental to great wealth.",https://www.gutenberg.org/ebooks/2680,retained
marcus-cef40b47ce7c,Marcus Aurelius,stoicism,Meditations,Eleventh XXVII,George Long (1862),excerpt,learning,"In matter of writing or reading thou must needs be taught before thou can do either: much more in matter of life. 'For thou art born a mere slave, to thy senses and brutish affections;' destitute without teaching of all true knowledge and sound reason.",https://www.gutenberg.org/ebooks/2680,retained
marcus-2e6f5f1954ae,Marcus Aurelius,stoicism,Meditations,Fifth III,George Long (1862),excerpt,character,"If it be right and honest to be spoken or done, undervalue not thyself so much, as to be discouraged from it.",https://www.gutenberg.org/ebooks/2680,retained
marcus-2fb1a2f51d74,Marcus Aurelius,stoicism,Meditations,Second X,George Long (1862),excerpt,acceptance,"Now death, it is not only a work of nature, but also conducing to nature.",https://www.gutenberg.org/ebooks/2680,retained
marcus-31da49fc7b30,Marcus Aurelius,stoicism,Meditations,Eleventh X,George Long (1862),excerpt,judgment,"Let then thine own judgment and opinion concerning those things be at rest; and as for the things themselves, they stand still and quiet, without any noise or stir at all; and so shall all pursuing and flying cease.",https://www.gutenberg.org/ebooks/2680,retained
marcus-a7c232fd63ca,Marcus Aurelius,stoicism,Meditations,Fifth XX,George Long (1862),excerpt,adversity,"Let not that chief commanding part of thy soul be ever subject to any variation through any corporal either pain or pleasure, neither suffer it to be mixed with these, but let it both circumscribe itself, and confine those affections to their own proper parts and members.",https://www.gutenberg.org/ebooks/2680,retained
marcus-b84974d00f6d,Marcus Aurelius,stoicism,Meditations,Ninth VIII,George Long (1862),excerpt,identity,"Reason is of a diffusive nature, what itself is in itself, it begets in others, and so doth multiply.",https://www.gutenberg.org/ebooks/2680,retained
marcus-18bc3e5c610d,Marcus Aurelius,stoicism,Meditations,Sixth XXVI,George Long (1862),excerpt,attention,"Death is a cessation from the impression of the senses, the tyranny of the passions, the errors of the mind, and the servitude of the body.",https://www.gutenberg.org/ebooks/2680,retained
marcus-068fad45dd17,Marcus Aurelius,stoicism,Meditations,Second IV,George Long (1862),excerpt,agency,"Thou must also take heed of another kind of wandering, for they are idle in their actions, who toil and labour in this life, and have no certain scope to which to direct all their motions, and desires.",https://www.gutenberg.org/ebooks/2680,retained
marcus-45179fe97498,Marcus Aurelius,stoicism,Meditations,First III,George Long (1862),excerpt,social,"Not to be offended with other men's liberty of speech, and to apply myself unto philosophy.",https://www.gutenberg.org/ebooks/2680,retained
marcus-88a1c33205fb,Marcus Aurelius,stoicism,Meditations,Ninth I,George Long (1862),excerpt,emotion,"Again, he that feareth pains and crosses in this world, feareth some of those things which some time or other must needs happen in the world.",https://www.gutenberg.org/ebooks/2680,retained
marcus-5a0a1f9f3f3c,Marcus Aurelius,stoicism,Meditations,Tenth I,George Long (1862),excerpt,desire,"Thou shalt one day be full, and in want of no external thing: not seeking pleasure from anything, either living or insensible, that this world can afford; neither wanting time for the continuation of thy pleasure, nor place and opportunity, nor the favour either of the weather or of men.",https://www.gutenberg.org/ebooks/2680,retained
marcus-7441d64afe96,Marcus Aurelius,stoicism,Meditations,Second VIII,George Long (1862),excerpt,mortality,"As for life therefore, and death, honour and dishonour, labour and pleasure, riches and poverty, all these things happen unto men indeed, both good and bad, equally; but as things which of themselves are neither good nor bad; because of themselves, neither shameful nor praiseworthy.",https://www.gutenberg.org/ebooks/2680,retained
marcus-ade902e2874b,Marcus Aurelius,stoicism,Meditations,Twelfth I,George Long (1862),excerpt,acceptance,"To holiness, in accepting willingly whatsoever is sent by the Divine Providence, as being that which the nature of the universe hath appointed unto thee, which also hath appointed thee for that, whatsoever it be.",https://www.gutenberg.org/ebooks/2680,retained
marcus-ffe7fcccc43b,Marcus Aurelius,stoicism,Meditations,Seventh XLII,George Long (1862),excerpt,agency,"What object soever, our reasonable and sociable faculty doth meet with, that affords nothing either for the satisfaction of reason, or for the practice of charity, she worthily doth think unworthy of herself.",https://www.gutenberg.org/ebooks/2680,retained
marcus-295d633552ed,Marcus Aurelius,stoicism,Meditations,Ninth X,George Long (1862),excerpt,duty,"Labour not as one to whom it is appointed to be wretched, nor as one that either would be pitied, or admired; but let this be thine only care and desire; so always and in all things to prosecute or to forbear, as the law of charity, or mutual society doth require.",https://www.gutenberg.org/ebooks/2680,retained
marcus-0126149ee28d,Marcus Aurelius,stoicism,Meditations,Seventh XXI,George Long (1862),excerpt,character,"Rejoice thyself with true simplicity, and modesty; and that all middle things between virtue and vice are indifferent unto thee.",https://www.gutenberg.org/ebooks/2680,retained
marcus-30f7bb181a5c,Marcus Aurelius,stoicism,Meditations,Fourth XXIX,George Long (1862),excerpt,social,"Use thyself therefore often to meditate upon this, that the nature of the universe delights in nothing more, than in altering those things that are, and in making others like unto them.",https://www.gutenberg.org/ebooks/2680,retained
marcus-c2e966e0042f,Marcus Aurelius,stoicism,Meditations,Third XII,George Long (1862),excerpt,judgment,"As for those things that of themselves are altogether indifferent, as in my best judgment I conceive everything to deserve more or less, so I carry myself towards it.",https://www.gutenberg.org/ebooks/2680,retained
marcus-c7377acebdc9,Marcus Aurelius,stoicism,Meditations,Seventh XVI,George Long (1862),excerpt,attention,"Let this, be it either men or businesses, that thou hast occasion to think of, to the end that thy thoughts be not distracted and thy mind too earnestly set upon anything, upon every such occasion presently come to thy mind.",https://www.gutenberg.org/ebooks/2680,retained
marcus-ab6dc2acc1eb,Marcus Aurelius,stoicism,Meditations,Sixth VII,George Long (1862),excerpt,identity,"The rational commanding part, as it alone can stir up and turn itself; so it maketh both itself to be, and everything that happeneth, to appear unto itself, as it will itself.",https://www.gutenberg.org/ebooks/2680,retained
marcus-b0c17945e0c3,Marcus Aurelius,stoicism,Meditations,Sixth XLII,George Long (1862),excerpt,courage,"Thither shall we after many changes, where so many brave orators are; where so many grave philosophers; Heraclitus, Pythagoras, Socrates.",https://www.gutenberg.org/ebooks/2680,retained
marcus-ff524c98dd15,Marcus Aurelius,stoicism,Meditations,Twelfth XVII,George Long (1862),excerpt,agency,"Likewise then, neither can the whole body of all our actions (which is our life) if in time it cease, be said to suffer any evil for this very reason, because it is at an end; nor he truly be said to have been ill affected, that did put a period to this series of actions.",https://www.gutenberg.org/ebooks/2680,retained
marcus-0b9f2c16d945,Marcus Aurelius,stoicism,Meditations,Sixth XXVII,George Long (1862),excerpt,learning,"Endeavour to continue such, as philosophy (hadst thou wholly and constantly applied thyself unto it) would have made, and secured thee.",https://www.gutenberg.org/ebooks/2680,retained
marcus-752d971d899d,Marcus Aurelius,stoicism,Meditations,Eleventh IX,George Long (1862),excerpt,acceptance,"If this be so; that the most perfect and general nature of all natures should in her operation come short of the skill of arts, is most improbable.",https://www.gutenberg.org/ebooks/2680,retained
marcus-21ae9a8879c4,Marcus Aurelius,stoicism,Meditations,Fourth XLI,George Long (1862),excerpt,emotion,"Oh, wretched I, to whom this mischance is happened! nay, happy I, to whom this thing being happened, I can continue without grief; neither wounded by that which is present, nor in fear of that which is to come.",https://www.gutenberg.org/ebooks/2680,retained
marcus-9c7abb847436,Marcus Aurelius,stoicism,Meditations,Fourth XVIII,George Long (1862),excerpt,desire,"Not to wander out of the way, but upon every motion and desire, to perform that which is just: and ever to be careful to attain to the true natural apprehension of every fancy, that presents itself.",https://www.gutenberg.org/ebooks/2680,retained
marcus-a31aa0e970cc,Marcus Aurelius,stoicism,Meditations,Sixth XVI,George Long (1862),excerpt,character,"Under, above, and about, are the motions of the elements; but the motion of virtue, is none of those motions, but is somewhat more excellent and divine.",https://www.gutenberg.org/ebooks/2680,retained
marcus-09ca88c4c762,Marcus Aurelius,stoicism,Meditations,Third VI,George Long (1862),excerpt,social,"To be cheerful, and to stand in no need, either of other men's help or attendance, or of that rest and tranquillity, which thou must be beholding to others for.",https://www.gutenberg.org/ebooks/2680,retained
marcus-6bcc8d875cae,Marcus Aurelius,stoicism,Meditations,Eighth LV,George Long (1862),excerpt,mortality,"Whereas, he should rather comfort himself, that either no sense at all, and so no sense of evil; or if any sense, then another life, and so no death properly.",https://www.gutenberg.org/ebooks/2680,retained
marcus-bd2980d7bc28,Marcus Aurelius,stoicism,Meditations,First XIII,George Long (1862),excerpt,duty,"Never wont to use the baths at unseasonable hours; no builder; never curious, or solicitous, either about his meat, or about the workmanship, or colour of his clothes, or about anything that belonged to external beauty.",https://www.gutenberg.org/ebooks/2680,retained
marcus-1b787f7460d0,Marcus Aurelius,stoicism,Meditations,Eighth L,George Long (1862),excerpt,adversity,"Beget thyself by continual pains and endeavours to true liberty with charity, and true simplicity and modesty.",https://www.gutenberg.org/ebooks/2680,retained
marcus-61d77b2e4ec9,Marcus Aurelius,stoicism,Meditations,Ninth VIII,George Long (1862),excerpt,habit,"Though by custom, the word itself is in a manner become proper unto the vine, and the like, yet is it so nevertheless, as we have said.",https://www.gutenberg.org/ebooks/2680,retained
marcus-a9bd2c449959,Marcus Aurelius,stoicism,Meditations,Eleventh VIII,George Long (1862),excerpt,judgment,To grow together like fellow branches in matter of good correspondence and affection; but not in matter of opinions.,https://www.gutenberg.org/ebooks/2680,retained
marcus-258ab38b9871,Marcus Aurelius,stoicism,Meditations,Ninth XXVI,George Long (1862),excerpt,acceptance,"In sum, either there is a God, and then all is well; or if all things go by chance and fortune, yet mayest thou use thine own providence in those things that concern thee properly; and then art thou well.",https://www.gutenberg.org/ebooks/2680,retained
marcus-3ecd9b6e9b6a,Marcus Aurelius,stoicism,Meditations,Eighth XII,George Long (1862),excerpt,identity,"As every fancy and imagination presents itself unto thee, consider (if it be possible) the true nature, and the proper qualities of it, and reason with thyself about it.",https://www.gutenberg.org/ebooks/2680,retained
marcus-752be629fd2b,Marcus Aurelius,stoicism,Meditations,Ninth XXXI,George Long (1862),excerpt,attention,"To comprehend the whole world together in thy mind, and the whole course of this present age to represent it unto thyself, and to fix thy thoughts upon the sudden change of every particular object.",https://www.gutenberg.org/ebooks/2680,retained
marcus-c6011f932c2e,Marcus Aurelius,stoicism,Meditations,Fifth X,George Long (1862),excerpt,mortality,"Thou must comfort thyself in the expectation of thy natural dissolution, and in the meantime not grieve at the delay; but rest contented in those two things.",https://www.gutenberg.org/ebooks/2680,retained
marcus-ae55343eab94,Marcus Aurelius,stoicism,Meditations,Eighth II,George Long (1862),excerpt,reflection,Yet a very little while and I am dead and gone; and all things are at end.,https://www.gutenberg.org/ebooks/2680,retained
marcus-849830601214,Marcus Aurelius,stoicism,Meditations,First XI,George Long (1862),excerpt,learning,"From my brother Severus, to be kind and loving to all them of my house and family; by whom also I came to the knowledge of Thrasea and Helvidius, and Cato, and Dio, and Brutus.",https://www.gutenberg.org/ebooks/2680,retained
marcus-08143075d0a2,Marcus Aurelius,stoicism,Meditations,Eighth XLIX,George Long (1862),excerpt,agency,"Not basely to contract thy soul; nor boisterously to sally out with it, or furiously to launch out as it were, nor ever to want employment.",https://www.gutenberg.org/ebooks/2680,retained
marcus-a7551cfdc80c,Marcus Aurelius,stoicism,Meditations,Eighth XXXVIII,George Long (1862),excerpt,emotion,"However, let not thy reason or understanding admit of grief, and if there be anything in thee that is grieved, let that, (whatsoever it be,) conceive its own grief, if it can.",https://www.gutenberg.org/ebooks/2680,retained
marcus-b1d80ce4b7bc,Marcus Aurelius,stoicism,Meditations,Fourth VIII,George Long (1862),excerpt,character,"Continue then to take notice of it, as thou hast begun, and whatsoever thou dost, do it not without this proviso, that it be a thing of that nature that a good man (as the word good is properly taken) may do it.",https://www.gutenberg.org/ebooks/2680,retained
marcus-8e12f18a195d,Marcus Aurelius,stoicism,Meditations,Tenth XXX,George Long (1862),excerpt,desire,"As that thou also perchance dost think it a happiness either to be rich, or to live in pleasure, or to be praised and commended, and so of the rest in particular.",https://www.gutenberg.org/ebooks/2680,retained
marcus-dc74363b8f19,Marcus Aurelius,stoicism,Meditations,Eighth LVI,George Long (1862),excerpt,social,"All men are made one for another: either then teach them better, or bear with them.",https://www.gutenberg.org/ebooks/2680,retained
marcus-9efb53f36c31,Marcus Aurelius,stoicism,Meditations,Eleventh XXI,George Long (1862),excerpt,judgment,"Socrates was wont to call the common conceits and opinions of men, the common bugbears of the world: the proper terror of silly children.",https://www.gutenberg.org/ebooks/2680,retained
marcus-f1e204ac5dd0,Marcus Aurelius,stoicism,Meditations,Eighth XXVI,George Long (1862),excerpt,identity,"If pain be an evil, either it is in regard of the body; (and that cannot be, because the body of itself is altogether insensible:) or in regard of the soul But it is in the power of the soul, to preserve her own peace and tranquillity, and not to suppose that pain is evil.",https://www.gutenberg.org/ebooks/2680,retained
marcus-5d0167be3dfb,Marcus Aurelius,stoicism,Meditations,Tenth XII,George Long (1862),excerpt,attention,"To go on straight, whither right and reason directed him, and by so doing to follow God, was the only thing that he did mind, that, his only business and occupation.",https://www.gutenberg.org/ebooks/2680,retained
marcus-9ea70c7e0182,Marcus Aurelius,stoicism,Meditations,Fifth XX,George Long (1862),excerpt,adversity,"However let not thy understanding to this natural sense and feeling, which whether unto our flesh pleasant or painful, is unto us nothing properly, add an opinion of either good or bad and all is well.",https://www.gutenberg.org/ebooks/2680,retained
marcus-dc79129a6ed1,Marcus Aurelius,stoicism,Meditations,Fourth XXI,George Long (1862),excerpt,mortality,"To comprehend all in a few words, our life is short; we must endeavour to gain the present time with best discretion and justice.",https://www.gutenberg.org/ebooks/2680,retained
marcus-55721c8e6bff,Marcus Aurelius,stoicism,Meditations,Eighth LVIII,George Long (1862),excerpt,reflection,"To pierce and penetrate into the estate of every one's understanding that thou hast to do with: as also to make the estate of thine own open, and penetrable to any other.",https://www.gutenberg.org/ebooks/2680,retained
marcus-3e5c3d8a8ad7,Marcus Aurelius,stoicism,Meditations,Sixth XXXI,George Long (1862),excerpt,duty,"As long as the foot doth that which belongeth unto it to do, and the hand that which belongs unto it, their labour, whatsoever it be, is not unnatural.",https://www.gutenberg.org/ebooks/2680,retained
marcus-5fad02644d3b,Marcus Aurelius,stoicism,Meditations,Eighth XXVII,George Long (1862),excerpt,agency,"Wipe off all idle fancies, and say unto thyself incessantly; Now if I will, it is in my power to keep out of this my soul all wickedness, all lust, and concupiscences, all trouble and confusion.",https://www.gutenberg.org/ebooks/2680,retained
marcus-325319bd6247,Marcus Aurelius,stoicism,Meditations,Eighth VI,George Long (1862),excerpt,acceptance,"Every particular nature hath content, when in its own proper course it speeds.",https://www.gutenberg.org/ebooks/2680,retained
marcus-564bc2e83c97,Marcus Aurelius,stoicism,Meditations,Eleventh XXII,George Long (1862),excerpt,emotion,"The Lacedæmonians at their public spectacles were wont to appoint seats and forms for their strangers in the shadow, they themselves were content to sit anywhere.",https://www.gutenberg.org/ebooks/2680,retained
marcus-bd6ebac639b9,Marcus Aurelius,stoicism,Meditations,Third XVI,George Long (1862),excerpt,desire,"As the senses naturally belong to the body, and the desires and affections to the soul, so do the dogmata to the understanding.",https://www.gutenberg.org/ebooks/2680,retained
marcus-a5191a8be59c,Marcus Aurelius,stoicism,Meditations,Fifth XXII,George Long (1862),excerpt,judgment,"Let thy reasonable faculty, work upon his reasonable faculty; show him his fault, admonish him.",https://www.gutenberg.org/ebooks/2680,retained
marcus-f8f7a68fa198,Marcus Aurelius,stoicism,Meditations,Seventh X,George Long (1862),excerpt,social,"Thou dost exercise it as yet upon this ground barely, as a thing convenient and fitting; not, as doing good to thyself, when thou dost good unto others.",https://www.gutenberg.org/ebooks/2680,retained
marcus-5c657f78a439,Marcus Aurelius,stoicism,Meditations,Fifth I,George Long (1862),excerpt,identity,"In the morning when thou findest thyself unwilling to rise, consider with thyself presently, it is to go about a man's work that I am stirred up.",https://www.gutenberg.org/ebooks/2680,retained
marcus-7d39496cbf3f,Marcus Aurelius,stoicism,Meditations,Third IV,George Long (1862),excerpt,attention,"Spend not the remnant of thy days in thoughts and fancies concerning other men, when it is not in relation to some common good, when by it thou art hindered from some other better work.",https://www.gutenberg.org/ebooks/2680,retained
marcus-2c227fbea125,Marcus Aurelius,stoicism,Meditations,Eighth XXV,George Long (1862),excerpt,reflection,"The third and last, to them that we live and converse with: what use may be made of it, to their use and benefit.",https://www.gutenberg.org/ebooks/2680,retained
marcus-47fa92233f07,Marcus Aurelius,stoicism,Meditations,Ninth XXII,George Long (1862),excerpt,mortality,"Children's anger, mere babels; wretched souls bearing up dead bodies, that they may not have their fall so soon: even as it is in that common dirge song.",https://www.gutenberg.org/ebooks/2680,retained
marcus-d8cb2b36fd2f,Marcus Aurelius,stoicism,Meditations,Sixth XXXVII,George Long (1862),excerpt,duty,"As I think Heraclitus in a place speaketh of them that sleep, that even they do work in their kind, and do confer to the general operations of the world.",https://www.gutenberg.org/ebooks/2680,retained
marcus-897bf6d37059,Marcus Aurelius,stoicism,Meditations,Fifth XXVIII,George Long (1862),excerpt,agency,"Thou mayest always speed, if thou wilt but make choice of the right way; if in the course both of thine opinions and actions, thou wilt observe a true method.",https://www.gutenberg.org/ebooks/2680,retained
marcus-0c2816d2d3e5,Marcus Aurelius,stoicism,Meditations,Fourth XXXV,George Long (1862),excerpt,adversity,"To suffer change can be no hurt; as no benefit it is, by change to attain to being.",https://www.gutenberg.org/ebooks/2680,retained
marcus-441f38119468,Marcus Aurelius,stoicism,Meditations,Third XVII,George Long (1862),excerpt,desire,"To be violently drawn and moved by the lusts and desires of the soul, is proper to wild beasts and monsters, such as Phalaris and Nero were.",https://www.gutenberg.org/ebooks/2680,retained
marcus-b74a16142a9d,Marcus Aurelius,stoicism,Meditations,Ninth VII,George Long (1862),excerpt,judgment,"Of all unreasonable creatures, there is but one unreasonable soul; and of all that are reasonable, but one reasonable soul, divided betwixt them all.",https://www.gutenberg.org/ebooks/2680,retained
marcus-95b17fc6594c,Marcus Aurelius,stoicism,Meditations,Seventh XXV,George Long (1862),excerpt,social,"Thou shalt but make thyself a laughing-stock; both unto the Gods and men, &c.",https://www.gutenberg.org/ebooks/2680,retained
marcus-5b338a279114,Marcus Aurelius,stoicism,Meditations,Fourth XXVIII,George Long (1862),excerpt,identity,"Willingly therefore, and wholly surrender up thyself unto that fatal concatenation, yielding up thyself unto the fates, to be disposed of at their pleasure.",https://www.gutenberg.org/ebooks/2680,retained
marcus-bc6bce72c731,Marcus Aurelius,stoicism,Meditations,Sixth XXVIII,George Long (1862),excerpt,mortality,"How able to endure labour, how patient; able through his spare diet to continue from morning to evening without any necessity of withdrawing before his accustomed hours to the necessities of nature: his uniformity and constancy in matter of friendship.",https://www.gutenberg.org/ebooks/2680,retained
marcus-6692b743842c,Marcus Aurelius,stoicism,Meditations,Fifth VIII,George Long (1862),excerpt,reflection,"First, because that for thee properly it was brought to pass, and unto thee it was prescribed; and that from the very beginning by the series and connection of the first causes, it hath ever had a reference unto thee.",https://www.gutenberg.org/ebooks/2680,retained
marcus-b68fd69d4fd7,Marcus Aurelius,stoicism,Meditations,Eighth IX,George Long (1862),excerpt,character,"Now whatsoever is good, is also profitable, and it is the part of an honest virtuous man to set by it, and to make reckoning of it accordingly.",https://www.gutenberg.org/ebooks/2680,retained
marcus-0d2e11711423,Marcus Aurelius,stoicism,Meditations,Tenth IV,George Long (1862),excerpt,learning,"Him that offends, to teach with love and meek ness, and to show him his error.",https://www.gutenberg.org/ebooks/2680,retained
marcus-6be14f91a3a8,Marcus Aurelius,stoicism,Meditations,Ninth XIX,George Long (1862),excerpt,agency,"Of an operation and of a purpose there is an ending, or of an action and of a purpose we say commonly, that it is at an end: from opinion also there is an absolute cessation, which is as it were the death of it.",https://www.gutenberg.org/ebooks/2680,retained
marcus-e4e93e8e6bab,Marcus Aurelius,stoicism,Meditations,Fifth XXVII,George Long (1862),excerpt,attention,"What is it that thou dost stay for? an extinction, or a translation; either of them with a propitious and contented mind.",https://www.gutenberg.org/ebooks/2680,retained
marcus-9efffcde196d,Marcus Aurelius,stoicism,Meditations,Third X,George Long (1862),excerpt,judgment,"Use thine opinative faculty with all honour and respect, for in her indeed is all: that thy opinion do not beget in thy understanding anything contrary to either nature, or the proper constitution of a rational creature.",https://www.gutenberg.org/ebooks/2680,retained
marcus-57bae9c7c848,Marcus Aurelius,stoicism,Meditations,Twelfth XI,George Long (1862),excerpt,social,"Either fate, (and that either an absolute necessity, and unavoidable decree; or a placable and flexible Providence) or all is a mere casual confusion, void of all order and government.",https://www.gutenberg.org/ebooks/2680,retained
marcus-2718ddf8a796,Marcus Aurelius,stoicism,Meditations,Seventh XX,George Long (1862),excerpt,identity,"Such is the nature of thy reasonable commanding part, as that if it exercise justice, and have by that means tranquillity within itself, it doth rest fully satisfied with itself without any other thing.",https://www.gutenberg.org/ebooks/2680,retained
marcus-ae6aa2542f23,Marcus Aurelius,stoicism,Meditations,First I,George Long (1862),excerpt,desire,"Of my grandfather Verus I have learned to be gentle and meek, and to refrain from all anger and passion.",https://www.gutenberg.org/ebooks/2680,retained
marcus-cdc6eae15f5d,Marcus Aurelius,stoicism,Meditations,Fifth XIII,George Long (1862),excerpt,reflection,No corruption can reduce either of these unto nothing: for neither did I of nothing become a subsistent creature.,https://www.gutenberg.org/ebooks/2680,retained
marcus-b7865d3ca6d3,Marcus Aurelius,stoicism,Meditations,Eighth XXXVII,George Long (1862),excerpt,character,"In the whole constitution of man, I see not any virtue contrary to justice, whereby it may be resisted and opposed.",https://www.gutenberg.org/ebooks/2680,retained
marcus-97a9628e3b23,Marcus Aurelius,stoicism,Meditations,Fourth XLIII,George Long (1862),excerpt,acceptance,"The most compendious, is that which is according to nature: that is, in all both words and deeds, ever to follow that which is most sound and perfect.",https://www.gutenberg.org/ebooks/2680,retained
marcus-c3064b5028e6,Marcus Aurelius,stoicism,Meditations,Eleventh XVI,George Long (1862),excerpt,emotion,"Remove then, and be content to part with that conceit of thine, that it is a grievous thing, and thou hast removed thine anger.",https://www.gutenberg.org/ebooks/2680,retained
marcus-9e0ecbe7daec,Marcus Aurelius,stoicism,Meditations,Fourth XLI,George Long (1862),excerpt,adversity,"Now to conclude; upon all occasion of sorrow remember henceforth to make use of this dogma, that whatsoever it is that hath happened unto thee, is in very deed no such thing of itself, as a misfortune; but that to bear it generously, is certainly great happiness.",https://www.gutenberg.org/ebooks/2680,retained
marcus-50f25f9d1c8d,Marcus Aurelius,stoicism,Meditations,Second IV,George Long (1862),excerpt,learning,"Give thyself leisure to learn some good thing, and cease roving and wandering to and fro.",https://www.gutenberg.org/ebooks/2680,retained
marcus-76b779053b72,Marcus Aurelius,stoicism,Meditations,Seventh XXVI,George Long (1862),excerpt,attention,"To look about, and with the eyes to follow the course of the stars and planets as though thou wouldst run with them; and to mind perpetually the several changes of the elements one into another.",https://www.gutenberg.org/ebooks/2680,retained
marcus-0a7b0070218b,Marcus Aurelius,stoicism,Meditations,Eighth VIII,George Long (1862),excerpt,mortality,"Forbear henceforth to complain of the trouble of a courtly life, either in public before others, or in private by thyself.",https://www.gutenberg.org/ebooks/2680,retained
marcus-063eaf2f55b0,Marcus Aurelius,stoicism,Meditations,Fifth XVII,George Long (1862),excerpt,reflection,"After one consideration, man is nearest unto us; as we are bound to do them good, and to bear with them.",https://www.gutenberg.org/ebooks/2680,retained
marcus-78d552af59d2,Marcus Aurelius,stoicism,Meditations,Fourth III,George Long (1862),excerpt,agency,"At what time soever thou wilt, it is in thy power to retire into thyself, and to be at rest, and free from all businesses.",https://www.gutenberg.org/ebooks/2680,retained
marcus-452600fd77f2,Marcus Aurelius,stoicism,Meditations,Second III,George Long (1862),excerpt,identity,"Every man's happiness depends from himself, but behold thy life is almost at an end, whiles affording thyself no respect, thou dost make thy happiness to consist in the souls, and conceits of other men.",https://www.gutenberg.org/ebooks/2680,retained
marcus-e7f3021a2318,Marcus Aurelius,stoicism,Meditations,Fifth V,George Long (1862),excerpt,desire,"Be it so: yet there be many other good things, for the want of which thou canst not plead the want or natural ability.",https://www.gutenberg.org/ebooks/2680,retained
marcus-afc16b792d01,Marcus Aurelius,stoicism,Meditations,Ninth IX,George Long (1862),excerpt,acceptance,"The Gods themselves are good unto such; yea and in some things, (as in matter of health, of wealth, of honour,) are content often to further their endeavours: so good and gracious are they.",https://www.gutenberg.org/ebooks/2680,retained
marcus-eed3aef73bbd,Marcus Aurelius,stoicism,Meditations,Eighth XXXVI,George Long (1862),excerpt,judgment,"If thou beest quick-sighted, be so in matter of judgment, and best discretion, saith he.",https://www.gutenberg.org/ebooks/2680,retained
epictetus-213bbcb6d544,Epictetus,stoicism,Discourses,passage 60,George Long (1877),excerpt,mortality,"Man is not the master of man; but death is, and life and pleasure and pain; for if he comes without these things, bring Cæsar to me and you will see how firm I am.",https://www.gutenberg.org/ebooks/10661,retained
epictetus-a51531318be8,Epictetus,stoicism,Discourses,passage 155,George Long (1877),excerpt,agency,Every thing which is difficult and dangerous is not suitable for practice; but that is suitable which conduces to the working out of that which is proposed to us.,https://www.gutenberg.org/ebooks/10661,retained
epictetus-b5f31d1c198c,Epictetus,stoicism,Enchiridion,passage 24,George Long (1877),excerpt,identity,"Be satisfied then in everything with being a philosopher; and if you wish to seem also to any person to be a philosopher, appear so to yourself, and you will be able to do this.",https://www.gutenberg.org/ebooks/10661,retained
epictetus-1adb98676300,Epictetus,stoicism,Enchiridion,passage 46,George Long (1877),excerpt,emotion,"In company take care not to speak much and excessively about your own acts or dangers; for as it is pleasant to you to make mention of your own dangers, it is not so pleasant to others to hear what has happened to you.",https://www.gutenberg.org/ebooks/10661,retained
epictetus-34643923dd54,Epictetus,stoicism,Discourses,passage 74,George Long (1877),excerpt,judgment,"The hypothetical proposition is indifferent: the judgment about it is not indifferent, but it is either knowledge or opinion or error.",https://www.gutenberg.org/ebooks/10661,retained
epictetus-22bec4eb21b4,Epictetus,stoicism,Discourses,passage 202,George Long (1877),excerpt,desire,"Remember that not only the desire of power and of riches makes us mean and subject to others, but even the desire of tranquillity, and of leisure, and of travelling abroad, and of learning.",https://www.gutenberg.org/ebooks/10661,retained
epictetus-1a89ac7ab8bd,Epictetus,stoicism,Discourses,passage 218,George Long (1877),excerpt,social,"Now the acts of the soul are movement towards an object or movement from it, desire, aversion, preparation, design (purpose), assent.",https://www.gutenberg.org/ebooks/10661,retained
epictetus-df4aa17de257,Epictetus,stoicism,Enchiridion,passage 22,George Long (1877),excerpt,agency,Let death and exile and every other thing which appears dreadful be daily before your eyes; but most of all death: and you will never think of anything mean nor will you desire anything extravagantly.,https://www.gutenberg.org/ebooks/10661,retained
epictetus-9d312e1ee31e,Epictetus,stoicism,Enchiridion,passage 61,George Long (1877),excerpt,identity,"The condition and characteristic of an uninstructed person is this: he never expects from himself profit (advantage) nor harm, but from externals.",https://www.gutenberg.org/ebooks/10661,retained
epictetus-21ac960201e1,Epictetus,stoicism,Discourses,passage 109,George Long (1877),excerpt,habit,"Every habit and faculty is maintained and increased by the corresponding actions: the habit of walking by walking, the habit of running by running.",https://www.gutenberg.org/ebooks/10661,retained
epictetus-c5bec66b71bd,Epictetus,stoicism,Discourses,passage 172,George Long (1877),excerpt,duty,"Now (you should say), to me the matter to work on is my understanding, as wood is to the carpenter, as hides to the shoemaker; and my business is the right use of appearances.",https://www.gutenberg.org/ebooks/10661,retained
epictetus-291a7c1dce2b,Epictetus,stoicism,Discourses,passage 99,George Long (1877),excerpt,attention,"The philosophers say that we ought first to learn that there is a God and that he provides for all things; also that it is not possible to conceal from him our acts, or even our intentions and thoughts.",https://www.gutenberg.org/ebooks/10661,retained
epictetus-9032d637da8c,Epictetus,stoicism,Enchiridion,passage 20,George Long (1877),excerpt,judgment,"Take care then when you observe a man honored before others or possessed of great power or highly esteemed for any reason, not to suppose him happy, and be not carried away by the appearance.",https://www.gutenberg.org/ebooks/10661,retained
epictetus-71d0d10c3137,Epictetus,stoicism,Discourses,passage 37,George Long (1877),excerpt,agency,"Education is the learning how to adapt the natural præcognitions to the particular things conformably to nature; and then to distinguish that of things some are in our power, but others are not.",https://www.gutenberg.org/ebooks/10661,retained
epictetus-c92a78b95e47,Epictetus,stoicism,Discourses,passage 100,George Long (1877),excerpt,mortality,"In a different way something of the same kind is felt by those who listen to these discourses in a wrong manner; which was the case with one of my companions, who for no reason resolved to starve himself to death.",https://www.gutenberg.org/ebooks/10661,retained
epictetus-99620caa29aa,Epictetus,stoicism,Enchiridion,passage 40,George Long (1877),excerpt,desire,"As to pleasure with women, abstain as far as you can before marriage; but if you do indulge in it, do it in the way which is conformable to custom.",https://www.gutenberg.org/ebooks/10661,retained
epictetus-e00ff79ecd36,Epictetus,stoicism,Discourses,passage 83,George Long (1877),excerpt,judgment,"If then we shall not also put in practice right opinions, we shall be nothing more than the expositors of the opinions of others.",https://www.gutenberg.org/ebooks/10661,retained
epictetus-a04977123170,Epictetus,stoicism,Discourses,passage 138,George Long (1877),excerpt,character,The material for the wise and good man is his own ruling faculty: and the body is the material for the physician and the aliptes (the man who oils persons); the land is the matter for the husbandman.,https://www.gutenberg.org/ebooks/10661,retained
epictetus-097b11e1326f,Epictetus,stoicism,Discourses,passage 122,George Long (1877),excerpt,social,"If in externals, do not name them friends, no more than name them trustworthy or constant, or brave or free; do not name them even men, if you have any judgment.",https://www.gutenberg.org/ebooks/10661,retained
epictetus-2a8d27408e30,Epictetus,stoicism,Discourses,passage 200,George Long (1877),excerpt,attention,"To this matter before all you must attend, that you be never so closely connected with any of your former intimates or friends as to come down to the same acts as he does.",https://www.gutenberg.org/ebooks/10661,retained
epictetus-f660de0c50b0,Epictetus,stoicism,Discourses,passage 112,George Long (1877),excerpt,agency,"Be willing at length to be approved by yourself, be willing to appear beautiful to God, desire to be in purity with your own pure self and with God.",https://www.gutenberg.org/ebooks/10661,retained
epictetus-9819ab1d5a9a,Epictetus,stoicism,Discourses,passage 66,George Long (1877),excerpt,emotion,"No one then who is in a state of fear or sorrow or perturbation is free; but whoever is delivered from sorrows and fears and perturbations, he is at the same time also delivered from servitude.",https://www.gutenberg.org/ebooks/10661,retained
epictetus-250ad03656a7,Epictetus,stoicism,Discourses,passage 135,George Long (1877),excerpt,social,"The second concerns the movements towards an object and the movements from an object, and generally in doing what a man ought to do, that he may act according to order, to reason, and not carelessly.",https://www.gutenberg.org/ebooks/10661,retained
epictetus-8ca72d8caac8,Epictetus,stoicism,Discourses,passage 159,George Long (1877),excerpt,mortality,Practise sometimes a way of living like a person out of health that you may at some time live like a man in health.,https://www.gutenberg.org/ebooks/10661,retained
epictetus-b73c04178b99,Epictetus,stoicism,Discourses,passage 201,George Long (1877),excerpt,attention,"Attend therefore to the appearances of things, and watch over them; for that which you have to preserve is no small matter, but it is modesty and fidelity and constancy, freedom from the affects, a state of mind undisturbed, freedom from fear, tranquillity, in a word liberty.",https://www.gutenberg.org/ebooks/10661,retained
epictetus-9e8f04990695,Epictetus,stoicism,Discourses,passage 205,George Long (1877),excerpt,identity,"The wise and good man neither himself fights with any person, nor does he allow another, so far as he can prevent it.",https://www.gutenberg.org/ebooks/10661,retained
epictetus-368b1f4c1786,Epictetus,stoicism,Discourses,passage 109,George Long (1877),excerpt,habit,"Generally then if you would make anything a habit, do it; if you would not make it a habit, do not do it, but accustom yourself to do something else in place of it.",https://www.gutenberg.org/ebooks/10661,retained
epictetus-3422310f1a3b,Epictetus,stoicism,Discourses,passage 124,George Long (1877),excerpt,agency,"Every man will read a book with more pleasure or even with more ease, if it is written in fairer characters.",https://www.gutenberg.org/ebooks/10661,retained
epictetus-cad4b871e1f7,Epictetus,stoicism,Discourses,passage 189,George Long (1877),excerpt,learning,"Learn then first what are the things which are shameful, and then tell us that you are a philosopher: but at present do not, even if any other man calls you so, allow it.",https://www.gutenberg.org/ebooks/10661,retained
epictetus-8f6d38bae361,Epictetus,stoicism,Discourses,passage 208,George Long (1877),excerpt,acceptance,"Now this is the nature of every man to seek the good, to avoid the bad; to consider him who deprives us of the one and involves us in the other an enemy and treacherous, even if he be a brother, or a son, or a father.",https://www.gutenberg.org/ebooks/10661,retained
epictetus-4975b0452859,Epictetus,stoicism,Discourses,passage 8,George Long (1877),excerpt,character,"Now if virtue promises good fortune and tranquillity and happiness, certainly also the progress towards virtue is progress towards each of these things.",https://www.gutenberg.org/ebooks/10661,retained
epictetus-137dd44fde51,Epictetus,stoicism,Enchiridion,passage 2,George Long (1877),excerpt,desire,"If then you desire (aim at) such great things remember that you must not (attempt to) lay hold of them with a small effort; but you must leave alone some things entirely, and postpone others for the present.",https://www.gutenberg.org/ebooks/10661,retained
epictetus-8f3304f5c357,Epictetus,stoicism,Discourses,passage 204,George Long (1877),excerpt,mortality,"If you see anything which you have learned and inquired about occurring to you in your course of life (or opportunely applied by you to the acts of life), be delighted at it.",https://www.gutenberg.org/ebooks/10661,retained
epictetus-812e69716220,Epictetus,stoicism,Discourses,passage 4,George Long (1877),excerpt,judgment,See how the Lacedaemonians endure whipping when they have learned that whipping is consistent with reason.,https://www.gutenberg.org/ebooks/10661,retained
epictetus-92e484af050c,Epictetus,stoicism,Enchiridion,passage 63,George Long (1877),excerpt,attention,"Socrates in this way became perfect, in all things improving himself, attending to nothing except to reason.",https://www.gutenberg.org/ebooks/10661,retained
epictetus-440f0fce4f7f,Epictetus,stoicism,Discourses,passage 73,George Long (1877),excerpt,social,"If you consider yourself as detached from other men, it is according to nature to live to old age, to be rich, to be healthy.",https://www.gutenberg.org/ebooks/10661,retained
epictetus-0bc2edacea57,Epictetus,stoicism,Enchiridion,passage 34,George Long (1877),excerpt,agency,"Immediately prescribe some character and some form to yourself, which you shall observe both when you are alone and when you meet with men.",https://www.gutenberg.org/ebooks/10661,retained
epictetus-86428b80d7f0,Epictetus,stoicism,Discourses,passage 209,George Long (1877),excerpt,courage,Remembering this Socrates managed his own house and endured a very ill-tempered wife and a foolish (ungrateful?) son.,https://www.gutenberg.org/ebooks/10661,retained
epictetus-f2ed360a51cc,Epictetus,stoicism,Discourses,passage 114,George Long (1877),excerpt,duty,"Great is the combat, divine is the work; it is for kingship, for freedom, for happiness, for freedom from perturbation.",https://www.gutenberg.org/ebooks/10661,retained
epictetus-b5aafa06b4a6,Epictetus,stoicism,Discourses,passage 21,George Long (1877),excerpt,learning,"By no means; but to be instructed is this, to learn to wish that everything may happen as it does.",https://www.gutenberg.org/ebooks/10661,retained
epictetus-076a82a42652,Epictetus,stoicism,Discourses,passage 213,George Long (1877),excerpt,acceptance,"Because unless some one allows me to go in, I do not choose to go in, but am always content with that which happens; for I think that what God chooses is better than what I choose.",https://www.gutenberg.org/ebooks/10661,retained
epictetus-7e78a1c1e6ce,Epictetus,stoicism,Discourses,passage 183,George Long (1877),excerpt,emotion,"Cowardice is a word of bad omen, and meanness of spirit, and sorrow, and grief, and shamelessness.",https://www.gutenberg.org/ebooks/10661,retained
epictetus-cbc5951bb403,Epictetus,stoicism,Discourses,passage 40,George Long (1877),excerpt,adversity,"In my opinion no man has had a more profitable difficulty than you have had, if you choose to make use of it as an athlete would deal with a young antagonist.",https://www.gutenberg.org/ebooks/10661,retained
epictetus-35f553ecfb66,Epictetus,stoicism,Enchiridion,passage 14,George Long (1877),excerpt,identity,"Wish to be considered to know nothing; and if you shall seem to some to be a person of importance, distrust yourself.",https://www.gutenberg.org/ebooks/10661,retained
epictetus-293dd14faf1c,Epictetus,stoicism,Discourses,passage 43,George Long (1877),excerpt,desire,Keep by every means what is your own; do not desire what belongs to others.,https://www.gutenberg.org/ebooks/10661,retained
epictetus-10e81317703e,Epictetus,stoicism,Discourses,passage 52,George Long (1877),excerpt,judgment,"Whoever then clearly remembers this, that to man the measure of every act is the appearance (the opinion), whether the thing appears good or bad.",https://www.gutenberg.org/ebooks/10661,retained
epictetus-6de2f802ea1b,Epictetus,stoicism,Discourses,passage 65,George Long (1877),excerpt,mortality,"Confidence (courage) then ought to be employed against death, and caution against the fear of death.",https://www.gutenberg.org/ebooks/10661,retained
epictetus-e4957d35cd2f,Epictetus,stoicism,Discourses,passage 94,George Long (1877),excerpt,attention,"However, he has learned to strike the lowest chord and the highest; but what the praise of the many is, and what power it has in life, he neither knows nor has he thought about it.",https://www.gutenberg.org/ebooks/10661,retained
epictetus-58e4ff8e77ce,Epictetus,stoicism,Discourses,passage 10,George Long (1877),excerpt,reflection,"If I were talking to an athlete, I should say, Show me your shoulders; and then he might say, Here are my Halteres.",https://www.gutenberg.org/ebooks/10661,retained
epictetus-c8a2388f1a69,Epictetus,stoicism,Enchiridion,passage 7,George Long (1877),excerpt,courage,"If a horse when he is elated should say, I am beautiful, one might endure it.",https://www.gutenberg.org/ebooks/10661,retained
epictetus-2b58e73aa431,Epictetus,stoicism,Discourses,passage 145,George Long (1877),excerpt,duty,The substance of the hand is the flesh; but the work of the hand is the principal part (that which precedes and leads the rest).,https://www.gutenberg.org/ebooks/10661,retained
epictetus-60c7500ba1a5,Epictetus,stoicism,Discourses,passage 190,George Long (1877),excerpt,emotion,Lament then and groan and eat with fear that you may not have food to-morrow.,https://www.gutenberg.org/ebooks/10661,retained
epictetus-c36093a69acc,Epictetus,stoicism,Discourses,passage 180,George Long (1877),excerpt,social,"Let not that which in another is contrary to nature be an evil to you; for you are not formed by nature to be depressed with others nor to be unhappy with others, but to be happy with them.",https://www.gutenberg.org/ebooks/10661,retained
epictetus-0e0947e6b4fc,Epictetus,stoicism,Discourses,passage 101,George Long (1877),excerpt,agency,"Will you not act like a sick man and call in the physician?—I am sick, master, help me; consider what I must do: it is my duty to obey you.",https://www.gutenberg.org/ebooks/10661,retained
epictetus-0edd4d87e3d9,Epictetus,stoicism,Discourses,passage 103,George Long (1877),excerpt,reflection,"Give (name) to me one that I may see the man whom I have long been looking for, who is truly noble and ingenuous, whether young or old; name him.",https://www.gutenberg.org/ebooks/10661,retained
epictetus-0ecf71d2359f,Epictetus,stoicism,Discourses,passage 181,George Long (1877),excerpt,adversity,In this way every place may be the cause of misfortune to you.,https://www.gutenberg.org/ebooks/10661,retained
epictetus-f36bf4a5ddb2,Epictetus,stoicism,Discourses,passage 164,George Long (1877),excerpt,acceptance,"Man, consider first what the matter is (which you propose to do), then your own nature also, what it is able to bear.",https://www.gutenberg.org/ebooks/10661,retained
epictetus-f14c45bbb7de,Epictetus,stoicism,Discourses,passage 25,George Long (1877),excerpt,learning,"If it did (or if it were not, as I say), philosophy would be allowing something which is not within its province.",https://www.gutenberg.org/ebooks/10661,retained
epictetus-2fe093461333,Epictetus,stoicism,Discourses,passage 47,George Long (1877),excerpt,habit,"If it is habit which annoys us, we must try to seek aid against habit.",https://www.gutenberg.org/ebooks/10661,retained
epictetus-d8ca468d7869,Epictetus,stoicism,Discourses,passage 136,George Long (1877),excerpt,identity,"Wretch, you hear these very things with fear and anxiety that some person may despise you, and with inquiries about what any person may say about you.",https://www.gutenberg.org/ebooks/10661,retained
epictetus-05084bcc0ea1,Epictetus,stoicism,Enchiridion,passage 33,George Long (1877),excerpt,emotion,"Wherefore when we ought to share a friend’s danger, or that of our country, you must not consult the diviner whether you ought to share it.",https://www.gutenberg.org/ebooks/10661,retained
epictetus-c7cf6212fc65,Epictetus,stoicism,Enchiridion,passage 13,George Long (1877),excerpt,attention,"If you intend to improve, throw away such thoughts as these: if I neglect my affairs, I shall not have the means of living: unless I chastise my slave, he will be bad.",https://www.gutenberg.org/ebooks/10661,retained
epictetus-389dd0439c1a,Epictetus,stoicism,Discourses,passage 149,George Long (1877),excerpt,judgment,Learn my opinions: show me yours; and then say that you have visited me.,https://www.gutenberg.org/ebooks/10661,retained
epictetus-6eba719c2bda,Epictetus,stoicism,Discourses,passage 48,George Long (1877),excerpt,mortality,"Tell me where I can escape death; discover for me the country, show me the men to whom I must go, whom death does not visit.",https://www.gutenberg.org/ebooks/10661,retained
epictetus-2fe2164a452f,Epictetus,stoicism,Discourses,passage 127,George Long (1877),excerpt,reflection,"Man, you have forgotten your purpose: you were not travelling to this inn, but you were passing through it.",https://www.gutenberg.org/ebooks/10661,retained
epictetus-1f7f80b65dac,Epictetus,stoicism,Discourses,passage 116,George Long (1877),excerpt,agency,"No one then will confess that he is a fool or without understanding; but quite the contrary you will hear all men saying, I wish that I had fortune equal to my understanding.",https://www.gutenberg.org/ebooks/10661,retained
epictetus-09bb59cf5710,Epictetus,stoicism,Enchiridion,passage 28,George Long (1877),excerpt,acceptance,"As a mark is not set up for the purpose of missing the aim, so neither does the nature of evil exist in the world.",https://www.gutenberg.org/ebooks/10661,retained
epictetus-f7ac43cbaba4,Epictetus,stoicism,Discourses,passage 123,George Long (1877),excerpt,social,"If you cannot do this, yet you can do in all other respects as friends do, drink together, and lodge together, and sail together, and you may be born of the same parents, for snakes also are: but neither will they be friends, nor you, so long as you retain these bestial and cursed opinions.",https://www.gutenberg.org/ebooks/10661,retained
epictetus-539cd9dab679,Epictetus,stoicism,Discourses,passage 9,George Long (1877),excerpt,identity,"Such a person, says one, is already able to read Chrysippus by himself.",https://www.gutenberg.org/ebooks/10661,retained
epictetus-81fc74b10450,Epictetus,stoicism,Discourses,passage 161,George Long (1877),excerpt,judgment,Arrogance then is the opinion that you want nothing (are deficient in nothing); but distrust is the opinion that you cannot be happy when so many circumstances surround you.,https://www.gutenberg.org/ebooks/10661,retained
epictetus-913d105718de,Epictetus,stoicism,Discourses,passage 186,George Long (1877),excerpt,attention,"Having these things (or thoughts) always in hand, and exercising them by yourself, and keeping them in readiness, you will never be in want of one to comfort you and strengthen you.",https://www.gutenberg.org/ebooks/10661,retained
epictetus-04215b63ab91,Epictetus,stoicism,Discourses,passage 53,George Long (1877),excerpt,mortality,"Bodies of men are destroyed, and the bodies of oxen and sheep; the dwellings of men are burnt, and the nests of storks.",https://www.gutenberg.org/ebooks/10661,retained
epictetus-8b893fd9adbc,Epictetus,stoicism,Discourses,passage 137,George Long (1877),excerpt,agency,"Will you be considered a man of learning; have you read Chrysippus or Antipater? for if you have read Archedamus also, you have every thing (that you can desire).",https://www.gutenberg.org/ebooks/10661,retained
epictetus-6cd389c38edb,Epictetus,stoicism,Discourses,passage 139,George Long (1877),excerpt,reflection,Take this away also; it does not stand examination; cast it away; it is nothing to you.,https://www.gutenberg.org/ebooks/10661,retained
epictetus-199a2ce32a0a,Epictetus,stoicism,Discourses,passage 179,George Long (1877),excerpt,duty,"Wretched men, work out this, take care of this, seek for good here.",https://www.gutenberg.org/ebooks/10661,retained
epictetus-3d64d07f2c26,Epictetus,stoicism,Discourses,passage 97,George Long (1877),excerpt,learning,"Speak the truth, then, unhappy man, and do not brag, nor claim to be a philosopher, nor refuse to acknowledge your masters, but so long as you present this handle in your body, follow every man who is stronger than yourself.",https://www.gutenberg.org/ebooks/10661,retained
epictetus-3e63d8ae69f2,Epictetus,stoicism,Enchiridion,passage 16,George Long (1877),excerpt,desire,"Do not send your desire forward to it, but wait till it is opposite to you.",https://www.gutenberg.org/ebooks/10661,retained
epictetus-c82395ab8f47,Epictetus,stoicism,Discourses,passage 49,George Long (1877),excerpt,acceptance,"Because this is the nature of the understanding, to incline to the true, to be dissatisfied with the false, and in matters uncertain to withhold assent.",https://www.gutenberg.org/ebooks/10661,retained
epictetus-723ba124955b,Epictetus,stoicism,Enchiridion,passage 35,George Long (1877),excerpt,emotion,"If then you are able, bring over by your conversation, the conversation of your associates, to that which is proper; but if you should happen to be confined to the company of strangers, be silent.",https://www.gutenberg.org/ebooks/10661,retained
epictetus-0f63e37c461f,Epictetus,stoicism,Enchiridion,passage 46,George Long (1877),excerpt,habit,"Take care also not to provoke laughter; for this is a slippery way towards vulgar habits, and is also adapted to diminish the respect of your neighbors.",https://www.gutenberg.org/ebooks/10661,retained
epictetus-8c247822bbc3,Epictetus,stoicism,Discourses,passage 92,George Long (1877),excerpt,social,"Now this was the first and chief peculiarity of Socrates, never to be irritated in argument, never to utter anything abusive, anything insulting, but to bear with abusive persons and to put an end to the quarrel.",https://www.gutenberg.org/ebooks/10661,retained
epictetus-40cdfaf52bbe,Epictetus,stoicism,Discourses,passage 167,George Long (1877),excerpt,judgment,Do you also introduce other habits than those which you have; fix you opinions and exercise yourselves in them.,https://www.gutenberg.org/ebooks/10661,retained
epictetus-08e3b72f93ff,Epictetus,stoicism,Discourses,passage 17,George Long (1877),excerpt,agency,"Yet I will show to you that you have powers and means for greatness of soul and manliness; but what powers you have for finding fault making accusations, do you show me.",https://www.gutenberg.org/ebooks/10661,retained
epictetus-b1d99ac8c476,Epictetus,stoicism,Discourses,passage 152,George Long (1877),excerpt,reflection,"A man who has a fever may say: If I philosophize any longer, may I be hanged: wherever I go, I must take care of the poor body, that a fever may not come.",https://www.gutenberg.org/ebooks/10661,retained
epictetus-60bbcd98be09,Epictetus,stoicism,Discourses,passage 198,George Long (1877),excerpt,desire,"Because I do not consider the poor body to be my own, because I want nothing, because law is everything to me, and nothing else is.",https://www.gutenberg.org/ebooks/10661,retained
epictetus-d614b56ab4a6,Epictetus,stoicism,Discourses,passage 166,George Long (1877),excerpt,identity,"Such a person is bad, such a person is good; this was well done, this was done badly.",https://www.gutenberg.org/ebooks/10661,retained
epictetus-6905ea18508a,Epictetus,stoicism,Discourses,passage 184,George Long (1877),excerpt,attention,"If you be in Gyara, do not imagine the mode of living at Rome, and how many pleasures there were for him who lived there and how many there would be for him who returned to Rome; but fix your mind on this matter, how a man who lives in Gyara ought to live in Gyara like a man of courage.",https://www.gutenberg.org/ebooks/10661,retained
epictetus-c8ff8b9b78d3,Epictetus,stoicism,Discourses,passage 188,George Long (1877),excerpt,mortality,"Wretch, are you so blind, and don’t you see the road to which the want of necessaries leads?—Well, where does it lead?—to the same place to which a fever leads, or a stone that falls on you, to death.",https://www.gutenberg.org/ebooks/10661,retained
epictetus-c3da3268733b,Epictetus,stoicism,Discourses,passage 55,George Long (1877),excerpt,judgment,"If it does not admire (over-value) the materials; for the opinions about the materials, if the opinions are right, make the will good: but perverse and distorted opinions make the will bad.",https://www.gutenberg.org/ebooks/10661,retained
epictetus-3375ec1797ce,Epictetus,stoicism,Discourses,passage 216,George Long (1877),excerpt,agency,"If a great boar appear, you will fight a greater fight; if bad men appear, you will relieve the earth of the bad.",https://www.gutenberg.org/ebooks/10661,retained
epictetus-4b07d4d7240a,Epictetus,stoicism,Discourses,passage 174,George Long (1877),excerpt,reflection,"If it is, those must be happy who have been twice and thrice consuls; but they are not.",https://www.gutenberg.org/ebooks/10661,retained
epictetus-b9156fe8125e,Epictetus,stoicism,Discourses,passage 215,George Long (1877),excerpt,desire,"If you do not observe this rule, you must of necessity fail in your desires and fall into that which you would avoid.",https://www.gutenberg.org/ebooks/10661,retained
epictetus-0295a3fa90fe,Epictetus,stoicism,Discourses,passage 21,George Long (1877),excerpt,learning,"If it were not so, it would be of no value to know anything, if knowledge were adapted to every man’s whim.",https://www.gutenberg.org/ebooks/10661,retained
epictetus-5221342d0f59,Epictetus,stoicism,Enchiridion,passage 15,George Long (1877),excerpt,social,"Whoever then wishes to be free let him neither wish for anything nor avoid anything which depends on others: if he does not observe this rule, he must be a slave.",https://www.gutenberg.org/ebooks/10661,retained
epictetus-595e280f7de2,Epictetus,stoicism,Discourses,passage 31,George Long (1877),excerpt,identity,"No, but I have regard to myself; and if you wish me to say that I have regard to you also, I tell you that I have the same regard to you that I have to my pipkin.",https://www.gutenberg.org/ebooks/10661,retained
epictetus-c7fc4d05e7bd,Epictetus,stoicism,Discourses,passage 220,George Long (1877),excerpt,attention,"Do you not see that when you have let your mind loose, it is no longer in your power to recall it, either to propriety, or to modesty, or to moderation; but you do everything that comes into your mind in obedience to your inclinations.",https://www.gutenberg.org/ebooks/10661,retained
epictetus-12b47dce49a2,Epictetus,stoicism,Enchiridion,passage 6,George Long (1877),excerpt,mortality,"Men are disturbed not by the things which happen, but by the opinions about the things; for example, death is nothing terrible, for if it were it would have seemed so to Socrates; for the opinion about death that it is terrible, is the terrible thing.",https://www.gutenberg.org/ebooks/10661,retained
epictetus-3e2890d056c2,Epictetus,stoicism,Discourses,passage 98,George Long (1877),excerpt,duty,The work of a philosopher we conceive to be something like this.,https://www.gutenberg.org/ebooks/10661,retained
epictetus-bb5c267af33b,Epictetus,stoicism,Discourses,passage 206,George Long (1877),excerpt,acceptance,"Throw it away; it cannot be accepted, it is counterfeit.",https://www.gutenberg.org/ebooks/10661,retained
epictetus-828baeab3f2d,Epictetus,stoicism,Discourses,passage 27,George Long (1877),excerpt,agency,"If you say to me now that you want a fig, I will answer to you that it requires time: let it flower first, then put forth fruit, and then ripen.",https://www.gutenberg.org/ebooks/10661,retained
epictetus-86349560c78c,Epictetus,stoicism,Discourses,passage 178,George Long (1877),excerpt,reflection,"In truth a shepherd: for you weep as shepherds do, when a wolf has carried off one of their sheep: and these who are governed by you are sheep.",https://www.gutenberg.org/ebooks/10661,retained
epictetus-847468f2b1ec,Epictetus,stoicism,Enchiridion,passage 38,George Long (1877),excerpt,emotion,Avoid banquets which are given by strangers and by ignorant persons.,https://www.gutenberg.org/ebooks/10661,retained
epictetus-20bf9e0b6eed,Epictetus,stoicism,Discourses,passage 219,George Long (1877),excerpt,desire,"See, ye men, that I have nothing, that I want nothing; see how I am without a house, and without a city, and an exile, if it happens to be so, and without a hearth I live more free from trouble and more happily than all of noble birth and than the rich.",https://www.gutenberg.org/ebooks/10661,retained
epictetus-6e31dc70550a,Epictetus,stoicism,Discourses,passage 44,George Long (1877),excerpt,identity,"If I have set my admiration on the poor body, I have given myself up to be a slave; if on my poor possessions, I also make myself a slave.",https://www.gutenberg.org/ebooks/10661,retained
epictetus-37a56fad02dc,Epictetus,stoicism,Discourses,passage 54,George Long (1877),excerpt,social,Don’t suppose that I say so; but there is no difference in these matters (which I have mentioned).,https://www.gutenberg.org/ebooks/10661,retained
epictetus-0181375fc93d,Epictetus,stoicism,Discourses,passage 12,George Long (1877),excerpt,judgment,"If a man, said Epictetus, opposes evident truths, it is not easy to find arguments by which we shall make him change his opinion.",https://www.gutenberg.org/ebooks/10661,retained
epictetus-2ec7b2577de0,Epictetus,stoicism,Discourses,passage 108,George Long (1877),excerpt,learning,Because we wish to learn what we do not think that we know.,https://www.gutenberg.org/ebooks/10661,retained
epictetus-b31ceef642d6,Epictetus,stoicism,Enchiridion,passage 30,George Long (1877),excerpt,agency,"My man, first of all consider what kind of thing it is; and then examine your own nature, if you are able to sustain the character.",https://www.gutenberg.org/ebooks/10661,retained
epictetus-ad86b6d6b10b,Epictetus,stoicism,Discourses,passage 18,George Long (1877),excerpt,reflection,Allow us to depart to the place from which we came; allow us to be released at last from these bonds by which we are bound and weighed down.,https://www.gutenberg.org/ebooks/10661,retained
epictetus-fd6f347e3c19,Epictetus,stoicism,Discourses,passage 204,George Long (1877),excerpt,acceptance,"Remembering these rules, rejoice in that which is present, and be content with the things which come in season.",https://www.gutenberg.org/ebooks/10661,retained
seneca-7bb48e573384,Seneca,stoicism,Minor Dialogues and On Clemency,"The Twelfth Book Of The Dialogues 353 Of L. Annaeus Seneca, Addressed To Polybius. Of Consolation., ¶431",Aubrey Stewart (1889–1900),excerpt,social,"Far be it from every Roman to follow such an example, either to divert his mind from his grief by unreasonable amusements, to stimulate it by unseemly squalor and neglect, or to be so inhuman as to console himself by taking pleasure in the sufferings of others.",https://www.gutenberg.org/ebooks/64576,retained
seneca-3c660cbf67d4,Seneca,stoicism,On Benefits,"I., ¶140",Aubrey Stewart (1889–1900),excerpt,agency,"The ungrateful man thinks, ""I did wish to be grateful, but I fear the expense and danger and insults to which I should expose myself: I will rather consult my own interest."" Men cannot be rendered grateful and ungrateful by the same line of reasoning: their actions are as distinct as their purposes.",https://www.gutenberg.org/ebooks/3794,retained
seneca-168fb9238c1a,Seneca,stoicism,Minor Dialogues and On Clemency,"The Sixth Book Of The Dialogues 162 Of L. Annaeus Seneca, Addressed To Marcia. Of Consolation., ¶212",Aubrey Stewart (1889–1900),excerpt,judgment,"Some are guided by reason, others must be confronted with authority and the names of celebrated persons, whose brilliancy dazzles their mind and destroys their power of free judgment.",https://www.gutenberg.org/ebooks/64576,retained
seneca-f1865fc06eb1,Seneca,stoicism,Minor Dialogues and On Clemency,"The Tenth Book Of The Dialogues 288 Of L. Annaeus Seneca, Addressed To Paulinus. [1] Of The Shortness Of Life., ¶368",Aubrey Stewart (1889–1900),excerpt,mortality,"In this course of life there await you many good things, such as love and practice of the virtues, forgetfulness of passions, knowledge of how to live and die, deep repose.",https://www.gutenberg.org/ebooks/64576,retained
seneca-d465e0d6d7ab,Seneca,stoicism,Minor Dialogues and On Clemency,"The Third Book Of The Dialogues 48 Of L. Annaeus Seneca, Addressed To Novatus. Of Anger. Book I., ¶60",Aubrey Stewart (1889–1900),excerpt,desire,"If a good man takes no pleasure in punishment, he will also take no pleasure in that state of mind to which punishment gives pleasure: consequently anger is not natural to man.",https://www.gutenberg.org/ebooks/64576,retained
seneca-1c8fd068d06d,Seneca,stoicism,Minor Dialogues and On Clemency,"The Eleventh Book Of The Dialogues 320 Of L. Annaeus Seneca, Addressed To His Mother, Helvia. Of Consolation., ¶386",Aubrey Stewart (1889–1900),excerpt,adversity,"Lay aside lamentations and wailings, and all the usual noisy manifestations of female sorrow: you have gained nothing by so many misfortunes, if you have not learned how to suffer.",https://www.gutenberg.org/ebooks/64576,retained
seneca-28a3444a1ab2,Seneca,stoicism,Minor Dialogues and On Clemency,"The Fourth Book Of The Dialogues 76 Of L. Annaeus Seneca, Addressed To Novatus. Of Anger. Book Ii., ¶91",Aubrey Stewart (1889–1900),excerpt,attention,"None of these things which casually influence the mind deserve to be called passions: the mind, if I may so express it, rather suffers passions to act upon itself than forms them.",https://www.gutenberg.org/ebooks/64576,retained
seneca-115fc84621ad,Seneca,stoicism,Minor Dialogues and On Clemency,"The Fourth Book Of The Dialogues 76 Of L. Annaeus Seneca, Addressed To Novatus. Of Anger. Book Ii., ¶113",Aubrey Stewart (1889–1900),excerpt,mortality,"At dry times of life anger is violent and powerful, yet without increase, and adding little to itself, because as heat dies away cold takes its place.",https://www.gutenberg.org/ebooks/64576,retained
seneca-b0e50b2e72a7,Seneca,stoicism,Minor Dialogues and On Clemency,"The Ninth Book Of The Dialogues 250 Of L. Annaeus Seneca, Addressed To Serenus. Of Peace Of Mind., ¶325",Aubrey Stewart (1889–1900),excerpt,habit,"Knowing to what sorrows we were born, there is nothing for which Nature more deserves our thanks than for having invented habit as an alleviation of misfortune, which soon accustoms us to the severest evils.",https://www.gutenberg.org/ebooks/64576,retained
seneca-b423b66af928,Seneca,stoicism,Minor Dialogues and On Clemency,"The Twelfth Book Of The Dialogues 353 Of L. Annaeus Seneca, Addressed To Polybius. Of Consolation., ¶418",Aubrey Stewart (1889–1900),excerpt,acceptance,Nothing however will restrain your loving nature from these useless tears so effectually as the reflexion that you ought to show your brothers an example by bearing this outrage of fortune bravely.,https://www.gutenberg.org/ebooks/64576,retained
seneca-bf16881ec47a,Seneca,stoicism,Minor Dialogues and On Clemency,"The Fifth Book Of The Dialogues 115 Of L. Annaeus Seneca, Addressed To Novatus. Of Anger. Book Iii., ¶151",Aubrey Stewart (1889–1900),excerpt,social,"Other vices affect our judgment, anger affects our sanity: others come in mild attacks and grow unnoticed, but men’s minds plunge abruptly into anger.",https://www.gutenberg.org/ebooks/64576,retained
seneca-a1eb246e0fa5,Seneca,stoicism,Minor Dialogues and On Clemency,"The Fourth Book Of The Dialogues 76 Of L. Annaeus Seneca, Addressed To Novatus. Of Anger. Book Ii., ¶129",Aubrey Stewart (1889–1900),excerpt,agency,"A man must be either aged or weakly who runs when he wants to walk: let us think that those are the most powerful and the soundest operations of our minds, which act under our own control, not at their own caprice.",https://www.gutenberg.org/ebooks/64576,retained
seneca-981081b71405,Seneca,stoicism,Minor Dialogues and On Clemency,"text, ¶16",Aubrey Stewart (1889–1900),excerpt,mortality,"Let all time, let every place teach you, how simple it is to renounce nature, and to fling back her gifts to her: before the altar itself and during the solemn rites of sacrifice, while life is being prayed for, learn how to die.",https://www.gutenberg.org/ebooks/64576,retained
seneca-bba04262f5ce,Seneca,stoicism,On Benefits,"I., ¶136",Aubrey Stewart (1889–1900),excerpt,character,"Like all other virtues, the whole value of gratitude lies in the spirit in which it is done; so, if this man's purpose be loyal, any shortcomings on his part are due not to himself, but to fortune.",https://www.gutenberg.org/ebooks/3794,retained
seneca-023ff313644f,Seneca,stoicism,Minor Dialogues and On Clemency,"The Fifth Book Of The Dialogues 115 Of L. Annaeus Seneca, Addressed To Novatus. Of Anger. Book Iii., ¶155",Aubrey Stewart (1889–1900),excerpt,emotion,"Nothing is more ruinous than war: it is the outcome of powerful men’s anger; and even the anger of humble private persons, though without arms or armies, is nevertheless war.",https://www.gutenberg.org/ebooks/64576,retained
seneca-54e3ec998fb5,Seneca,stoicism,Minor Dialogues and On Clemency,"The Third Book Of The Dialogues 48 Of L. Annaeus Seneca, Addressed To Novatus. Of Anger. Book I., ¶61",Aubrey Stewart (1889–1900),excerpt,agency,"Some therefore consider it to be best to control anger, not to banish it utterly, but to cut off its extravagances, and force it to keep within useful bounds, so as to retain that part of it without which action will become languid and all strength and activity of mind will die away.",https://www.gutenberg.org/ebooks/64576,retained
seneca-b7cf9dd7e5c2,Seneca,stoicism,Minor Dialogues and On Clemency,"The Twelfth Book Of The Dialogues 353 Of L. Annaeus Seneca, Addressed To Polybius. Of Consolation., ¶425",Aubrey Stewart (1889–1900),excerpt,social,"Turn yourself away from these thoughts which torment you, and look rather at those numerous and powerful sources of consolation which you possess: look at your excellent brothers, look at your wife and your son.",https://www.gutenberg.org/ebooks/64576,retained
seneca-ffdce52f8323,Seneca,stoicism,Minor Dialogues and On Clemency,"The Eleventh Book Of The Dialogues 320 Of L. Annaeus Seneca, Addressed To His Mother, Helvia. Of Consolation., ¶391",Aubrey Stewart (1889–1900),excerpt,attention,"Be not surprised, then, if the human mind, which is formed from the same seeds as the heavenly bodies, delights in change and wandering, since the divine nature itself either takes pleasure in constant and exceeding swift motion or perhaps even preserves its existence thereby.",https://www.gutenberg.org/ebooks/64576,retained
seneca-fa139d56575c,Seneca,stoicism,Minor Dialogues and On Clemency,"The Fourth Book Of The Dialogues 76 Of L. Annaeus Seneca, Addressed To Novatus. Of Anger. Book Ii., ¶123",Aubrey Stewart (1889–1900),excerpt,emotion,"The greatest remedy for anger is delay: beg anger to grant you this at the first, not in order that it may pardon the offence, but that it may form a right judgment about it: if it delays, it will come to an end.",https://www.gutenberg.org/ebooks/64576,retained
seneca-5ed74be79798,Seneca,stoicism,Minor Dialogues and On Clemency,"The Fourth Book Of The Dialogues 76 Of L. Annaeus Seneca, Addressed To Novatus. Of Anger. Book Ii., ¶132",Aubrey Stewart (1889–1900),excerpt,desire,"Other passions gain a footing in the mind by slow degrees: anger’s conquest is sudden and complete, and, moreover, it makes all other passions subservient to itself.",https://www.gutenberg.org/ebooks/64576,retained
seneca-2f97425bb118,Seneca,stoicism,Minor Dialogues and On Clemency,"The Seventh Book Of The Dialogues 204 Of L. Annaeus Seneca, Addressed To Gallio. Of A Happy Life., ¶269",Aubrey Stewart (1889–1900),excerpt,character,"Too much pleasure is hurtful: but with virtue we need fear no excess of any kind, because moderation is contained in virtue herself.",https://www.gutenberg.org/ebooks/64576,retained
seneca-7374900960f3,Seneca,stoicism,Minor Dialogues and On Clemency,"The Tenth Book Of The Dialogues 288 Of L. Annaeus Seneca, Addressed To Paulinus. [1] Of The Shortness Of Life., ¶369",Aubrey Stewart (1889–1900),excerpt,mortality,"The law does not enrol a soldier after his fiftieth year, or require a senator’s attendance after his sixtieth: but men have more difficulty in obtaining their own consent than that of the law to a life of leisure.",https://www.gutenberg.org/ebooks/64576,retained
seneca-f9048305ff7f,Seneca,stoicism,On Benefits,"I., ¶120",Aubrey Stewart (1889–1900),excerpt,identity,"Whither-soever you turn yourself you will see him meeting you: nothing is void of him, he himself fills his own work.",https://www.gutenberg.org/ebooks/3794,retained
seneca-2dd68221ee76,Seneca,stoicism,Minor Dialogues and On Clemency,"text, ¶7",Aubrey Stewart (1889–1900),excerpt,courage,"Fortune lashes and mangles us: well, let us endure it: it is not cruelty, it is a struggle, in which the oftener we engage the braver we shall become.",https://www.gutenberg.org/ebooks/64576,retained
seneca-62b9d92b7f83,Seneca,stoicism,Minor Dialogues and On Clemency,"The Twelfth Book Of The Dialogues 353 Of L. Annaeus Seneca, Addressed To Polybius. Of Consolation., ¶428",Aubrey Stewart (1889–1900),excerpt,judgment,No one can be so devoid of feeling or of reason as to complain of Fortune’s having thrown him into mourning when he learns that she has coveted the tears of the Caesars themselves.,https://www.gutenberg.org/ebooks/64576,retained
seneca-d28d3632cb6c,Seneca,stoicism,On Benefits,"I., ¶131",Aubrey Stewart (1889–1900),excerpt,social,No one has ever so far rebelled against the laws of nature and put off human feeling as to act basely for mere amusement.,https://www.gutenberg.org/ebooks/3794,retained
seneca-5243e1320fff,Seneca,stoicism,On Benefits,"I., ¶288",Aubrey Stewart (1889–1900),excerpt,duty,"Some are prevented by difficulties, some by expense, and some by danger from returning your bounty; some are hindered by a false shame, because by returning it, they would confess that they had received it; with others ignorance of their duty, indolence, or excess of business, stands in the way.",https://www.gutenberg.org/ebooks/3794,retained
seneca-2ca5316dea54,Seneca,stoicism,On Benefits,"I., ¶241",Aubrey Stewart (1889–1900),excerpt,identity,"As you can bear yourself wisely both in doubtful, in prosperous, and in adverse circumstances, by showing prudence in doubtful cases, courage in misfortune, and self-restraint in good fortune, so in all circumstances you can make yourself useful to your friend.",https://www.gutenberg.org/ebooks/3794,retained
seneca-21ad13052488,Seneca,stoicism,Minor Dialogues and On Clemency,"The Fourth Book Of The Dialogues 76 Of L. Annaeus Seneca, Addressed To Novatus. Of Anger. Book Ii., ¶121",Aubrey Stewart (1889–1900),excerpt,adversity,"Suppose that we are being punished; let us think not only of what we suffer, but of what we have done: let us sit in judgement on our past life.",https://www.gutenberg.org/ebooks/64576,retained
seneca-a14abb98eee2,Seneca,stoicism,Minor Dialogues and On Clemency,"The Sixth Book Of The Dialogues 162 Of L. Annaeus Seneca, Addressed To Marcia. Of Consolation., ¶229",Aubrey Stewart (1889–1900),excerpt,acceptance,"Life is full of misfortunes; our path is beset with them: no one can make a long peace, nay, scarcely an armistice with fortune.",https://www.gutenberg.org/ebooks/64576,retained
seneca-b31f02cca542,Seneca,stoicism,On Benefits,"I., ¶21",Aubrey Stewart (1889–1900),excerpt,attention,"Since no impulse of the human mind can be approved of, even though it springs from a right feeling, unless it be made into a virtue by discretion, I forbid generosity to degenerate into extravagance.",https://www.gutenberg.org/ebooks/3794,retained
seneca-fda8b643764f,Seneca,stoicism,Minor Dialogues and On Clemency,"The Fifth Book Of The Dialogues 115 Of L. Annaeus Seneca, Addressed To Novatus. Of Anger. Book Iii., ¶168",Aubrey Stewart (1889–1900),excerpt,emotion,"Would to heaven that such savagery had contented itself with foreign examples, and that barbarity in anger and punishment had not been imported with other outlandish vices into our Roman manners!",https://www.gutenberg.org/ebooks/64576,retained
seneca-eff4a6e64aa2,Seneca,stoicism,Minor Dialogues and On Clemency,"The Fourth Book Of The Dialogues 76 Of L. Annaeus Seneca, Addressed To Novatus. Of Anger. Book Ii., ¶90",Aubrey Stewart (1889–1900),excerpt,desire,"All these are emotions of minds which are loth to be moved, and are not passions, but rudiments which may grow into passions.",https://www.gutenberg.org/ebooks/64576,retained
seneca-30781d9c342a,Seneca,stoicism,On Benefits,"I., ¶150",Aubrey Stewart (1889–1900),excerpt,agency,"Wait, do nothing that will not turn out well, form no opinion until you have searched but the truth, and your life will pass in absolute in action.",https://www.gutenberg.org/ebooks/3794,retained
seneca-b6c9dbd07664,Seneca,stoicism,Minor Dialogues and On Clemency,"The Third Book Of The Dialogues 48 Of L. Annaeus Seneca, Addressed To Novatus. Of Anger. Book I., ¶70",Aubrey Stewart (1889–1900),excerpt,social,"Nothing becomes one who inflicts punishment less than anger, because the punishment has all the more power to work reformation if the sentence be pronounced with deliberate judgment.",https://www.gutenberg.org/ebooks/64576,retained
seneca-802746aa14d6,Seneca,stoicism,Minor Dialogues and On Clemency,"The Fourth Book Of The Dialogues 76 Of L. Annaeus Seneca, Addressed To Novatus. Of Anger. Book Ii., ¶91",Aubrey Stewart (1889–1900),excerpt,judgment,"A man may think himself injured, may wish to avenge his wrongs, and then may be persuaded by some reason or other to give up his intention and calm down: I do not call that anger, it is an emotion of the mind which is under the control of reason.",https://www.gutenberg.org/ebooks/64576,retained
seneca-f368fa280b6a,Seneca,stoicism,Minor Dialogues and On Clemency,"The First Book Of The Dialogue Of L. Annaeus 380 Seneca, Addressed To Nero Caesar. On Clemency., ¶456",Aubrey Stewart (1889–1900),excerpt,identity,Of our movements few persons are aware; we can go forth and return home and change our dress without its being publicly known; but you are no more able to hide yourself than the sun.,https://www.gutenberg.org/ebooks/64576,retained
seneca-048c0efd7b59,Seneca,stoicism,Minor Dialogues and On Clemency,"The Second Book Of The Dialogue Of L. Annaeus 415 Seneca, Addressed To Nero Caesar. On Clemency., ¶496",Aubrey Stewart (1889–1900),excerpt,adversity,Pity considers a man’s misfortunes and does not consider to what they are due: mercy is combined with reason.,https://www.gutenberg.org/ebooks/64576,retained
seneca-9869eaeb81fc,Seneca,stoicism,On Benefits,"I., ¶224",Aubrey Stewart (1889–1900),excerpt,attention,"Surely if he, who may at any moment change his mind, can be said to wish, we must not deny the existence of will in a being whose nature does not admit of change of mind.",https://www.gutenberg.org/ebooks/3794,retained
seneca-cef65467b000,Seneca,stoicism,Minor Dialogues and On Clemency,"The Fifth Book Of The Dialogues 115 Of L. Annaeus Seneca, Addressed To Novatus. Of Anger. Book Iii., ¶193",Aubrey Stewart (1889–1900),excerpt,emotion,"Anger tramples self-restraint underfoot, steeps its hands in slaughter, scatters abroad the limbs of its children: it leaves no place unsoiled by crime, it has no thoughts of glory, no fears of disgrace, and when once anger has hardened into hatred, no amendment is possible.",https://www.gutenberg.org/ebooks/64576,retained
seneca-afcdc177941d,Seneca,stoicism,Minor Dialogues and On Clemency,"The Twelfth Book Of The Dialogues 353 Of L. Annaeus Seneca, Addressed To Polybius. Of Consolation., ¶429",Aubrey Stewart (1889–1900),excerpt,desire,"O wanton Fortune, what sport you make for yourself out of human sorrows!",https://www.gutenberg.org/ebooks/64576,retained
seneca-9d62ec8c944b,Seneca,stoicism,On Benefits,"I., ¶69",Aubrey Stewart (1889–1900),excerpt,mortality,"In short, repayment requires gratitude, time, opportunity, and the help of fortune; whereas, he who remembers a benefit is grateful for it, and that too without expenditure.",https://www.gutenberg.org/ebooks/3794,retained
seneca-762dec234b5a,Seneca,stoicism,On Benefits,"I., ¶278",Aubrey Stewart (1889–1900),excerpt,agency,"If his health was altogether despaired of, I would by the same act bestow a benefit on all men and return one to him; seeing that for such characters death is the only remedy, and that he who never will return to himself, had best leave himself.",https://www.gutenberg.org/ebooks/3794,retained
seneca-d6f944bb95a2,Seneca,stoicism,On Benefits,"I., ¶2",Aubrey Stewart (1889–1900),excerpt,learning,"A benefit is received in the same temper in which it is given, and ought not, therefore, to be given carelessly, for a man thanks himself for that which he receives without the knowledge of the giver.",https://www.gutenberg.org/ebooks/3794,retained
seneca-0afbe346c5a2,Seneca,stoicism,Minor Dialogues and On Clemency,"The Ninth Book Of The Dialogues 250 Of L. Annaeus Seneca, Addressed To Serenus. Of Peace Of Mind., ¶314",Aubrey Stewart (1889–1900),excerpt,habit,"Such men, Serenus, are not unhealthy, but they are not accustomed to being healthy; just as even a quiet sea or lake nevertheless displays a certain amount of ripple when its waters are subsiding after a storm.",https://www.gutenberg.org/ebooks/64576,retained
seneca-5d6a145ece1f,Seneca,stoicism,Minor Dialogues and On Clemency,"The Tenth Book Of The Dialogues 288 Of L. Annaeus Seneca, Addressed To Paulinus. [1] Of The Shortness Of Life., ¶354",Aubrey Stewart (1889–1900),excerpt,duty,No man knows less about living than a business man: there is nothing about which it is more difficult to gain knowledge.,https://www.gutenberg.org/ebooks/64576,retained
seneca-656bd61d91fc,Seneca,stoicism,On Benefits,"I., ¶112",Aubrey Stewart (1889–1900),excerpt,character,"Without virtue I disapprove of and condemn the very pleasures which I pursue, and to which I have surrendered myself.",https://www.gutenberg.org/ebooks/3794,retained
seneca-451593a12d33,Seneca,stoicism,On Benefits,"I., ¶122",Aubrey Stewart (1889–1900),excerpt,judgment,"Nothing ought to be done without a reason: a benefit is not truly so, if it be bestowed without a reason, since reason accompanies all honorable action.",https://www.gutenberg.org/ebooks/3794,retained
seneca-81136bc8ae6f,Seneca,stoicism,Minor Dialogues and On Clemency,"The Fourth Book Of The Dialogues 76 Of L. Annaeus Seneca, Addressed To Novatus. Of Anger. Book Ii., ¶122",Aubrey Stewart (1889–1900),excerpt,identity,Some one will be said to have spoken ill of you: think whether you did not first speak ill of him: think of how many persons you have yourself spoken ill.,https://www.gutenberg.org/ebooks/64576,retained
seneca-8d72e4a3d17d,Seneca,stoicism,Minor Dialogues and On Clemency,"The Sixth Book Of The Dialogues 162 Of L. Annaeus Seneca, Addressed To Marcia. Of Consolation., ¶234",Aubrey Stewart (1889–1900),excerpt,adversity,Death is a release from and an end of all pains: beyond it our sufferings cannot extend: it restores us to the peaceful rest in which we lay before we were born.,https://www.gutenberg.org/ebooks/64576,retained
seneca-258e81b4d7c2,Seneca,stoicism,On Benefits,"I., ¶23",Aubrey Stewart (1889–1900),excerpt,attention,"If we do not succeed in anticipating our friends, let us at any rate cut them short when they ask us for anything, so that we may appear to be reminded of what we meant to do, rather than to have been asked to do it.",https://www.gutenberg.org/ebooks/3794,retained
seneca-a926a8bc8602,Seneca,stoicism,Minor Dialogues and On Clemency,"The Third Book Of The Dialogues 48 Of L. Annaeus Seneca, Addressed To Novatus. Of Anger. Book I., ¶65",Aubrey Stewart (1889–1900),excerpt,emotion,"The mind can find no safe repose there, it must needs be shaken and tempest-tossed if it be safe only because of its own defects, if it cannot be brave without anger, diligent without greed, quiet without fear: such is the despotism under which a man must live if he becomes the slave of a passion.",https://www.gutenberg.org/ebooks/64576,retained
seneca-bbbfdca2fb21,Seneca,stoicism,Minor Dialogues and On Clemency,"The Fifth Book Of The Dialogues 115 Of L. Annaeus Seneca, Addressed To Novatus. Of Anger. Book Iii., ¶158",Aubrey Stewart (1889–1900),excerpt,social,"A drunkard leads even those who reproach him to grow fond of wine: profligate society will, if permitted, impair the morals even of robust-minded men: avarice infects those nearest it with its poison.",https://www.gutenberg.org/ebooks/64576,retained
seneca-17bfc8199cfd,Seneca,stoicism,Minor Dialogues and On Clemency,"The Sixth Book Of The Dialogues 162 Of L. Annaeus Seneca, Addressed To Marcia. Of Consolation., ¶227",Aubrey Stewart (1889–1900),excerpt,mortality,"Lucius Bibulus, a man more remarkable for goodness than for strength of character, had both his sons murdered at the same time, and even insulted by the Egyptian soldiery, so that the agent of his bereavement was as much a subject for tears as the bereavement itself.",https://www.gutenberg.org/ebooks/64576,retained
seneca-ff378a1209b2,Seneca,stoicism,Minor Dialogues and On Clemency,"The Eleventh Book Of The Dialogues 320 Of L. Annaeus Seneca, Addressed To His Mother, Helvia. Of Consolation., ¶404",Aubrey Stewart (1889–1900),excerpt,agency,"If, however, I rightly understand the wisdom of that most perfect woman, she will not suffer you to waste your life in unprofitable mourning, and will tell you what happened in her own instance, which I myself witnessed.",https://www.gutenberg.org/ebooks/64576,retained
seneca-b84d7abc8c74,Seneca,stoicism,Minor Dialogues and On Clemency,"The Eleventh Book Of The Dialogues 320 Of L. Annaeus Seneca, Addressed To His Mother, Helvia. Of Consolation., ¶402",Aubrey Stewart (1889–1900),excerpt,learning,"Philosophy is your most trustworthy guardian, and it alone can save you from the attacks of Fortune.",https://www.gutenberg.org/ebooks/64576,retained
seneca-7399f6f6c7ce,Seneca,stoicism,Minor Dialogues and On Clemency,"The Sixth Book Of The Dialogues 162 Of L. Annaeus Seneca, Addressed To Marcia. Of Consolation., ¶215",Aubrey Stewart (1889–1900),excerpt,courage,"Wherefore endure to listen to, nay, encourage conversation of which he is the subject, and let your ears be open to the name and memory of your son.",https://www.gutenberg.org/ebooks/64576,retained
seneca-0fb9ae45c761,Seneca,stoicism,Minor Dialogues and On Clemency,"The Third Book Of The Dialogues 48 Of L. Annaeus Seneca, Addressed To Novatus. Of Anger. Book I., ¶53",Aubrey Stewart (1889–1900),excerpt,habit,See deserts extending for many miles without an inhabitant: they have been desolated by anger.,https://www.gutenberg.org/ebooks/64576,retained
seneca-b51c03d0f362,Seneca,stoicism,Minor Dialogues and On Clemency,"The Twelfth Book Of The Dialogues 353 Of L. Annaeus Seneca, Addressed To Polybius. Of Consolation., ¶420",Aubrey Stewart (1889–1900),excerpt,duty,"Even Caesar, who may do all things, may not do many things for this very reason: his watchfulness protects all men’s sleep, his labour guarantees their leisure, his toil ensures their pleasures, his work preserves their holidays.",https://www.gutenberg.org/ebooks/64576,retained
seneca-d259e838bc9b,Seneca,stoicism,Minor Dialogues and On Clemency,"The First Book Of The Dialogue Of L. Annaeus 380 Seneca, Addressed To Nero Caesar. On Clemency., ¶453",Aubrey Stewart (1889–1900),excerpt,character,"Yet this virtue of magnanimity occupies a wider room in prosperity, and shows to greater advantage on the judgment seat than on the floor of the court.",https://www.gutenberg.org/ebooks/64576,retained
seneca-c85dd9d679d6,Seneca,stoicism,On Benefits,"I., ¶65",Aubrey Stewart (1889–1900),excerpt,judgment,"In the next place, a benefit is not repaid in the same manner as a loan: you have no reason for expecting me to offer you any payment; the account between us depends upon the feelings alone.",https://www.gutenberg.org/ebooks/3794,retained
seneca-00ed10c226bb,Seneca,stoicism,Minor Dialogues and On Clemency,"The Third Book Of The Dialogues 48 Of L. Annaeus Seneca, Addressed To Novatus. Of Anger. Book I., ¶72",Aubrey Stewart (1889–1900),excerpt,desire,"Aristotle says that “certain passions, if one makes a proper use of them, act as arms”: which would be true if, like weapons of war, they could be taken up or laid aside at the pleasure of their wielder.",https://www.gutenberg.org/ebooks/64576,retained
seneca-44243d52102a,Seneca,stoicism,Minor Dialogues and On Clemency,"The Fourth Book Of The Dialogues 76 Of L. Annaeus Seneca, Addressed To Novatus. Of Anger. Book Ii., ¶104",Aubrey Stewart (1889–1900),excerpt,attention,"There are a thousand other instances in which application has conquered all obstacles, and proved that nothing which the mind has set itself to endure is difficult.",https://www.gutenberg.org/ebooks/64576,retained
seneca-651389f7d6ad,Seneca,stoicism,Minor Dialogues and On Clemency,"The Sixth Book Of The Dialogues 162 Of L. Annaeus Seneca, Addressed To Marcia. Of Consolation., ¶239",Aubrey Stewart (1889–1900),excerpt,social,"Nothing is so deceptive, nothing is so treacherous as human life; by Hercules, were it not given to men before they could form an opinion, no one would take it.",https://www.gutenberg.org/ebooks/64576,retained
seneca-b93d88e40827,Seneca,stoicism,Minor Dialogues and On Clemency,"The Twelfth Book Of The Dialogues 353 Of L. Annaeus Seneca, Addressed To Polybius. Of Consolation., ¶413",Aubrey Stewart (1889–1900),excerpt,mortality,"Some threaten the world with death, and, though you may think the thought to be impious, this entire universe, containing gods and men and all their works will some day be swept away and plunged a second time into its original darkness and chaos.",https://www.gutenberg.org/ebooks/64576,retained
seneca-fac114c1070e,Seneca,stoicism,Minor Dialogues and On Clemency,"The Fourth Book Of The Dialogues 76 Of L. Annaeus Seneca, Addressed To Novatus. Of Anger. Book Ii., ¶105",Aubrey Stewart (1889–1900),excerpt,agency,"The evils from which we suffer are curable, and since we were born with a natural bias towards good, nature herself will help us if we try to amend our lives.",https://www.gutenberg.org/ebooks/64576,retained
seneca-7ed98e9755ba,Seneca,stoicism,On Benefits,"I., ¶62",Aubrey Stewart (1889–1900),excerpt,acceptance,"If this be not true, then this best of deeds has this worst of conditions attached to it, that it depends entirely upon fortune whether I am grateful or not, for if my fortune is adverse I can make no repayment.",https://www.gutenberg.org/ebooks/3794,retained
seneca-7041f86ff9f8,Seneca,stoicism,On Benefits,"I., ¶219",Aubrey Stewart (1889–1900),excerpt,adversity,"Shortly afterwards, seeing the ferryman take one person after another across the river with the same pains, and without charging anything, Plato declared that the ferryman had not laid him under an obligation.",https://www.gutenberg.org/ebooks/3794,retained
seneca-c39ae6d54621,Seneca,stoicism,Minor Dialogues and On Clemency,"The Third Book Of The Dialogues 48 Of L. Annaeus Seneca, Addressed To Novatus. Of Anger. Book I., ¶66",Aubrey Stewart (1889–1900),excerpt,identity,"The most trustworthy virtue is that which long and carefully considers itself, controls itself, and slowly and deliberately brings itself to the front.",https://www.gutenberg.org/ebooks/64576,retained
seneca-c15b697bc122,Seneca,stoicism,Minor Dialogues and On Clemency,"text, ¶30",Aubrey Stewart (1889–1900),excerpt,character,"Virtue is free, inviolable, not to be moved, not to be shaken, and so hardened against misfortunes that she cannot be bent, let alone overcome by them.",https://www.gutenberg.org/ebooks/64576,retained
seneca-9c09827b9099,Seneca,stoicism,On Benefits,"I., ¶83",Aubrey Stewart (1889–1900),excerpt,judgment,"Divorce was only dreaded as long as it was unusual; now that no gazette appears without it, women learn to do what they hear so much about.",https://www.gutenberg.org/ebooks/3794,retained
seneca-1df25e624e4c,Seneca,stoicism,Minor Dialogues and On Clemency,"The Twelfth Book Of The Dialogues 353 Of L. Annaeus Seneca, Addressed To Polybius. Of Consolation., ¶432",Aubrey Stewart (1889–1900),excerpt,attention,"Now, therefore, immerse yourself even more deeply in your studies, now surround your mind with them like fortifications, so that grief may not find any place at which it can gain entrance.",https://www.gutenberg.org/ebooks/64576,retained
seneca-747cd6a61836,Seneca,stoicism,On Benefits,"I., ¶87",Aubrey Stewart (1889–1900),excerpt,courage,"A slave can be just, brave, magnanimous; he can therefore bestow a benefit, for this is also the part of a virtuous man.",https://www.gutenberg.org/ebooks/3794,retained
seneca-5c2b3c08a406,Seneca,stoicism,Minor Dialogues and On Clemency,"The Fourth Book Of The Dialogues 76 Of L. Annaeus Seneca, Addressed To Novatus. Of Anger. Book Ii., ¶128",Aubrey Stewart (1889–1900),excerpt,learning,"One of the lessons which Sulla’s cruelty teaches us is not to be angry with the children of our enemies, whether they be public or private; for he drove the sons of the proscribed into exile.",https://www.gutenberg.org/ebooks/64576,retained
seneca-cbb367b28e73,Seneca,stoicism,Minor Dialogues and On Clemency,"The Fourth Book Of The Dialogues 76 Of L. Annaeus Seneca, Addressed To Novatus. Of Anger. Book Ii., ¶92",Aubrey Stewart (1889–1900),excerpt,agency,"Reason is unable to overcome these habits, which perhaps might be weakened by practice and constant watchfulness: they differ from an emotion which is brought into existence and brought to an end by a deliberate mental act.",https://www.gutenberg.org/ebooks/64576,retained
seneca-cdba026c0d53,Seneca,stoicism,On Benefits,"I., ¶196",Aubrey Stewart (1889–1900),excerpt,duty,"If we lived among wise men, it would be our duty to wait in silence until our benefits were returned.",https://www.gutenberg.org/ebooks/3794,retained
seneca-4fc905e65ee6,Seneca,stoicism,Minor Dialogues and On Clemency,"The Ninth Book Of The Dialogues 250 Of L. Annaeus Seneca, Addressed To Serenus. Of Peace Of Mind., ¶329",Aubrey Stewart (1889–1900),excerpt,habit,"From this evil habit comes that worst of all vices, talebearing and prying into public and private secrets, and the knowledge of many things which it is neither safe to tell nor safe to listen to.",https://www.gutenberg.org/ebooks/64576,retained
seneca-bed56ce22251,Seneca,stoicism,On Benefits,"I., ¶234",Aubrey Stewart (1889–1900),excerpt,desire,There is no one so highly placed by fortune as not to want a friend all the more because he wants nothing.,https://www.gutenberg.org/ebooks/3794,retained
seneca-cfdbdb49b8ef,Seneca,stoicism,Minor Dialogues and On Clemency,"The Eighth Book Of The Dialogues 240 Of L. Annaeus Seneca, Addressed To Serenus. Of Leisure., ¶308",Aubrey Stewart (1889–1900),excerpt,adversity,"Of course it does, since Epicurus himself says that at times he would abandon pleasure and actually seek for pain, if he became likely to be surfeited with pleasure, or if he thought that by enduring a slight pain he might avoid a greater one.",https://www.gutenberg.org/ebooks/64576,retained
seneca-def12b1937b7,Seneca,stoicism,Minor Dialogues and On Clemency,"The Fifth Book Of The Dialogues 115 Of L. Annaeus Seneca, Addressed To Novatus. Of Anger. Book Iii., ¶166",Aubrey Stewart (1889–1900),excerpt,emotion,"All is lost when a man’s position enables him to carry out whatever anger prompts him to do; nor can power long endure if it be exercised to the injury of many, for it becomes endangered as soon as common fear draws together those who bewail themselves separately.",https://www.gutenberg.org/ebooks/64576,retained
seneca-08a7bbef09c5,Seneca,stoicism,Minor Dialogues and On Clemency,"text, ¶2",Aubrey Stewart (1889–1900),excerpt,identity,"Begin, my soul, the work which thou so long hast contemplated, snatch thyself away from the world of man.",https://www.gutenberg.org/ebooks/64576,retained
seneca-df4206bf4dd1,Seneca,stoicism,Minor Dialogues and On Clemency,"The Third Book Of The Dialogues 48 Of L. Annaeus Seneca, Addressed To Novatus. Of Anger. Book I., ¶52",Aubrey Stewart (1889–1900),excerpt,judgment,"Other vices can be concealed and cherished in secret; anger shows itself openly and appears in the countenance, and the greater it is, the more plainly it boils forth.",https://www.gutenberg.org/ebooks/64576,retained
seneca-31b4051514c1,Seneca,stoicism,On Benefits,"I., ¶178",Aubrey Stewart (1889–1900),excerpt,mortality,"Reflect that length of time is not the greatest of blessings; make the best of your time, however short it may be; even if the day of your death be postponed, your happiness will not be increased, for life is merely made longer, not pleasanter, by delay.",https://www.gutenberg.org/ebooks/3794,retained
seneca-3d43f1fd6e3a,Seneca,stoicism,Minor Dialogues and On Clemency,"The Fourth Book Of The Dialogues 76 Of L. Annaeus Seneca, Addressed To Novatus. Of Anger. Book Ii., ¶100",Aubrey Stewart (1889–1900),excerpt,social,"Among the other misfortunes of humanity is this, that men’s intellects are confused, and they not only cannot help going wrong, but love to go wrong.",https://www.gutenberg.org/ebooks/64576,retained
seneca-0d56312d080b,Seneca,stoicism,On Benefits,"I., ¶143",Aubrey Stewart (1889–1900),excerpt,acceptance,"A fool possesses all vices, but he is not equally inclined by nature to all; one is prone to avarice, another to luxury, and another to insolence.",https://www.gutenberg.org/ebooks/3794,retained
seneca-2ffcd5bf8300,Seneca,stoicism,Minor Dialogues and On Clemency,"The Eighth Book Of The Dialogues 240 Of L. Annaeus Seneca, Addressed To Serenus. Of Leisure., ¶309",Aubrey Stewart (1889–1900),excerpt,courage,"Add to this that, according to the doctrine of Chrysippus, a man may live at leisure: I do not say that he ought to endure leisure, but that he ought to choose it.",https://www.gutenberg.org/ebooks/64576,retained
seneca-0607fdc23de2,Seneca,stoicism,Minor Dialogues and On Clemency,"The Seventh Book Of The Dialogues 204 Of L. Annaeus Seneca, Addressed To Gallio. Of A Happy Life., ¶287",Aubrey Stewart (1889–1900),excerpt,learning,"Cease, then, forbidding philosophers to possess money: no one has condemned wisdom to poverty.",https://www.gutenberg.org/ebooks/64576,retained
seneca-73b9072b0233,Seneca,stoicism,Minor Dialogues and On Clemency,"The Sixth Book Of The Dialogues 162 Of L. Annaeus Seneca, Addressed To Marcia. Of Consolation., ¶211",Aubrey Stewart (1889–1900),excerpt,agency,"Even time itself, nature’s greatest remedy, which quiets the most bitter grief, loses its power with you alone.",https://www.gutenberg.org/ebooks/64576,retained
seneca-1e3e653aea40,Seneca,stoicism,On Benefits,"I., ¶226",Aubrey Stewart (1889–1900),excerpt,duty,"Nature conceived the idea of us before she formed us, and, indeed, we are no such trifling piece of work as could have fallen from her hands unheeded.",https://www.gutenberg.org/ebooks/3794,retained
seneca-38d5dd4bde35,Seneca,stoicism,Minor Dialogues and On Clemency,"The Second Book Of The Dialogue Of L. Annaeus 415 Seneca, Addressed To Nero Caesar. On Clemency., ¶494",Aubrey Stewart (1889–1900),excerpt,character,The unlearned think that its opposite is strictness: but no virtue is the opposite of another virtue.,https://www.gutenberg.org/ebooks/64576,retained
seneca-77199565f0fd,Seneca,stoicism,Minor Dialogues and On Clemency,"The Fifth Book Of The Dialogues 115 Of L. Annaeus Seneca, Addressed To Novatus. Of Anger. Book Iii., ¶179",Aubrey Stewart (1889–1900),excerpt,emotion,"Anger makes many men cripples, or invalids, even when it meets with an unresisting victim: and besides this, no creature is so weak that it can be destroyed without any danger to its destroyer: sometimes grief, sometimes chance, puts the weakest on a level with the strongest.",https://www.gutenberg.org/ebooks/64576,retained
seneca-29c2e5485bde,Seneca,stoicism,Minor Dialogues and On Clemency,"text, ¶4",Aubrey Stewart (1889–1900),excerpt,adversity,"To this I shall add, that misfortunes proceed thus by destiny, and that they befall good men by the same law which makes them good.",https://www.gutenberg.org/ebooks/64576,retained
seneca-7e6ce42d779e,Seneca,stoicism,On Benefits,"I., ¶206",Aubrey Stewart (1889–1900),excerpt,attention,"Both this question, and any other of the like character which may be raised, can easily be settled if in each case we bear in mind that, for anything to be a benefit, it must reach us in the first place through some thought, and secondly through the thought of a friend and well-wisher.",https://www.gutenberg.org/ebooks/3794,retained
seneca-bdd239a71c73,Seneca,stoicism,Minor Dialogues and On Clemency,"The Tenth Book Of The Dialogues 288 Of L. Annaeus Seneca, Addressed To Paulinus. [1] Of The Shortness Of Life., ¶365",Aubrey Stewart (1889–1900),excerpt,mortality,"How can the nights for which men pay so dear fail to appear of the shortest? they lose the day in looking forward to the night, and lose the night through fear of the dawn.",https://www.gutenberg.org/ebooks/64576,retained
seneca-284db418abcf,Seneca,stoicism,On Benefits,"I., ¶214",Aubrey Stewart (1889–1900),excerpt,acceptance,"By so doing you do something for my sake, in that you grant me the chance of being ransomed; I owe to fortune that my name was drawn, all I owe to you is that my name could be drawn.",https://www.gutenberg.org/ebooks/3794,retained
seneca-855fb315a4c5,Seneca,stoicism,Minor Dialogues and On Clemency,"The Fifth Book Of The Dialogues 115 Of L. Annaeus Seneca, Addressed To Novatus. Of Anger. Book Iii., ¶187",Aubrey Stewart (1889–1900),excerpt,courage,"All our senses should be educated into strength: they are naturally able to endure much, provided that the spirit forbears to spoil them.",https://www.gutenberg.org/ebooks/64576,retained
seneca-39fe0a01671f,Seneca,stoicism,Minor Dialogues and On Clemency,"The Third Book Of The Dialogues 48 Of L. Annaeus Seneca, Addressed To Novatus. Of Anger. Book I., ¶71",Aubrey Stewart (1889–1900),excerpt,agency,"Wretched man! you have long sought to die; we will do you good service, we will take away that madness from which you suffer, and to you who have so long lived a misery to yourself and to others, we will give the only good thing which remains, that is, death.",https://www.gutenberg.org/ebooks/64576,retained
seneca-fd979e8b8845,Seneca,stoicism,On Benefits,"I., ¶274",Aubrey Stewart (1889–1900),excerpt,duty,"With regard to the latter, there is no doubt that it is my duty to repay it whether my friend turns out to be a murderer, a thief, or an adulterer.",https://www.gutenberg.org/ebooks/3794,retained
seneca-1ccd7465b024,Seneca,stoicism,On Benefits,"I., ¶269",Aubrey Stewart (1889–1900),excerpt,desire,"leave off disturbing yourself; I have received from you all that I wish; you wrong me, if you suppose that I want anything further; you have fully repaid me in intention.",https://www.gutenberg.org/ebooks/3794,retained
seneca-425826484786,Seneca,stoicism,Minor Dialogues and On Clemency,"The Fifth Book Of The Dialogues 115 Of L. Annaeus Seneca, Addressed To Novatus. Of Anger. Book Iii., ¶163",Aubrey Stewart (1889–1900),excerpt,identity,"Fight hard with yourself and if you cannot conquer anger, do not let it conquer you: you have begun to get the better of it if it does not show itself, if it is not given vent.",https://www.gutenberg.org/ebooks/64576,retained
seneca-f6f664f188b3,Seneca,stoicism,Minor Dialogues and On Clemency,"The Second Book Of The Dialogue Of L. Annaeus 415 Seneca, Addressed To Nero Caesar. On Clemency., ¶495",Aubrey Stewart (1889–1900),excerpt,character,"At this point it is useful to inquire into what pity is; for many praise it as a virtue, and say that a good man is full of pity.",https://www.gutenberg.org/ebooks/64576,retained
seneca-64eeb3ac3241,Seneca,stoicism,Minor Dialogues and On Clemency,"The Ninth Book Of The Dialogues 250 Of L. Annaeus Seneca, Addressed To Serenus. Of Peace Of Mind., ¶318",Aubrey Stewart (1889–1900),excerpt,emotion,"Is it dangerous for him even to enter the forum? then let him prove himself a good comrade, a faithful friend, a sober guest in people’s houses, at public shows, and at wine-parties.",https://www.gutenberg.org/ebooks/64576,retained
seneca-8e49f2b9c8d1,Seneca,stoicism,Minor Dialogues and On Clemency,"The Seventh Book Of The Dialogues 204 Of L. Annaeus Seneca, Addressed To Gallio. Of A Happy Life., ¶268",Aubrey Stewart (1889–1900),excerpt,judgment,"The reason why that praise which your school lavishes upon pleasure is so hurtful, is because the honourable part of its teaching passes unnoticed, but the degrading part is seen by all.",https://www.gutenberg.org/ebooks/64576,retained
seneca-54a581b45330,Seneca,stoicism,On Benefits,"I., ¶277",Aubrey Stewart (1889–1900),excerpt,attention,"No one who has ever applied himself to philosophy ever becomes completely wicked; his mind becomes so deeply coloured with it, that its tints can never be entirely spoiled and blackened.",https://www.gutenberg.org/ebooks/3794,retained
seneca-2f9ed2e75d23,Seneca,stoicism,Minor Dialogues and On Clemency,"The Fifth Book Of The Dialogues 115 Of L. Annaeus Seneca, Addressed To Novatus. Of Anger. Book Iii., ¶160",Aubrey Stewart (1889–1900),excerpt,social,"Some men take offence at insulting words, others at deeds: one wishes his pedigree, another his person, to be treated with respect.",https://www.gutenberg.org/ebooks/64576,retained
seneca-4bc5a66a4d22,Seneca,stoicism,Minor Dialogues and On Clemency,"The Tenth Book Of The Dialogues 288 Of L. Annaeus Seneca, Addressed To Paulinus. [1] Of The Shortness Of Life., ¶367",Aubrey Stewart (1889–1900),excerpt,mortality,"Your courage has been sufficiently displayed by many toilsome and wearisome proofs; try how it will deal with leisure: the greater, certainly the better part of your life, has been given to your country; take now some part of your time for yourself as well.",https://www.gutenberg.org/ebooks/64576,retained
seneca-e7ef0cafd0f7,Seneca,stoicism,On Benefits,"I., ¶7",Aubrey Stewart (1889–1900),excerpt,learning,"However, while I pass over what is futile and irrelevant I must point out that the first thing which we have to learn is, what we owe in return for a benefit received.",https://www.gutenberg.org/ebooks/3794,retained
seneca-b60ce6e74427,Seneca,stoicism,On Benefits,"I., ¶50",Aubrey Stewart (1889–1900),excerpt,acceptance,"Let us, therefore, show how acceptable a gift is by loudly expressing our gratitude for it; and let us do so, not only in the hearing of the giver, but everywhere.",https://www.gutenberg.org/ebooks/3794,retained
seneca-764ca2d454df,Seneca,stoicism,On Benefits,"I., ¶56",Aubrey Stewart (1889–1900),excerpt,duty,"Yet the truth was that Augustus, besides loading him with other gifts, had set him free from the necessity of making himself ridiculous by labouring at a profession in which he never could succeed.",https://www.gutenberg.org/ebooks/3794,retained
james-cf02f556ecf9,William James,psychology,The Principles of Psychology,"vol. 1, The Elementary Law Of Association., ¶1854",Henry Holt edition (1890),excerpt,agency,"The number of elementary processes at work, however, and the nature of those which at any time are fully effective in rousing the others, determine the character of the total brain-action, and, as a consequence of this, they determine the object thought of at the time.",https://www.gutenberg.org/ebooks/57628,retained
james-d9238e15f5eb,William James,psychology,The Principles of Psychology,"vol. 1, Habit., ¶395",Henry Holt edition (1890),excerpt,mortality,"There is no more contemptible type of human character than that of the nerveless sentimentalist and dreamer, who spends his life in a weltering sea of sensibility and emotion, but who never does a manly concrete deed.",https://www.gutenberg.org/ebooks/57628,retained
james-d5e32f53a856,William James,psychology,The Principles of Psychology,"vol. 1, Summary., ¶1197",Henry Holt edition (1890),excerpt,identity,"In proportion as the apperception of all our mental objects appears to us as an inward exercise of will, does our self-consciousness begin both to widen itself and to narrow itself at the same time.",https://www.gutenberg.org/ebooks/57628,retained
james-675e9a9183c0,William James,psychology,The Principles of Psychology,"vol. 1, The Sense Of Personal Identity., ¶1027",Henry Holt edition (1890),excerpt,judgment,"The 'owner' symbolizes here that 'section' of consciousness, or pulse of thought, which we have all along represented as the vehicle of the judgment of identity; and the 'brand' symbolizes the characters of warmth and continuity, by reason of which the judgment is made.",https://www.gutenberg.org/ebooks/57628,retained
james-7d2f14fbdb49,William James,psychology,The Principles of Psychology,"vol. 1, The Transcendentalist Theory., ¶1089",Henry Holt edition (1890),excerpt,attention,"Call the vehicle Ego, or call it Thought, Psychosis, Soul, Intelligence, Consciousness, Mind, Reason, Feeling,—what you like—it must know .",https://www.gutenberg.org/ebooks/57628,retained
james-a022e53fa0e5,William James,psychology,The Principles of Psychology,"vol. 1, 2. Self-Feeling., ¶958",Henry Holt edition (1890),excerpt,agency,"The emotions themselves of self-satisfaction and abasement are of a unique sort, each as worthy to be classed as a primitive emotional species as are, for example, rage or pain.",https://www.gutenberg.org/ebooks/57628,retained
james-66f9f6b38bda,William James,psychology,The Principles of Psychology,"vol. 1, Feelings Of Tendency., ¶770",Henry Holt edition (1890),excerpt,emotion,"A tune, an odor, a flavor sometimes carry this inarticulate feeling of their familiarity so deep into our consciousness that we are fairly shaken by its mysterious emotional power.",https://www.gutenberg.org/ebooks/57628,retained
james-57e20280bc34,William James,psychology,The Principles of Psychology,"vol. 1, Rivalry And Conflict Of The Different Selves., ¶967",Henry Holt edition (1890),excerpt,social,"The history of evangelical theology, with its conviction of sin, its self-despair, and its abandonment of salvation by works, is the deepest of possible examples, but we meet others in every walk of life.",https://www.gutenberg.org/ebooks/57628,retained
james-eecc30fc360c,William James,psychology,The Principles of Psychology,"vol. 1, Rivalry And Conflict Of The Different Selves., ¶969",Henry Holt edition (1890),excerpt,acceptance,"The Stoic receipt for contentment was to dispossess yourself in advance of all that was out of your own power,—then fortune's shocks might rain down unfelt.",https://www.gutenberg.org/ebooks/57628,retained
james-f31301e968df,William James,psychology,The Principles of Psychology,"vol. 1, Habit., ¶380",Henry Holt edition (1890),excerpt,mortality,"Habit is ten times nature,"" the Duke of Wellington is said to have exclaimed; and the degree to which this is true no one can probably appreciate as well as one who is a veteran soldier himself.",https://www.gutenberg.org/ebooks/57628,retained
james-2831a9bde37c,William James,psychology,The Principles of Psychology,"vol. 1, Practical Interests Limit Discrimination., ¶1663",Henry Holt edition (1890),excerpt,attention,"In the habitual use of our eyes, our attention is always withdrawn from such objects as give us double images at the time; this is the reason why we so seldom learn that these images exist.",https://www.gutenberg.org/ebooks/57628,retained
james-0c682b2c653c,William James,psychology,The Principles of Psychology,"vol. 2, The Genesis Of The Various Emotions., ¶1558",Henry Holt edition (1890),excerpt,judgment,"To sum up, we see the reason for a few emotional reactions; for others a possible species of reason may be guessed; but others remain for which no plausible reason can even be conceived.",https://www.gutenberg.org/ebooks/57634,retained
james-f6b0abb98462,William James,psychology,The Principles of Psychology,"vol. 1, Inattention., ¶1464",Henry Holt edition (1890),excerpt,agency,"Cattell made experiments to which we shall refer further on, on the degree to which reaction-times might be shortened by distracting or voluntarily concentrating the attention.",https://www.gutenberg.org/ebooks/57628,retained
james-a5735c4b6b6e,William James,psychology,The Principles of Psychology,"vol. 1, Reasons Against The Theory., ¶451",Henry Holt edition (1890),excerpt,adversity,Grant Allen in his suggestive little work Physiological Æsthetics ; and his reasoning is based exclusively on that causal efficacy of pleasures and pains which the 'double-aspect' partisans so strenuously deny.,https://www.gutenberg.org/ebooks/57628,retained
james-47c70892ed63,William James,psychology,The Principles of Psychology,"vol. 1, Rivalry And Conflict Of The Different Selves., ¶973",Henry Holt edition (1890),excerpt,social,"A direct ethical judgment unquestionably also plays its part, and last, not least, we apply to our own persons judgments originally called forth by the acts of others.",https://www.gutenberg.org/ebooks/57628,retained
james-e8f30360d236,William James,psychology,The Principles of Psychology,"vol. 2, Special Human Instincts., ¶1383",Henry Holt edition (1890),excerpt,emotion,"Women take offence and get angry, if anything, more easily than men, but their anger is inhibited by fear and other principles of their nature from expressing itself in blows.",https://www.gutenberg.org/ebooks/57634,retained
james-55948814387f,William James,psychology,The Principles of Psychology,"vol. 2, Different Orders Of Human Genius., ¶1230",Henry Holt edition (1890),excerpt,attention,"The upshot of what I say simply is that selection implies rejection as well as choice; and that the function of ignoring, of in attention, is as vital a factor in mental progress as the function of attention itself.",https://www.gutenberg.org/ebooks/57634,retained
james-aee8f1ef64a5,William James,psychology,The Principles of Psychology,"vol. 1, To What Cerebral Process Is The Sense Of Time Due?, ¶2148",Henry Holt edition (1890),excerpt,agency,Now these 'feelings' of distraction and tedium owe their characteristic qualities to movements of attention.,https://www.gutenberg.org/ebooks/57628,retained
james-6c730670f586,William James,psychology,The Principles of Psychology,"vol. 1, The Sense Of Personal Identity., ¶1016",Henry Holt edition (1890),excerpt,identity,"The character of 'warmth,' then, in the present self, reduces itself to either of two things,—something in the feeling which we have of the thought itself, as thinking, or else the feeling of the body's actual existence at the moment,—or finally to both.",https://www.gutenberg.org/ebooks/57628,retained
james-b5905910189c,William James,psychology,The Principles of Psychology,"vol. 1, The Mutations Of The Self, ¶1114",Henry Holt edition (1890),excerpt,mortality,The content of a dream will oftentimes insert itself into the stream of real life in a most perplexing way.,https://www.gutenberg.org/ebooks/57628,retained
james-b59ffb18e688,William James,psychology,The Principles of Psychology,"vol. 1, The Mutations Of The Self, ¶1126",Henry Holt edition (1890),excerpt,social,"Always this doubleness, this struggle of the old self against the new discordant forms of experience, is accompanied with painful mental conflict, with passion, with violent emotional excitement.",https://www.gutenberg.org/ebooks/57628,retained
james-47111d3a2b48,William James,psychology,The Principles of Psychology,"vol. 2, The Influence Of Emotion And Active Impulse On Belief., ¶1051",Henry Holt edition (1890),excerpt,emotion,"Our tendency to believe in emotionally exciting objects (objects of fear, desire, etc.) is thus explained without resorting to any fundamentally new principle of choice.",https://www.gutenberg.org/ebooks/57634,retained
james-8ef8863f2369,William James,psychology,The Principles of Psychology,"vol. 1, What Self Is Loved In 'Self-Love'?, ¶982",Henry Holt edition (1890),excerpt,agency,"Our interest in things means the attention and emotion which the thought of them will excite, and the actions which their presence will evoke.",https://www.gutenberg.org/ebooks/57628,retained
james-daaac911fdc9,William James,psychology,The Principles of Psychology,"vol. 1, Rivalry And Conflict Of The Different Selves., ¶972",Henry Holt edition (1890),excerpt,character,Our unselfishness is thus apt to be a 'virtue of necessity'; and it is not without all show of reason that cynics quote the fable of the fox and the grapes in describing our progress therein.,https://www.gutenberg.org/ebooks/57628,retained
james-e7166b779496,William James,psychology,The Principles of Psychology,"vol. 2, Hallucinations., ¶389",Henry Holt edition (1890),excerpt,duty,"At the time, however, neither she nor the expected event was in my mind; as I said, I was working out trigonometrical formulæ, and I had been working on trigonometry the entire evening.",https://www.gutenberg.org/ebooks/57634,retained
james-3360fbb2282a,William James,psychology,The Principles of Psychology,"vol. 1, The Soul-Theory., ¶577",Henry Holt edition (1890),excerpt,adversity,"Bain thinks, then, that all the bother is about the difficulty of seeing how a series of feelings can have the knowledge of itself added to it!!!",https://www.gutenberg.org/ebooks/57628,retained
james-db1823baa777,William James,psychology,The Principles of Psychology,"vol. 1, Are We Ever Wholly Unconscious?, ¶649",Henry Holt edition (1890),excerpt,judgment,The mere sense-impressions are the same when the sleep is deep as when it is light; the difference must lie in a judgment on the part of the apparently slumbering mind that they are not worth noticing.,https://www.gutenberg.org/ebooks/57628,retained
james-df791263990c,William James,psychology,The Principles of Psychology,"vol. 2, Special Human Instincts., ¶1462",Henry Holt edition (1890),excerpt,identity,"The 'Instinct of Life' embraces conservation (nutrition, motion); sociability (imitation, juridical and ethical arrangements); and personal interest (love of independence and freedom, acquisitiveness, self-defence).",https://www.gutenberg.org/ebooks/57634,retained
james-cd5dc95d88e8,William James,psychology,The Principles of Psychology,"vol. 1, 1) Thought Tends To Personal Form., ¶726",Henry Holt edition (1890),excerpt,attention,"Beneath these tracts of thought, which, however rudimentary, are still organized selves with a memory, habits, and sense of their own identity, M.",https://www.gutenberg.org/ebooks/57628,retained
james-3a362b88a371,William James,psychology,The Principles of Psychology,"vol. 1, The Sense Of Personal Identity., ¶1020",Henry Holt edition (1890),excerpt,social,"The sense of our own personal identity, then, is exactly like any one of our other perceptions of sameness among phenomena.",https://www.gutenberg.org/ebooks/57628,retained
james-ba540cd3d828,William James,psychology,The Principles of Psychology,"vol. 1, Habit., ¶358",Henry Holt edition (1890),excerpt,habit,"If practice did not make perfect, nor habit economize the expense of nervous and muscular energy, he would therefore be in a sorry plight.",https://www.gutenberg.org/ebooks/57628,retained
james-1279006985a9,William James,psychology,The Principles of Psychology,"vol. 2, The Subtler Emotions., ¶1529",Henry Holt edition (1890),excerpt,desire,"To this simple primary and immediate pleasure in certain pure sensations and harmonious combinations of them, there may, it is true, be added secondary pleasures; and in the practical enjoyment of works of art by the masses of mankind these secondary pleasures play a great part.",https://www.gutenberg.org/ebooks/57634,retained
james-430183507e05,William James,psychology,The Principles of Psychology,"vol. 2, 'Local Signs.', ¶537",Henry Holt edition (1890),excerpt,adversity,"Internal pains, whose seat we cannot see, and have no means of knowing unless the character of the pain itself reveal it, are felt where they belong.",https://www.gutenberg.org/ebooks/57634,retained
james-e66ad4c38a5d,William James,psychology,The Principles of Psychology,"vol. 1, The Effects Of Attention., ¶1367",Henry Holt edition (1890),excerpt,mortality,"The shorter reaction-time was seldom more than one fifth of a second; the longer, from four to eight times as long.",https://www.gutenberg.org/ebooks/57628,retained
james-902b1721bbfc,William James,psychology,The Principles of Psychology,"vol. 1, The Empirical Self Or Me., ¶928",Henry Holt edition (1890),excerpt,emotion,"Its scenes are part of our life; its aspects awaken the tenderest feelings of affection; and we do not easily forgive the stranger who, in visiting it, finds fault with its arrangements or treats it with contempt.",https://www.gutenberg.org/ebooks/57628,retained
james-cd8c305a0285,William James,psychology,The Principles of Psychology,"vol. 2, Five Types Of Decision., ¶1708",Henry Holt edition (1890),excerpt,judgment,"In this easy transition from doubt to assurance we seem to ourselves almost passive; the 'reasons' which decide us appearing to flow in from the nature of things, and to owe nothing to our will.",https://www.gutenberg.org/ebooks/57634,retained
james-a31b5be12f14,William James,psychology,The Principles of Psychology,"vol. 1, Accuracy Of Our Estimate Of Short Durations., ¶2019",Henry Holt edition (1890),excerpt,attention,"Each 'now' is the feeling of a separate bit of time, and the exact sum of the bits never makes a very clear impression on our mind.",https://www.gutenberg.org/ebooks/57628,retained
james-00c523a2d669,William James,psychology,The Principles of Psychology,"vol. 1, The Theory Of The Soul., ¶1055",Henry Holt edition (1890),excerpt,social,"The definitively closed nature of our personal consciousness is probably an average statistical resultant of many conditions, but not an elementary force or fact; so that, if one wishes to preserve the Soul, the less he draws his arguments from that quarter the better.",https://www.gutenberg.org/ebooks/57628,retained
james-5cdeb86e3ef7,William James,psychology,The Principles of Psychology,"vol. 2, Will Is A Relation Between The Mind And Its 'Ideas.', ¶1773",Henry Holt edition (1890),excerpt,agency,The difficulty is mental; it is that of getting the idea of the wise action to stay before our mind at all.,https://www.gutenberg.org/ebooks/57634,retained
james-66e0fbbe7c7c,William James,psychology,The Principles of Psychology,"vol. 1, Feelings Of Tendency., ¶861",Henry Holt edition (1890),excerpt,duty,"The mind, in short, works on the data it receives very much as a sculptor works on his block of stone.",https://www.gutenberg.org/ebooks/57628,retained
james-69f6c3f14d45,William James,psychology,The Principles of Psychology,"vol. 1, The Improvement Of Discrimination By Practice., ¶1637",Henry Holt edition (1890),excerpt,habit,Let us seek to penetrate the modus operandi of their influence—beginning with that of practice and habit.,https://www.gutenberg.org/ebooks/57628,retained
james-ae2fea0c7780,William James,psychology,The Principles of Psychology,"vol. 1, 'Unconsciousness' In Hysterics., ¶668",Henry Holt edition (1890),excerpt,identity,"The alphabet, or the series of numbers, when handed over to the attention of the secondary personage may for the time be lost to the normal self.",https://www.gutenberg.org/ebooks/57628,retained
james-1c6daa091d96,William James,psychology,The Principles of Psychology,"vol. 2, The Education Of The Will., ¶1800",Henry Holt edition (1890),excerpt,adversity,"Tremendous as the part is which pleasure and pain play in our psychic life, we must confess that absolutely nothing is known of their cerebral conditions.",https://www.gutenberg.org/ebooks/57634,retained
james-e00ba6cc61c6,William James,psychology,The Principles of Psychology,"vol. 1, What Self Is Loved In 'Self-Love'?, ¶981",Henry Holt edition (1890),excerpt,emotion,"The words me, then, and self, so far as they arouse feeling and connote emotional worth, are objective designations, meaning all the things which have the power to produce in a stream of consciousness excitement of a certain peculiar sort.",https://www.gutenberg.org/ebooks/57628,retained
james-44893ad93d75,William James,psychology,The Principles of Psychology,"vol. 2, The Explosive Will., ¶1731",Henry Holt edition (1890),excerpt,judgment,"Some of my friends came to visit me, and appeared to commiserate my situation, perhaps because I did not myself complain; but my figure and whole appearance bespoke my sufferings.",https://www.gutenberg.org/ebooks/57634,retained
james-41027da79992,William James,psychology,The Principles of Psychology,"vol. 1, Can States Of Mind Be Unconscious?, ¶508",Henry Holt edition (1890),excerpt,attention,"The passion for unity and smoothness is in some minds so insatiate that, in spite of the logical clearness of these reasonings and conclusions, many will fail to be influenced by them.",https://www.gutenberg.org/ebooks/57628,retained
james-24b9daa0ce75,William James,psychology,The Principles of Psychology,"vol. 2, Two Principles Of Non-Uniformity In Instincts., ¶1328",Henry Holt edition (1890),excerpt,social,"The original impulse which got us homes, wives, dietaries, and friends at all, seems to exhaust itself in its first achievements and to leave no surplus energy for reacting on new cases.",https://www.gutenberg.org/ebooks/57634,retained
james-abb8dd83421f,William James,psychology,The Principles of Psychology,"vol. 2, Helmholtz And Reid On Sensations ., ¶659",Henry Holt edition (1890),excerpt,habit,"On the other hand, it is a strong argument that an effect is not owing to custom, but to the constitution of nature, when a contrary custom is found neither to change nor to weaken it.",https://www.gutenberg.org/ebooks/57634,retained
james-98891fbc8847,William James,psychology,The Principles of Psychology,"vol. 2, Individuals Differ In Imagination., ¶200",Henry Holt edition (1890),excerpt,duty,"A year and a half previous to examination, after business-anxieties, loss of sleep, appetite, etc., he noticed suddenly one day an extraordinary change in himself.",https://www.gutenberg.org/ebooks/57634,retained
james-d4086fb81a4b,William James,psychology,The Principles of Psychology,"vol. 1, Forgetting., ¶2277",Henry Holt edition (1890),excerpt,mortality,"Verdon, ""we sometimes keep a matter in hand not exactly by attending to it, but by keeping our attention referred to something connected with it from time to time.",https://www.gutenberg.org/ebooks/57628,retained
james-7ad304261abc,William James,psychology,The Principles of Psychology,"vol. 1, Summary., ¶1207",Henry Holt edition (1890),excerpt,identity,"Still, as we can view self in the light of another person, we can feel towards it the emotion of pity called forth by others in our situation.",https://www.gutenberg.org/ebooks/57628,retained
james-f9d030e3db29,William James,psychology,The Principles of Psychology,"vol. 2, Objections Considered ., ¶1501",Henry Holt edition (1890),excerpt,emotion,"In every asylum we find examples of absolutely unmotived fear, anger, melancholy, or conceit; and others of an equally unmotived apathy which persists in spite of the best of outward reasons why it should give way.",https://www.gutenberg.org/ebooks/57634,retained
james-2433cb151fa6,William James,psychology,The Principles of Psychology,"vol. 1, Do Unconscious Mental States Exist?, ¶516",Henry Holt edition (1890),excerpt,attention,"One is that the perceptions and volitions in habitual actions may be performed consciously, only so quickly and inattentively that no memory of them remains.",https://www.gutenberg.org/ebooks/57628,retained
james-1002395b7009,William James,psychology,The Principles of Psychology,"vol. 1, Habit., ¶338",Henry Holt edition (1890),excerpt,agency,The laws of Nature are nothing but the immutable habits which the different elementary sorts of matter follow in their actions and reactions upon each other.,https://www.gutenberg.org/ebooks/57628,retained
james-ddcb45c23044,William James,psychology,The Principles of Psychology,"vol. 2, Will., ¶1638",Henry Holt edition (1890),excerpt,social,"All these are incoming feelings, and between the thought of them, by which the act is mentally specified with all possible completeness, and the act itself, there is no room for any third order of mental phenomenon.",https://www.gutenberg.org/ebooks/57634,retained
james-f901ec5a4443,William James,psychology,The Principles of Psychology,"vol. 2, Special Human Instincts., ¶1370",Henry Holt edition (1890),excerpt,habit,"Holmes has remarked, like the early tendency to grasp with the toes, easily lends itself to interpretation as a reminiscence of prehuman ancestral habits.",https://www.gutenberg.org/ebooks/57634,retained
james-b65b0079b170,William James,psychology,The Principles of Psychology,"vol. 1, Habit., ¶387",Henry Holt edition (1890),excerpt,adversity,The second maxim is: Never suffer an exception to occur till the new habit is securely rooted in your life .,https://www.gutenberg.org/ebooks/57628,retained
james-28feba377709,William James,psychology,The Principles of Psychology,"vol. 1, Feelings Of Tendency., ¶827",Henry Holt edition (1890),excerpt,judgment,"There were present no dreams or visions in any way connected with human affairs, no ideas or impressions akin to anything in past experience, no emotions, of course no idea of personality.",https://www.gutenberg.org/ebooks/57628,retained
james-30080476c2e4,William James,psychology,The Principles of Psychology,"vol. 1, The Associationist Theory., ¶1072",Henry Holt edition (1890),excerpt,identity,"Myself is the person who had that series of feelings, and I know nothing of myself, by direct knowledge, except that I had them.",https://www.gutenberg.org/ebooks/57628,retained
james-70b38015b1d6,William James,psychology,The Principles of Psychology,"vol. 1, The Empirical Self Or Me., ¶929",Henry Holt edition (1890),excerpt,mortality,There are few men who would not feel personally annihilated if a life-long construction of their hands or brains—say an entomological collection or an extensive work in manuscript—were suddenly swept away.,https://www.gutenberg.org/ebooks/57628,retained
james-417620bd9402,William James,psychology,The Principles of Psychology,"vol. 2, The Emotions., ¶1470",Henry Holt edition (1890),excerpt,emotion,"Properly we have two distinct emotions here, both prompted by the same object, it is true, but affecting different persons, or the same person at different times, and feeling quite differently whilst they last, as anyone's consciousness will testify.",https://www.gutenberg.org/ebooks/57634,retained
james-fda7328fecf8,William James,psychology,The Principles of Psychology,"vol. 1, Habit., ¶363",Henry Holt edition (1890),excerpt,agency,"In action grown habitual, what instigates each new muscular contraction to take place in its appointed order is not a thought or a perception, but the sensation occasioned by the muscular contraction just finished .",https://www.gutenberg.org/ebooks/57628,retained
james-77c02e2891b4,William James,psychology,The Principles of Psychology,"vol. 1, The Mutations Of The Self, ¶1176",Henry Holt edition (1890),excerpt,attention,"The 'automatic' has given place to the impressional , and when the work is in progress I am in the normal condition, and seemingly two minds, intelligences, persons, are practically engaged.",https://www.gutenberg.org/ebooks/57628,retained
james-3714088b483e,William James,psychology,The Principles of Psychology,"vol. 2, Special Human Instincts., ¶1427",Henry Holt edition (1890),excerpt,habit,"In a perfectly-rounded development, every one of these instincts would start a habit toward certain objects and inhibit a habit toward certain others.",https://www.gutenberg.org/ebooks/57634,retained
james-bedb91272332,William James,psychology,The Principles of Psychology,"vol. 1, Relations Of Consciousness To Space., ¶677",Henry Holt edition (1890),excerpt,judgment,"Plato gave head, breast, and abdomen to the immortal reason, the courage, and the appetites, as their seats respectively.",https://www.gutenberg.org/ebooks/57628,retained
james-6ede9cc538c5,William James,psychology,The Principles of Psychology,"vol. 1, The Feeling Of Past Time Is A Present Feeling., ¶2070",Henry Holt edition (1890),excerpt,mortality,"The mental stream, feeling itself, must feel the time-relations of its own states.",https://www.gutenberg.org/ebooks/57628,retained
james-deef881215fc,William James,psychology,The Principles of Psychology,"vol. 1, The Methods Of Investigation., ¶620",Henry Holt edition (1890),excerpt,identity,"A child will be assumed without self-consciousness because he talks of himself in the third person, etc., etc.",https://www.gutenberg.org/ebooks/57628,retained
james-143646753d27,William James,psychology,The Principles of Psychology,"vol. 1, The Associationist Theory., ¶1062",Henry Holt edition (1890),excerpt,social,"Hume says nothing of the judging Thought; and he denies this thread of resemblance, this core of sameness running through the ingredients of the Self, to exist even as a phenomenal thing.",https://www.gutenberg.org/ebooks/57628,retained
james-824955c1eea8,William James,psychology,The Principles of Psychology,"vol. 2, The Genesis Of The Various Emotions., ¶1547",Henry Holt edition (1890),excerpt,emotion,"Fear, when strong, expresses itself in cries, in efforts to escape, in palpitations, in tremblings; and these are just the manifestations that go along with an actual suffering of the evil feared.",https://www.gutenberg.org/ebooks/57634,retained
james-cd2771583f09,William James,psychology,The Principles of Psychology,"vol. 1, Habit., ¶385",Henry Holt edition (1890),excerpt,agency,"The more of the details of our daily life we can hand over to the effortless custody of automatism, the more our higher powers of mind will be set free for their own proper work.",https://www.gutenberg.org/ebooks/57628,retained
james-7cd785cbb1a4,William James,psychology,The Principles of Psychology,"vol. 1, The Sense Of Personal Identity., ¶1014",Henry Holt edition (1890),excerpt,attention,"In either case the personal identity would not exist as a fact ; but it would exist as a feeling all the same; the consciousness of it by the thought would be there, and the psychologist would still have to analyze that, and show where its illusoriness lay.",https://www.gutenberg.org/ebooks/57628,retained
james-a677b1c275ab,William James,psychology,The Principles of Psychology,"vol. 1, 'Abstract' Ideas., ¶1532",Henry Holt edition (1890),excerpt,adversity,"Now I would fain know at what time it is men are employed in surmounting that difficulty, and furnishing themselves with those necessary helps for discourse.",https://www.gutenberg.org/ebooks/57628,retained
james-af7d9d6cd140,William James,psychology,The Principles of Psychology,"vol. 1, The Empirical Self Or Me., ¶932",Henry Holt edition (1890),excerpt,judgment,The good or bad fortunes of this self cause the most intense elation and dejection—unreasonable enough as measured by every other standard than that of the organic feeling of the individual.,https://www.gutenberg.org/ebooks/57628,retained
james-9911b5b5beee,William James,psychology,The Principles of Psychology,"vol. 1, The Intimate Nature Of The Attentive Process., ¶1414",Henry Holt edition (1890),excerpt,mortality,"Here, again, a birth of voluntary attention, grafted this time on a sympathetic instead of a selfish sentiment like that of the first example.",https://www.gutenberg.org/ebooks/57628,retained
james-6f21fa5cd13d,William James,psychology,The Principles of Psychology,"vol. 1, The Mutations Of The Self, ¶1135",Henry Holt edition (1890),excerpt,identity,"Any man becomes, as we say, inconsistent with himself if he forgets his engagements, pledges, knowledges, and habits; and it is merely a question of degree at what point we shall say that his personality is changed.",https://www.gutenberg.org/ebooks/57628,retained
james-f7e2f0e54532,William James,psychology,The Principles of Psychology,"vol. 2, Action After Deliberation., ¶1701",Henry Holt edition (1890),excerpt,social,"By itself this idea would prompt a movement; some of the additional considerations, however, which are present to consciousness block the motor discharge, whilst others, on the contrary, solicit it to take place.",https://www.gutenberg.org/ebooks/57634,retained
james-216d1136d8c5,William James,psychology,The Principles of Psychology,"vol. 1, Inattention., ¶1442",Henry Holt edition (1890),excerpt,agency,"The button gone, its owner's power of reciting also departed.—Now much of this activity is unquestionably due to the overflow of emotional excitement during anxious and concentrated thought.",https://www.gutenberg.org/ebooks/57628,retained
james-cea2f0ab1d6f,William James,psychology,The Principles of Psychology,"vol. 2, Emotion Follows Upon The Bodily Expression In The Coarser Emotions At Least., ¶1482",Henry Holt edition (1890),excerpt,attention,"Our natural way of thinking about these coarser emotions is that the mental perception of some fact excites the mental affection called the emotion, and that this latter state of mind gives rise to the bodily expression.",https://www.gutenberg.org/ebooks/57634,retained
james-e933b4a41e02,William James,psychology,The Principles of Psychology,"vol. 1, Final Correction Of The Meynert Scheme., ¶137",Henry Holt edition (1890),excerpt,adversity,"Young rabbits deprived of their hemispheres will stand, run, start at noises, avoid obstacles in their path, and give responsive cries of suffering when hurt.",https://www.gutenberg.org/ebooks/57628,retained
james-a90129bb5137,William James,psychology,The Principles of Psychology,"vol. 1, Certain Vicissitudes In The Me Demand Our Notice., ¶1107",Henry Holt edition (1890),excerpt,emotion,"The central part of the me is the feeling of the body and of the adjustments in the head; and in the feeling of the body should be included that of the general emotional tones and tendencies, for at bottom these are but the habits in which organic activities and sensibilities run.",https://www.gutenberg.org/ebooks/57628,retained
james-4bb053059539,William James,psychology,The Principles of Psychology,"vol. 1, The Intimate Nature Of The Attentive Process., ¶1393",Henry Holt edition (1890),excerpt,judgment,"The surprise which unexpected impressions give us is due essentially to the fact that our attention, at the moment when the impression occurs, is not accommodated for it.",https://www.gutenberg.org/ebooks/57628,retained
james-c69bc7141d5c,William James,psychology,The Principles of Psychology,"vol. 1, The Theory Of The Soul., ¶1043",Henry Holt edition (1890),excerpt,identity,"The Soul is moreover an individual being, and if we ask what that is, we are told to look in upon our Self, and we shall learn by direct intuition better than through any abstract reply.",https://www.gutenberg.org/ebooks/57628,retained
james-6cf530de4418,William James,psychology,The Principles of Psychology,"vol. 1, To What Cerebral Process Is The Sense Of Time Due?, ¶2095",Henry Holt edition (1890),excerpt,mortality,"Longer times are conceived by adding, shorter ones by dividing, portions of this vaguely bounded unit, and are habitually thought by us symbolically.",https://www.gutenberg.org/ebooks/57628,retained
james-36de5ca2e982,William James,psychology,The Principles of Psychology,"vol. 1, Reaction-Time., ¶289",Henry Holt edition (1890),excerpt,agency,"An immense amount of work has been done on reaction-time, of which I have cited but a small part.",https://www.gutenberg.org/ebooks/57628,retained
james-ba1e2ae0b4d8,William James,psychology,The Principles of Psychology,"vol. 2, Pleasure And Pain As Springs Of Action., ¶1748",Henry Holt edition (1890),excerpt,attention,"Feelings of pleasure and pain have it, and perceptions and imaginations of fact have it, but neither have it exclusively or peculiarly.",https://www.gutenberg.org/ebooks/57634,retained
james-327cd667950f,William James,psychology,The Principles of Psychology,"vol. 2, Objections Considered ., ¶1526",Henry Holt edition (1890),excerpt,adversity,"Rapture, love, ambition, indignation, and pride, considered as feelings, are fruits of the same soil with the grossest bodily sensations of pleasure and of pain.",https://www.gutenberg.org/ebooks/57634,retained
james-37836a16cf72,William James,psychology,The Principles of Psychology,"vol. 1, Feelings Of Tendency., ¶862",Henry Holt edition (1890),excerpt,social,"The altogether unique kind of interest which each human mind feels in those parts of creation which it can call me or mine may be a moral riddle, but it is a fundamental psychological fact.",https://www.gutenberg.org/ebooks/57628,retained
james-a1382f44fdaf,William James,psychology,The Principles of Psychology,"vol. 1, The Scope Of Psychology., ¶1",Henry Holt edition (1890),excerpt,judgment,"The phenomena are such things as we call feelings, desires, cognitions, reasonings, decisions, and the like; and, superficially considered, their variety and complexity is such as to leave a chaotic impression on the observer.",https://www.gutenberg.org/ebooks/57628,retained
james-47c688b3d609,William James,psychology,The Principles of Psychology,"vol. 1, To What Cerebral Process Is The Sense Of Time Due?, ¶2120",Henry Holt edition (1890),excerpt,mortality,"In most of these experiments the time heard was actively reproduced, after a short pause, by movements of the hand, which were recorded.",https://www.gutenberg.org/ebooks/57628,retained
james-02063297d1d7,William James,psychology,The Principles of Psychology,"vol. 1, What Self Is Loved In 'Self-Love'?, ¶988",Henry Holt edition (1890),excerpt,identity,"To sum up, then, we see no reason to suppose that 'self-love' is primarily, or secondarily, or ever, love for one's mere principle of conscious identity.",https://www.gutenberg.org/ebooks/57628,retained
james-597a5b4e011e,William James,psychology,The Principles of Psychology,"vol. 2, Belief., ¶981",Henry Holt edition (1890),excerpt,emotion,"In both these states the content of our mind is in unrest, and the emotion engendered thereby is, like the emotion of belief itself, perfectly distinct, but perfectly indescribable in words.",https://www.gutenberg.org/ebooks/57634,retained
james-ce4b1c2d494f,William James,psychology,The Principles of Psychology,"vol. 1, The Conditions Of Goodness In Memory., ¶2210",Henry Holt edition (1890),excerpt,agency,"Let a man early in life set himself the task of verifying such a theory as that of evolution, and facts will soon cluster and cling to him like grapes to their stem.",https://www.gutenberg.org/ebooks/57628,retained
james-2f4f4fcb5166,William James,psychology,The Principles of Psychology,"vol. 2, Sensations Which We Ignore., ¶710",Henry Holt edition (1890),excerpt,attention,If we review the facts we shall find every grade of non-attention between the extreme form of overlooking mentioned by Reid (or forms even more extreme still) and complete conscious perception of the sensation present.,https://www.gutenberg.org/ebooks/57634,retained
james-4bc4021ebcc9,William James,psychology,The Principles of Psychology,"vol. 2, Pleasure And Pain As Springs Of Action., ¶1762",Henry Holt edition (1890),excerpt,adversity,"The relief is a pleasure and the uneasiness a pain; and thus it happens that round all our impulses, merely as such, there twine, as it were, secondary possibilities of pleasant and painful feeling, involved in the manner in which the act is allowed to occur.",https://www.gutenberg.org/ebooks/57634,retained
jung-0856843a572f,Carl Jung,psychology,The Structure and Dynamics of the Psyche,"CW 8, §739",Original English edition,excerpt,uncertainty,"The pendulum of the mind oscillates between sense and nonsense, not between right and wrong.",https://books.google.com/books?id=64R9AAAAMAAJ,retained
