{"type":"FeatureCollection","features":[{"type":"Feature","geometry":{"type":"MultiPolygon","coordinates":[[[[-122.753,48.993],[-122.773,48.887],[-122.65,48.764],[-122.53,48.769],[-122.44,48.581],[-122.534,48.375],[-122.392,48.31],[-122.362,48.123],[-122.207,48.014],[-122.32,47.942],[-122.406,47.778],[-122.413,47.642],[-122.324,47.373],[-122.722,47.089],[-122.799,47.205],[-122.586,47.336],[-122.508,47.52],[-122.628,47.693],[-122.468,47.757],[-122.678,47.936],[-122.792,48.083],[-122.999,48.092],[-123.7,48.165],[-124.05,48.177],[-124.575,48.37],[-124.735,48.17],[-124.638,47.908],[-124.423,47.742],[-124.318,47.357],[-124.212,47.227],[-124.172,47.042],[-124.013,46.984],[-124.093,46.743],[-123.913,46.728],[-123.898,46.442],[-124.064,46.356],[-123.925,46.252],[-123.693,46.305],[-123.479,46.276],[-123.298,46.152],[-123.18,46.179],[-122.91,46.108],[-122.807,45.978],[-122.739,45.663],[-122.261,45.566],[-121.971,45.642],[-121.793,45.721],[-121.272,45.709],[-121.133,45.624],[-120.9,45.642],[-120.621,45.731],[-120.23,45.737],[-119.934,45.838],[-119.662,45.872],[-119.592,45.921],[-119.093,45.949],[-119.002,46],[-117.917,46.001],[-116.879,46.001],[-116.961,46.105],[-116.909,46.183],[-117.037,46.363],[-117.041,47.42],[-117.035,48.359],[-117.038,48.993],[-118.257,48.993],[-119.356,48.993],[-120.675,48.993],[-121.334,48.993],[-122.753,48.993]]],[[[-122.359,47.977],[-122.547,48.017],[-122.594,48.308],[-122.744,48.206],[-122.6,48.13],[-122.53,47.967],[-122.359,47.977]]]]},"properties":{"country":"US","code":"WA","name":"Washington","label":[-120.361,47.4865]}},{"type":"Feature","geometry":{"type":"MultiPolygon","coordinates":[[[[-117.038,48.993],[-116.048,48.993],[-115.18,48.993],[-114.064,48.993],[-114.225,49.186],[-114.376,49.205],[-114.592,49.418],[-114.564,49.539],[-114.738,49.581],[-114.625,49.78],[-114.644,49.983],[-114.719,50.116],[-114.775,50.354],[-115,50.563],[-115.188,50.548],[-115.343,50.73],[-115.528,50.792],[-115.62,50.97],[-115.816,51.084],[-116.018,51.142],[-116.028,51.22],[-116.234,51.303],[-116.296,51.451],[-116.576,51.644],[-116.685,51.809],[-116.938,51.72],[-117.047,51.915],[-117.376,52.134],[-117.591,52.13],[-117.822,52.28],[-117.758,52.405],[-117.992,52.485],[-118.211,52.367],[-118.352,52.628],[-118.417,52.826],[-118.605,52.878],[-118.663,53.016],[-118.85,53.183],[-119.029,53.135],[-119.278,53.208],[-119.381,53.356],[-119.757,53.415],[-119.905,53.617],[-119.808,53.705],[-120.001,53.823],[-120,54.958],[-120,55.712],[-120,56.874],[-120,57.708],[-120,59.066],[-120,60],[-121.432,60],[-122.387,60],[-123.819,60],[-124.771,60],[-126.199,60],[-128.103,60],[-130.007,60],[-130.959,60],[-132.387,60],[-133.815,60],[-135.719,60],[-137.147,60],[-139.06,60],[-138.692,59.887],[-138.599,59.754],[-137.611,59.239],[-137.423,58.908],[-136.841,59.148],[-136.613,59.154],[-136.467,59.288],[-136.468,59.462],[-136.275,59.486],[-136.258,59.622],[-135.924,59.667],[-135.483,59.792],[-135.016,59.543],[-135.096,59.419],[-134.932,59.271],[-134.706,59.24],[-134.398,59.052],[-134.399,58.975],[-134.222,58.843],[-133.871,58.736],[-133.463,58.462],[-133.375,58.291],[-133.166,58.147],[-132.552,57.499],[-132.231,57.197],[-132.341,57.08],[-132.032,57.028],[-132.107,56.859],[-131.872,56.793],[-131.799,56.588],[-131.586,56.595],[-131.101,56.408],[-130.839,56.372],[-130.496,56.232],[-130.404,56.122],[-130.072,56.084],[-130.02,55.908],[-130.131,55.736],[-130.1,55.587],[-129.958,55.274],[-130.167,55.085],[-130.064,55.003],[-130.202,54.729],[-130.372,54.664],[-130.458,54.349],[-130.272,54.358],[-130.277,54.208],[-130.112,54.159],[-130.105,53.947],[-129.335,53.397],[-129.242,53.447],[-129.228,53.633],[-128.862,53.83],[-128.789,53.781],[-128.776,53.556],[-128.881,53.448],[-128.875,53.306],[-128.547,53.136],[-128.478,52.868],[-128.126,52.753],[-128.243,52.559],[-128.092,52.513],[-128.016,52.347],[-127.801,52.256],[-127.225,52.456],[-127.159,52.356],[-127.284,52.238],[-127.638,52.084],[-127.685,51.95],[-127.85,51.92],[-127.874,51.673],[-127.664,51.398],[-127.777,51.167],[-127.429,50.943],[-127.022,50.822],[-126.859,50.943],[-126.489,50.817],[-126.179,50.853],[-126.019,50.666],[-126.222,50.643],[-126.242,50.501],[-125.955,50.476],[-125.836,50.528],[-125.703,50.438],[-125.391,50.497],[-125.128,50.437],[-125.062,50.328],[-124.705,50.322],[-124.605,50.233],[-124.732,49.954],[-124.404,49.767],[-124.171,49.781],[-124.02,49.733],[-124.061,49.631],[-123.964,49.521],[-123.555,49.39],[-123.489,49.515],[-123.249,49.598],[-123.247,49.275],[-123.212,49.13],[-123.091,48.993],[-123.035,48.992],[-122.951,49.083],[-122.753,48.993],[-121.334,48.993],[-120.675,48.993],[-119.356,48.993],[-118.257,48.993],[-117.038,48.993]]],[[[-127.919,51.522],[-128.01,51.724],[-128.157,51.628],[-128.086,51.487],[-127.919,51.522]]],[[[-128.138,51.864],[-127.953,51.987],[-128.159,52.035],[-128.222,51.954],[-128.138,51.864]]],[[[-127.241,52.426],[-127.82,52.196],[-127.888,51.953],[-127.698,52.004],[-127.642,52.138],[-127.277,52.289],[-127.241,52.426]]],[[[-128.93,52.614],[-129.257,52.828],[-129.292,52.763],[-129.06,52.524],[-128.93,52.614]]],[[[-131.113,52.172],[-131.143,52.316],[-131.332,52.297],[-131.414,52.454],[-131.661,52.542],[-131.73,52.701],[-131.834,52.726],[-131.852,52.867],[-131.619,52.92],[-131.613,53.056],[-131.904,53.241],[-132.066,53.161],[-132.373,53.133],[-132.504,53.04],[-131.883,52.576],[-131.683,52.49],[-131.38,52.203],[-131.113,52.172]]],[[[-128.804,52.701],[-128.606,52.611],[-128.532,52.847],[-128.539,53.02],[-128.635,53.163],[-128.905,53.293],[-129.078,53.303],[-129.091,53.089],[-129.19,53.023],[-129.057,52.741],[-128.804,52.701]]],[[[-128.914,53.406],[-129.022,53.532],[-129.148,53.364],[-128.914,53.406]]],[[[-129.743,53.235],[-129.974,53.458],[-130.261,53.581],[-130.496,53.639],[-130.531,53.56],[-130.315,53.393],[-130.086,53.312],[-129.939,53.169],[-129.743,53.235]]],[[[-129.166,53.385],[-129.094,53.509],[-128.981,53.585],[-128.884,53.576],[-128.842,53.716],[-129.16,53.627],[-129.166,53.385]]],[[[-130.406,53.687],[-130.092,53.57],[-130.138,53.703],[-130.291,53.755],[-130.406,53.687]]],[[[-130.253,53.892],[-130.202,53.73],[-130.099,53.708],[-130.03,53.582],[-129.933,53.6],[-129.797,53.378],[-129.568,53.215],[-129.337,53.361],[-129.675,53.593],[-129.831,53.735],[-130.196,53.917],[-130.253,53.892]]],[[[-132.579,53.207],[-132.401,53.148],[-132.224,53.231],[-132.008,53.254],[-131.908,53.358],[-131.943,53.522],[-131.871,53.783],[-131.693,53.992],[-131.709,54.118],[-131.916,54.04],[-132.13,54.034],[-132.297,54.112],[-132.545,54.04],[-132.649,54.141],[-133.041,54.165],[-133.038,54.044],[-133.144,53.897],[-132.891,53.62],[-132.929,53.523],[-132.518,53.413],[-132.758,53.317],[-132.579,53.207]]],[[[-126.659,49.788],[-126.769,49.883],[-126.97,49.833],[-126.913,49.692],[-126.679,49.592],[-126.659,49.788]]],[[[-126.618,50.672],[-126.288,50.655],[-126.186,50.742],[-126.398,50.808],[-126.618,50.672]]],[[[-123.321,48.496],[-123.39,48.62],[-123.541,48.636],[-123.594,48.837],[-123.78,48.986],[-123.813,49.119],[-123.955,49.229],[-124.159,49.31],[-124.545,49.377],[-124.795,49.473],[-124.909,49.621],[-124.882,49.725],[-125.178,49.925],[-125.35,50.125],[-125.436,50.314],[-125.74,50.356],[-126.117,50.455],[-126.46,50.475],[-127.199,50.621],[-127.505,50.773],[-127.882,50.867],[-128.077,50.87],[-128.407,50.781],[-128.32,50.61],[-128.06,50.453],[-127.594,50.559],[-127.591,50.486],[-127.916,50.466],[-127.775,50.233],[-127.897,50.143],[-127.785,50.085],[-127.488,50.13],[-127.142,49.867],[-126.65,49.898],[-126.563,49.587],[-126.573,49.414],[-126.076,49.384],[-125.956,49.233],[-125.837,49.273],[-125.699,49.181],[-125.736,49.053],[-125.489,48.919],[-125.366,48.987],[-124.968,48.988],[-125.007,48.9],[-125.185,48.801],[-125.094,48.73],[-124.665,48.573],[-124.389,48.518],[-123.891,48.367],[-123.555,48.328],[-123.321,48.496]]]]},"properties":{"country":"CA","code":"BC","name":"British Columbia","label":[-124.662,54.6943]}},{"type":"Feature","geometry":{"type":"Polygon","coordinates":[[[-116.879,46.001],[-116.759,45.838],[-116.53,45.752],[-116.463,45.582],[-116.649,45.348],[-116.717,45.151],[-116.824,45.036],[-116.833,44.92],[-117.011,44.75],[-117.204,44.482],[-117.195,44.298],[-116.986,44.272],[-116.897,44.186],[-117.02,43.785],[-117.018,42.928],[-117.017,42],[-115.715,42],[-114.043,42],[-112.359,42],[-111.05,42],[-111.051,43.093],[-111.051,44.498],[-111.21,44.594],[-111.308,44.732],[-111.452,44.722],[-111.503,44.548],[-111.682,44.566],[-112.082,44.539],[-112.233,44.569],[-112.36,44.471],[-112.68,44.505],[-112.828,44.425],[-112.996,44.465],[-113.045,44.652],[-113.183,44.804],[-113.324,44.792],[-113.481,44.934],[-113.43,45.001],[-113.513,45.124],[-113.711,45.305],[-113.789,45.584],[-113.957,45.693],[-114.114,45.571],[-114.33,45.483],[-114.545,45.577],[-114.494,45.705],[-114.55,45.784],[-114.389,45.896],[-114.483,46.056],[-114.454,46.27],[-114.341,46.531],[-114.36,46.678],[-114.567,46.644],[-114.623,46.72],[-114.905,46.842],[-114.917,46.918],[-115.342,47.269],[-115.51,47.313],[-115.643,47.486],[-115.719,47.7],[-116.049,48.004],[-116.048,48.993],[-117.038,48.993],[-117.035,48.359],[-117.041,47.42],[-117.037,46.363],[-116.909,46.183],[-116.961,46.105],[-116.879,46.001]]]},"properties":{"country":"US","code":"ID","name":"Idaho","label":[-114.133,43.7825]}},{"type":"Feature","geometry":{"type":"Polygon","coordinates":[[[-116.048,48.993],[-116.049,48.004],[-115.719,47.7],[-115.643,47.486],[-115.51,47.313],[-115.342,47.269],[-114.917,46.918],[-114.905,46.842],[-114.623,46.72],[-114.567,46.644],[-114.36,46.678],[-114.341,46.531],[-114.454,46.27],[-114.483,46.056],[-114.389,45.896],[-114.55,45.784],[-114.494,45.705],[-114.545,45.577],[-114.33,45.483],[-114.114,45.571],[-113.957,45.693],[-113.789,45.584],[-113.711,45.305],[-113.513,45.124],[-113.43,45.001],[-113.481,44.934],[-113.324,44.792],[-113.183,44.804],[-113.045,44.652],[-112.996,44.465],[-112.828,44.425],[-112.68,44.505],[-112.36,44.471],[-112.233,44.569],[-112.082,44.539],[-111.682,44.566],[-111.503,44.548],[-111.452,44.722],[-111.308,44.732],[-111.21,44.594],[-111.051,44.498],[-111.051,45],[-109.912,45],[-108.715,45],[-107.192,45],[-105.778,45],[-104.057,45],[-104.039,45],[-104.045,45.942],[-104.046,47.301],[-104.046,47.968],[-104.048,48.993],[-105.508,48.993],[-106.607,48.993],[-108.366,48.993],[-109.999,48.993],[-111.443,48.993],[-112.982,48.993],[-114.064,48.993],[-115.18,48.993],[-116.048,48.993]]]},"properties":{"country":"US","code":"MT","name":"Montana","label":[-110.044,46.9965]}},{"type":"Feature","geometry":{"type":"Polygon","coordinates":[[[-114.064,48.993],[-112.982,48.993],[-111.443,48.993],[-109.999,48.993],[-110,50.375],[-110,51.406],[-110,52.438],[-110,53.125],[-110,54.5],[-110,55.188],[-110,56.563],[-110,57.25],[-110,58.281],[-110,59.313],[-110,60],[-111.875,60],[-113.125,60],[-115,60],[-116.25,60],[-117.5,60],[-118.75,60],[-120,60],[-120,59.066],[-120,57.708],[-120,56.874],[-120,55.712],[-120,54.958],[-120.001,53.823],[-119.808,53.705],[-119.905,53.617],[-119.757,53.415],[-119.381,53.356],[-119.278,53.208],[-119.029,53.135],[-118.85,53.183],[-118.663,53.016],[-118.605,52.878],[-118.417,52.826],[-118.352,52.628],[-118.211,52.367],[-117.992,52.485],[-117.758,52.405],[-117.822,52.28],[-117.591,52.13],[-117.376,52.134],[-117.047,51.915],[-116.938,51.72],[-116.685,51.809],[-116.576,51.644],[-116.296,51.451],[-116.234,51.303],[-116.028,51.22],[-116.018,51.142],[-115.816,51.084],[-115.62,50.97],[-115.528,50.792],[-115.343,50.73],[-115.188,50.548],[-115,50.563],[-114.775,50.354],[-114.719,50.116],[-114.644,49.983],[-114.625,49.78],[-114.738,49.581],[-114.564,49.539],[-114.592,49.418],[-114.376,49.205],[-114.225,49.186],[-114.064,48.993]]]},"properties":{"country":"CA","code":"AB","name":"Alberta","label":[-115,55.2816]}},{"type":"Feature","geometry":{"type":"Polygon","coordinates":[[[-104.048,48.993],[-102.87,48.993],[-101.364,48.993],[-101.421,49.603],[-101.501,50.46],[-101.581,51.317],[-101.681,52.388],[-101.761,53.245],[-101.881,54.531],[-102.001,55.816],[-102.001,56.546],[-102.001,57.275],[-102.001,58.41],[-102.001,58.978],[-102.002,60],[-103.501,60],[-105.501,60],[-107.5,60],[-109,60],[-110,60],[-110,59.313],[-110,58.281],[-110,57.25],[-110,56.563],[-110,55.188],[-110,54.5],[-110,53.125],[-110,52.438],[-110,51.406],[-110,50.375],[-109.999,48.993],[-108.366,48.993],[-106.607,48.993],[-105.508,48.993],[-104.048,48.993]]]},"properties":{"country":"CA","code":"SK","name":"Saskatchewan","label":[-105.682,54.4965]}},{"type":"Feature","geometry":{"type":"Polygon","coordinates":[[[-104.045,45.942],[-102.613,45.942],[-101.216,45.942],[-100.284,45.942],[-99.352,45.942],[-98.42,45.942],[-97.488,45.942],[-96.556,45.942],[-96.602,46.324],[-96.709,46.434],[-96.795,46.642],[-96.787,46.872],[-96.828,47.002],[-96.853,47.488],[-96.894,47.679],[-96.992,47.815],[-97.13,48.171],[-97.101,48.651],[-97.226,48.993],[-98.694,48.993],[-99.793,48.993],[-101.364,48.993],[-102.87,48.993],[-104.048,48.993],[-104.046,47.968],[-104.046,47.301],[-104.045,45.942]]]},"properties":{"country":"US","code":"ND","name":"North Dakota","label":[-100.302,47.4675]}},{"type":"Feature","geometry":{"type":"Polygon","coordinates":[[[-101.364,48.993],[-99.793,48.993],[-98.694,48.993],[-97.226,48.993],[-95.836,48.993],[-95.177,48.993],[-95.161,49.369],[-95.154,50.29],[-95.154,51.586],[-95.154,52.821],[-94.446,53.251],[-93.62,53.747],[-92.938,54.24],[-91.686,55.111],[-90.331,55.992],[-88.947,56.853],[-89.827,56.976],[-90.586,57.23],[-91.031,57.265],[-92.224,57.021],[-92.279,57.065],[-92.666,57.001],[-92.457,57.223],[-92.457,57.449],[-92.757,57.866],[-92.808,58.076],[-93.128,58.528],[-93.19,58.76],[-93.717,58.792],[-94.146,58.77],[-94.399,58.712],[-94.485,58.82],[-94.807,59.018],[-94.772,59.298],[-94.718,59.367],[-94.822,59.65],[-94.775,59.778],[-94.803,60],[-96.601,60],[-98.401,60],[-100.651,60],[-102.002,60],[-102.001,58.978],[-102.001,58.41],[-102.001,57.275],[-102.001,56.546],[-102.001,55.816],[-101.881,54.531],[-101.761,53.245],[-101.681,52.388],[-101.581,51.317],[-101.501,50.46],[-101.421,49.603],[-101.364,48.993]]]},"properties":{"country":"CA","code":"MB","name":"Manitoba","label":[-97.3828,54.85]}},{"type":"Feature","geometry":{"type":"Polygon","coordinates":[[[-96.556,45.942],[-96.638,45.764],[-96.863,45.601],[-96.688,45.409],[-96.566,45.394],[-96.454,45.297],[-96.454,44.599],[-96.454,43.5],[-94.828,43.5],[-93.852,43.5],[-92.876,43.501],[-91.25,43.501],[-91.249,43.769],[-91.295,43.919],[-91.426,44.023],[-91.663,44.073],[-91.837,44.182],[-91.95,44.336],[-92.103,44.437],[-92.273,44.466],[-92.394,44.58],[-92.585,44.608],[-92.82,44.758],[-92.758,44.926],[-92.802,45.078],[-92.751,45.3],[-92.668,45.445],[-92.751,45.559],[-92.883,45.576],[-92.882,45.716],[-92.704,45.913],[-92.363,46.027],[-92.293,46.083],[-92.292,46.66],[-92.11,46.769],[-91.965,46.729],[-91.468,46.924],[-90.654,47.308],[-89.958,47.286],[-89.499,47.995],[-89.98,48.01],[-90.179,48.116],[-90.532,48.085],[-90.786,48.1],[-90.923,48.227],[-91.276,48.065],[-91.428,48.036],[-91.693,48.098],[-91.765,48.187],[-91.957,48.228],[-92.043,48.335],[-92.303,48.311],[-92.385,48.232],[-92.527,48.446],[-92.649,48.536],[-92.98,48.618],[-93.258,48.63],[-93.492,48.542],[-93.757,48.517],[-93.875,48.636],[-94.232,48.652],[-94.312,48.714],[-94.593,48.726],[-94.711,48.808],[-94.711,48.915],[-94.827,49.293],[-95.161,49.369],[-95.177,48.993],[-95.836,48.993],[-97.226,48.993],[-97.101,48.651],[-97.13,48.171],[-96.992,47.815],[-96.894,47.679],[-96.853,47.488],[-96.828,47.002],[-96.787,46.872],[-96.795,46.642],[-96.709,46.434],[-96.602,46.324],[-96.556,45.942]]]},"properties":{"country":"US","code":"MN","name":"Minnesota","label":[-93.364,46.0592]}},{"type":"Feature","geometry":{"type":"MultiPolygon","coordinates":[[[[-95.161,49.369],[-94.827,49.293],[-94.711,48.915],[-94.711,48.808],[-94.593,48.726],[-94.312,48.714],[-94.232,48.652],[-93.875,48.636],[-93.757,48.517],[-93.492,48.542],[-93.258,48.63],[-92.98,48.618],[-92.649,48.536],[-92.527,48.446],[-92.385,48.232],[-92.303,48.311],[-92.043,48.335],[-91.957,48.228],[-91.765,48.187],[-91.693,48.098],[-91.428,48.036],[-91.276,48.065],[-90.923,48.227],[-90.786,48.1],[-90.532,48.085],[-90.179,48.116],[-89.98,48.01],[-89.499,47.995],[-89.34,47.984],[-88.643,48.257],[-88.347,48.299],[-87.409,47.93],[-86.637,47.624],[-84.879,46.898],[-84.773,46.633],[-84.589,46.475],[-84.11,46.526],[-84.159,46.433],[-84.087,46.201],[-83.947,46.061],[-83.839,46.119],[-83.614,46.116],[-83.466,45.993],[-83.637,45.774],[-83.484,45.772],[-82.589,45.372],[-82.532,45.294],[-82.292,44.242],[-82.148,43.611],[-82.154,43.55],[-82.411,43.051],[-82.511,42.647],[-82.8,42.418],[-83.04,42.332],[-83.129,42.24],[-83.159,42.046],[-83.131,41.938],[-83.068,41.848],[-82.711,41.68],[-82.425,41.677],[-81.277,42.209],[-80.52,42.324],[-80.247,42.365],[-79.763,42.538],[-79.019,42.803],[-78.915,42.948],[-79.032,43.013],[-79.054,43.26],[-79.174,43.465],[-78.688,43.632],[-77.534,43.628],[-76.842,43.626],[-76.797,43.645],[-76.455,44.084],[-76.207,44.217],[-76.067,44.348],[-75.87,44.409],[-75.7,44.582],[-75.27,44.864],[-74.868,45.01],[-74.713,44.999],[-74.346,45.221],[-74.478,45.317],[-74.394,45.573],[-74.644,45.656],[-74.938,45.638],[-75.284,45.577],[-75.882,45.4],[-76.049,45.515],[-76.343,45.474],[-76.647,45.581],[-76.797,45.876],[-76.964,45.788],[-77.139,45.84],[-77.289,46],[-77.469,46.115],[-77.658,46.184],[-78.111,46.263],[-78.321,46.266],[-78.694,46.337],[-78.964,46.533],[-79.164,46.824],[-79.431,47.087],[-79.445,47.275],[-79.58,47.452],[-79.517,47.566],[-79.521,48.886],[-79.521,49.9],[-79.521,50.943],[-79.706,51.065],[-79.745,51.124],[-80.108,51.296],[-80.43,51.357],[-80.595,51.711],[-80.979,52.002],[-81.391,52.128],[-81.581,52.316],[-81.564,52.456],[-81.918,52.68],[-81.988,52.798],[-82.301,52.968],[-82.238,53.221],[-82.119,53.277],[-82.219,53.604],[-82.126,53.812],[-82.243,54.065],[-82.431,54.228],[-82.421,54.384],[-82.201,54.834],[-82.279,55.045],[-82.458,55.141],[-82.815,55.147],[-82.92,55.221],[-83.239,55.224],[-83.768,55.281],[-83.929,55.327],[-84.613,55.245],[-85.127,55.303],[-85.152,55.36],[-85.439,55.428],[-85.683,55.587],[-85.904,55.662],[-86.289,55.726],[-86.875,55.911],[-87.316,55.962],[-87.622,56.096],[-87.98,56.443],[-88.311,56.538],[-88.496,56.648],[-88.947,56.853],[-90.331,55.992],[-91.686,55.111],[-92.938,54.24],[-93.62,53.747],[-94.446,53.251],[-95.154,52.821],[-95.154,51.586],[-95.154,50.29],[-95.161,49.369]]],[[[-79.521,50.965],[-79.521,51.467],[-79.701,51.385],[-79.747,51.196],[-79.67,51.058],[-79.521,50.965]]]]},"properties":{"country":"CA","code":"ON","name":"Ontario","label":[-84.7943,50.5244]}},{"type":"Feature","geometry":{"type":"Polygon","coordinates":[[[-89.958,47.286],[-90.413,46.584],[-90.23,46.509],[-90.118,46.341],[-89.119,46.148],[-88.837,46.036],[-88.537,46.026],[-88.115,45.925],[-88.073,45.787],[-87.803,45.687],[-87.812,45.485],[-87.882,45.377],[-87.655,45.361],[-87.727,45.244],[-87.654,45.121],[-87.436,45.079],[-87.403,45.205],[-87.199,45.323],[-87.092,45.444],[-86.764,45.444],[-86.251,45.236],[-86.449,45.115],[-86.715,44.845],[-86.852,44.563],[-87,44.168],[-87.114,43.765],[-87.147,43.38],[-87.019,42.496],[-87.208,41.76],[-86.27,41.759],[-84.806,41.758],[-84.806,41.697],[-83.414,41.735],[-83.131,41.938],[-83.159,42.046],[-83.129,42.24],[-83.04,42.332],[-82.8,42.418],[-82.511,42.647],[-82.411,43.051],[-82.154,43.55],[-82.148,43.611],[-82.292,44.242],[-82.532,45.294],[-82.589,45.372],[-83.484,45.772],[-83.637,45.774],[-83.466,45.993],[-83.614,46.116],[-83.839,46.119],[-83.947,46.061],[-84.087,46.201],[-84.159,46.433],[-84.11,46.526],[-84.589,46.475],[-84.773,46.633],[-84.879,46.898],[-86.637,47.624],[-87.409,47.93],[-88.347,48.299],[-88.643,48.257],[-89.34,47.984],[-89.499,47.995],[-89.958,47.286]]]},"properties":{"country":"US","code":"MI","name":"Michigan","label":[-84.9479,43.4343]}},{"type":"Feature","geometry":{"type":"Polygon","coordinates":[[[-83.131,41.938],[-83.414,41.735],[-84.806,41.697],[-84.806,40.724],[-84.814,39.992],[-84.824,39.097],[-84.637,39.077],[-84.444,39.102],[-84.322,39.029],[-84.196,38.811],[-83.866,38.762],[-83.714,38.639],[-83.534,38.707],[-83.305,38.601],[-83.134,38.628],[-83.031,38.716],[-82.886,38.745],[-82.827,38.586],[-82.698,38.535],[-82.589,38.419],[-82.332,38.444],[-82.209,38.786],[-82.058,39.003],[-81.848,38.913],[-81.784,38.933],[-81.746,39.193],[-81.569,39.288],[-81.479,39.401],[-81.388,39.362],[-81.227,39.398],[-80.875,39.629],[-80.739,40.061],[-80.601,40.323],[-80.602,40.471],[-80.677,40.589],[-80.52,40.647],[-80.52,41.276],[-80.52,42.324],[-81.277,42.209],[-82.425,41.677],[-82.711,41.68],[-83.068,41.848],[-83.131,41.938]]]},"properties":{"country":"US","code":"OH","name":"Ohio","label":[-82.6719,40.0924]}},{"type":"Feature","geometry":{"type":"Polygon","coordinates":[[[-80.52,42.324],[-80.52,41.276],[-80.52,40.647],[-80.519,39.721],[-79.477,39.722],[-78.439,39.722],[-77.516,39.722],[-75.789,39.721],[-75.601,39.838],[-75.424,39.807],[-75.148,39.903],[-75.024,40.016],[-74.739,40.185],[-75.182,40.57],[-75.189,40.759],[-75.061,40.892],[-75.14,40.982],[-74.886,41.181],[-74.845,41.273],[-74.699,41.356],[-74.886,41.448],[-75.064,41.616],[-75.079,41.828],[-75.339,41.997],[-76.598,41.998],[-78.094,41.999],[-79.763,42],[-79.763,42.538],[-80.247,42.365],[-80.52,42.324]]]},"properties":{"country":"US","code":"PA","name":"Pennsylvania","label":[-77.6094,40.8601]}},{"type":"Feature","geometry":{"type":"MultiPolygon","coordinates":[[[[-79.763,42.538],[-79.763,42],[-78.094,41.999],[-76.598,41.998],[-75.339,41.997],[-75.079,41.828],[-75.064,41.616],[-74.886,41.448],[-74.699,41.356],[-73.907,40.991],[-73.82,40.839],[-73.643,41.001],[-73.723,41.103],[-73.484,41.218],[-73.545,41.295],[-73.481,42.055],[-73.507,42.079],[-73.266,42.746],[-73.247,43.552],[-73.421,43.648],[-73.368,43.748],[-73.439,44.053],[-73.295,44.47],[-73.367,44.574],[-73.338,44.801],[-73.351,45.005],[-74.713,44.999],[-74.868,45.01],[-75.27,44.864],[-75.7,44.582],[-75.87,44.409],[-76.067,44.348],[-76.207,44.217],[-76.455,44.084],[-76.797,43.645],[-76.842,43.626],[-77.534,43.628],[-78.688,43.632],[-79.174,43.465],[-79.054,43.26],[-79.032,43.013],[-78.915,42.948],[-79.019,42.803],[-79.763,42.538]]],[[[-71.919,41.065],[-72.109,41.001],[-72.155,41.055],[-72.367,40.995],[-72.457,40.91],[-72.606,40.99],[-72.781,40.965],[-73.113,40.973],[-73.225,40.908],[-73.486,40.946],[-73.909,40.789],[-74.036,40.639],[-73.83,40.649],[-73.707,40.583],[-73.233,40.715],[-72.947,40.742],[-72.727,40.808],[-72.605,40.801],[-71.93,41.038],[-71.919,41.065]]]]},"properties":{"country":"US","code":"NY","name":"New York","label":[-75.3242,43.1988]}},{"type":"Feature","geometry":{"type":"MultiPolygon","coordinates":[[[[-74.346,45.221],[-74.153,45.32],[-73.962,45.354],[-74.078,45.457],[-73.91,45.535],[-73.755,45.676],[-73.495,45.728],[-73.29,45.875],[-73.159,46.075],[-73.022,46.11],[-72.994,46.211],[-72.603,46.301],[-72.462,46.402],[-72.258,46.471],[-72.228,46.553],[-72.055,46.594],[-71.881,46.691],[-71.694,46.674],[-71.354,46.739],[-70.957,47.021],[-70.715,47.118],[-70.497,47.429],[-70.237,47.496],[-70.2,47.596],[-69.932,47.773],[-69.736,48.123],[-70.028,48.253],[-70.163,48.245],[-70.478,48.356],[-70.744,48.355],[-70.747,48.428],[-70.369,48.374],[-70.144,48.273],[-69.985,48.278],[-69.798,48.157],[-69.655,48.163],[-69.447,48.296],[-69.144,48.601],[-69.07,48.756],[-68.635,49.017],[-68.372,49.14],[-68.181,49.124],[-68.122,49.271],[-67.376,49.339],[-67.245,49.459],[-67.231,49.612],[-67.131,49.831],[-67.045,49.828],[-66.951,49.986],[-66.746,50.054],[-66.543,50.216],[-66.162,50.196],[-65.929,50.293],[-65.737,50.257],[-65.258,50.322],[-64.888,50.274],[-64.47,50.322],[-64.247,50.271],[-63.989,50.307],[-63.722,50.304],[-63.442,50.223],[-63.177,50.29],[-62.852,50.294],[-61.846,50.22],[-61.718,50.1],[-61.311,50.199],[-61.166,50.185],[-60.836,50.256],[-60.54,50.226],[-60.064,50.254],[-59.851,50.314],[-59.803,50.446],[-59.582,50.484],[-59.41,50.667],[-58.993,50.791],[-58.948,51.042],[-58.716,51.107],[-58.656,51.211],[-58.454,51.317],[-58.234,51.277],[-57.978,51.33],[-57.749,51.463],[-57.671,51.435],[-57.25,51.508],[-57.1,51.419],[-57.101,52],[-58.057,52],[-59.299,52],[-60.461,52],[-61.678,52],[-62.794,52],[-63.67,52.036],[-63.773,52.335],[-63.973,52.354],[-64.081,52.473],[-63.813,52.62],[-63.379,52.651],[-63.605,52.786],[-64.107,52.72],[-64.19,52.572],[-64.128,52.387],[-64.207,52.304],[-64.155,52.132],[-64.235,51.981],[-64.362,51.967],[-64.279,51.74],[-64.53,51.592],[-64.689,51.723],[-64.857,51.774],[-64.957,51.723],[-65.184,51.774],[-65.459,52.025],[-65.683,52.025],[-65.824,52.108],[-65.992,52.06],[-66.078,52.17],[-66.374,52.142],[-66.48,52.335],[-66.35,52.359],[-66.408,52.589],[-66.288,52.847],[-66.364,53.002],[-66.625,52.937],[-66.656,52.796],[-66.866,52.662],[-67.041,52.775],[-67.302,52.868],[-67.385,53.105],[-67.299,53.157],[-66.983,53.105],[-66.962,53.295],[-66.89,53.415],[-67.031,53.515],[-67.323,53.566],[-67.523,53.838],[-67.808,54.034],[-67.64,54.189],[-67.75,54.426],[-67.509,54.488],[-67.499,54.595],[-67.261,54.571],[-67.086,54.732],[-67.265,54.835],[-67.423,54.997],[-67.016,54.885],[-66.936,54.799],[-66.737,54.734],[-66.607,54.804],[-66.729,54.939],[-66.762,55.104],[-66.588,55.255],[-66.254,54.998],[-66.059,54.919],[-65.849,54.897],[-65.698,54.723],[-65.482,54.817],[-65.221,54.851],[-65.103,54.957],[-64.941,54.93],[-64.576,54.727],[-64.458,54.795],[-64.181,54.711],[-64.114,54.631],[-63.899,54.602],[-63.729,54.647],[-63.904,54.782],[-63.815,54.94],[-63.605,54.902],[-63.551,55.226],[-63.66,55.27],[-63.39,55.405],[-63.738,55.44],[-63.669,55.624],[-63.693,55.753],[-63.84,55.913],[-63.703,56.047],[-64.022,56.09],[-63.942,56.253],[-64.108,56.375],[-63.943,56.545],[-64.124,56.69],[-63.915,56.937],[-63.743,57.227],[-63.838,57.325],[-63.708,57.385],[-63.765,57.564],[-63.639,57.639],[-64.094,57.806],[-64.221,58.045],[-64.404,58.065],[-64.39,58.188],[-64.242,58.22],[-64.167,58.339],[-63.818,58.486],[-64.029,58.682],[-63.534,58.723],[-63.726,58.879],[-64.126,58.752],[-64.31,58.885],[-64.568,58.887],[-64.864,58.994],[-64.716,59.066],[-64.414,58.982],[-64.538,59.286],[-64.492,59.436],[-64.672,59.45],[-64.893,59.565],[-64.774,59.699],[-64.814,59.819],[-64.671,59.883],[-64.817,60.039],[-64.599,60.118],[-64.845,60.264],[-64.531,60.304],[-64.849,60.366],[-65.118,60.008],[-65.138,59.9],[-65.546,59.731],[-65.407,59.417],[-65.743,59.268],[-65.642,59.073],[-65.982,58.917],[-66.109,58.779],[-66.391,58.851],[-66.629,58.593],[-66.615,58.498],[-66.947,58.498],[-67.064,58.393],[-67.649,58.252],[-67.924,58.412],[-67.89,58.499],[-68.137,58.523],[-68.35,58.622],[-68.362,58.784],[-68.787,58.922],[-69.256,58.899],[-69.834,58.604],[-70.034,58.813],[-69.452,58.895],[-69.528,59.186],[-69.243,59.228],[-69.255,59.325],[-69.445,59.361],[-69.627,59.307],[-69.671,59.457],[-69.568,59.603],[-69.658,59.703],[-69.59,59.876],[-69.77,59.971],[-69.611,60.101],[-69.602,60.225],[-69.753,60.333],[-69.688,60.556],[-69.72,60.684],[-69.381,60.8],[-69.537,61.08],[-69.916,60.81],[-70.065,60.858],[-70.11,61.06],[-70.325,61.1],[-70.604,61.033],[-70.939,61.074],[-71.232,61.167],[-71.395,61.15],[-71.696,61.277],[-71.672,61.375],[-71.855,61.424],[-71.652,61.65],[-71.957,61.711],[-72.232,61.881],[-72.605,61.944],[-72.621,62.102],[-73.062,62.188],[-73.21,62.313],[-73.571,62.395],[-73.671,62.482],[-74.417,62.253],[-75.006,62.269],[-75.328,62.317],[-75.83,62.313],[-76.596,62.458],[-76.758,62.511],[-77.491,62.588],[-78.155,62.297],[-78.085,61.888],[-77.94,61.694],[-77.708,61.616],[-77.608,61.465],[-77.785,61.455],[-77.752,61.232],[-77.812,61.088],[-78.166,60.868],[-77.607,60.759],[-77.829,60.643],[-77.592,60.503],[-77.742,60.426],[-77.47,60.217],[-77.556,60.053],[-77.283,60.027],[-77.463,59.677],[-77.716,59.621],[-77.881,59.485],[-77.771,59.409],[-77.819,59.293],[-78.107,59.21],[-78.131,59.108],[-78.305,58.96],[-78.56,58.945],[-78.474,58.72],[-78.549,58.609],[-78.313,58.573],[-78.031,58.388],[-77.601,58.271],[-77.079,57.961],[-76.809,57.676],[-76.806,57.613],[-76.589,57.271],[-76.504,56.784],[-76.545,56.295],[-76.659,56.073],[-77.045,55.783],[-77.113,55.675],[-77.782,55.274],[-78.392,55.028],[-78.875,54.908],[-78.967,54.852],[-79.484,54.756],[-79.676,54.694],[-79.529,54.577],[-79.464,54.31],[-79.356,54.199],[-79.129,54.107],[-79.013,53.846],[-79.056,53.62],[-78.933,53.555],[-78.992,53.454],[-78.902,53.201],[-78.977,53.07],[-78.89,52.922],[-78.783,52.872],[-78.786,52.659],[-78.521,52.481],[-78.5,52.356],[-78.591,52.106],[-78.841,51.842],[-79.015,51.796],[-78.929,51.66],[-78.792,51.611],[-78.794,51.474],[-78.882,51.403],[-79.346,51.662],[-79.56,51.556],[-79.521,51.467],[-79.521,50.965],[-79.521,50.943],[-79.521,49.9],[-79.521,48.886],[-79.517,47.566],[-79.58,47.452],[-79.445,47.275],[-79.431,47.087],[-79.164,46.824],[-78.964,46.533],[-78.694,46.337],[-78.321,46.266],[-78.111,46.263],[-77.658,46.184],[-77.469,46.115],[-77.289,46],[-77.139,45.84],[-76.964,45.788],[-76.797,45.876],[-76.647,45.581],[-76.343,45.474],[-76.049,45.515],[-75.882,45.4],[-75.284,45.577],[-74.938,45.638],[-74.644,45.656],[-74.394,45.573],[-74.478,45.317],[-74.346,45.221]]],[[[-73.351,45.005],[-72.302,45.01],[-71.506,45.014],[-71.395,45.242],[-71.085,45.304],[-70.952,45.332],[-70.723,45.471],[-70.687,45.573],[-70.407,45.732],[-70.417,45.794],[-70.263,45.923],[-70.311,46.072],[-70.188,46.358],[-70.074,46.42],[-70.008,46.704],[-69.268,47.44],[-69.054,47.418],[-69.064,47.291],[-68.553,47.437],[-68.387,47.558],[-68.378,47.928],[-68.113,47.928],[-68.113,47.998],[-67.613,47.998],[-67.606,47.938],[-67.351,47.85],[-66.843,47.997],[-66.543,48.059],[-66.515,48.108],[-66.096,48.097],[-65.953,48.195],[-65.784,48.116],[-65.286,48.013],[-64.779,48.204],[-64.705,48.324],[-64.329,48.42],[-64.2,48.521],[-64.162,48.63],[-64.278,48.726],[-64.221,48.894],[-64.613,49.123],[-64.963,49.219],[-65.566,49.266],[-66.219,49.208],[-66.622,49.123],[-67.425,48.874],[-67.547,48.862],[-67.962,48.702],[-68.206,48.642],[-68.726,48.376],[-69.054,48.232],[-69.324,48.031],[-69.445,47.992],[-69.55,47.844],[-69.802,47.622],[-70.031,47.47],[-70.388,47.116],[-70.535,47.011],[-71.158,46.841],[-71.302,46.745],[-71.714,46.632],[-71.846,46.668],[-72.007,46.571],[-72.19,46.526],[-72.274,46.421],[-72.496,46.361],[-72.731,46.177],[-72.933,46.144],[-73.14,46.058],[-73.259,45.854],[-73.413,45.752],[-73.557,45.414],[-73.687,45.431],[-74.048,45.233],[-74.4,45.145],[-74.474,45.067],[-74.713,44.999],[-73.351,45.005]]],[[[-73.499,45.71],[-73.795,45.467],[-73.541,45.483],[-73.499,45.71]]],[[[-64.319,49.791],[-63.925,49.675],[-63.641,49.513],[-63.587,49.39],[-63.278,49.315],[-63.093,49.233],[-62.248,49.068],[-61.812,49.069],[-61.661,49.151],[-61.883,49.354],[-62.204,49.414],[-62.534,49.605],[-62.962,49.741],[-63.375,49.829],[-63.945,49.896],[-64.133,49.95],[-64.451,49.909],[-64.319,49.791]]]]},"properties":{"country":"CA","code":"QC","name":"Québec","label":[-73.7168,52.2593]}},{"type":"Feature","geometry":{"type":"Polygon","coordinates":[[[-73.266,42.746],[-72.467,42.729],[-72.555,42.878],[-72.481,42.989],[-72.404,43.3],[-72.398,43.531],[-72.306,43.72],[-72.214,43.785],[-72.049,44.143],[-72.042,44.282],[-71.678,44.446],[-71.55,44.596],[-71.635,44.74],[-71.515,44.895],[-71.506,45.014],[-72.302,45.01],[-73.351,45.005],[-73.338,44.801],[-73.367,44.574],[-73.295,44.47],[-73.439,44.053],[-73.368,43.748],[-73.421,43.648],[-73.247,43.552],[-73.266,42.746]]]},"properties":{"country":"US","code":"VT","name":"Vermont","label":[-72.7317,44.0886]}},{"type":"Feature","geometry":{"type":"Polygon","coordinates":[[[-71.506,45.014],[-71.515,44.895],[-71.635,44.74],[-71.55,44.596],[-71.678,44.446],[-72.042,44.282],[-72.049,44.143],[-72.214,43.785],[-72.306,43.72],[-72.398,43.531],[-72.404,43.3],[-72.481,42.989],[-72.555,42.878],[-72.467,42.729],[-71.306,42.701],[-70.926,42.887],[-70.814,42.877],[-70.744,43.084],[-70.817,43.24],[-70.973,43.383],[-70.958,43.562],[-71.038,44.663],[-71.085,45.304],[-71.395,45.242],[-71.506,45.014]]]},"properties":{"country":"US","code":"NH","name":"New Hampshire","label":[-71.6301,43.5993]}},{"type":"Feature","geometry":{"type":"MultiPolygon","coordinates":[[[[-71.085,45.304],[-71.038,44.663],[-70.958,43.562],[-70.973,43.383],[-70.817,43.24],[-70.744,43.084],[-70.66,43.094],[-70.52,43.34],[-70.382,43.394],[-70.356,43.527],[-70.205,43.561],[-70.239,43.7],[-69.986,43.863],[-69.787,43.738],[-69.649,43.898],[-69.479,43.88],[-69.37,44.022],[-69.263,43.93],[-69.119,44.041],[-68.999,44.295],[-68.987,44.421],[-68.828,44.479],[-68.756,44.334],[-68.526,44.295],[-68.563,44.401],[-68.27,44.486],[-68.112,44.48],[-68.098,44.386],[-67.9,44.422],[-67.807,44.575],[-67.575,44.553],[-67.224,44.644],[-66.977,44.816],[-67.176,45.179],[-67.356,45.166],[-67.475,45.282],[-67.429,45.387],[-67.493,45.493],[-67.45,45.611],[-67.66,45.637],[-67.8,45.7],[-67.773,45.828],[-67.805,47.036],[-67.962,47.198],[-68.197,47.341],[-68.54,47.3],[-68.906,47.19],[-69.064,47.291],[-69.054,47.418],[-69.268,47.44],[-70.008,46.704],[-70.074,46.42],[-70.188,46.358],[-70.311,46.072],[-70.263,45.923],[-70.417,45.794],[-70.407,45.732],[-70.687,45.573],[-70.723,45.471],[-70.952,45.332],[-71.085,45.304]]],[[[-68.245,44.425],[-68.355,44.423],[-68.414,44.259],[-68.177,44.328],[-68.245,44.425]]]]},"properties":{"country":"US","code":"ME","name":"Maine","label":[-69.1973,45.148]}},{"type":"Feature","geometry":{"type":"Polygon","coordinates":[[[-69.064,47.291],[-68.906,47.19],[-68.54,47.3],[-68.197,47.341],[-67.962,47.198],[-67.805,47.036],[-67.773,45.828],[-67.8,45.7],[-67.66,45.637],[-67.45,45.611],[-67.493,45.493],[-67.429,45.387],[-67.475,45.282],[-67.356,45.166],[-67.176,45.179],[-67.086,45.098],[-66.746,45.065],[-66.491,45.156],[-66.429,45.084],[-66.189,45.178],[-66.128,45.279],[-65.909,45.21],[-65.545,45.33],[-65.315,45.459],[-64.756,45.628],[-64.585,45.826],[-64.42,45.791],[-64.273,45.836],[-64.16,45.964],[-64.043,45.992],[-63.813,46.14],[-64.253,46.234],[-64.514,46.239],[-64.628,46.334],[-64.613,46.419],[-64.72,46.576],[-64.714,46.687],[-64.865,46.783],[-64.906,46.887],[-64.806,46.985],[-64.825,47.089],[-65.331,47.101],[-64.96,47.294],[-64.868,47.486],[-64.892,47.562],[-64.685,47.723],[-64.826,47.815],[-65.026,47.85],[-65.209,47.82],[-65.477,47.684],[-65.629,47.671],[-65.818,47.907],[-66.262,48.006],[-66.386,48.075],[-66.732,47.987],[-66.843,47.997],[-67.351,47.85],[-67.606,47.938],[-67.613,47.998],[-68.113,47.998],[-68.113,47.928],[-68.378,47.928],[-68.387,47.558],[-68.553,47.437],[-69.064,47.291]]]},"properties":{"country":"CA","code":"NB","name":"New Brunswick","label":[-66.4558,46.5822]}},{"type":"Feature","geometry":{"type":"Polygon","coordinates":[[[-114.724,32.713],[-114.822,32.5],[-113.962,32.234],[-113.143,31.981],[-112.325,31.728],[-111.067,31.334],[-109.966,31.327],[-109.047,31.327],[-109.047,32.395],[-109.047,33.458],[-109.047,34.52],[-109.047,35.229],[-109.047,36.291],[-109.047,37],[-109.827,37],[-111.231,37.001],[-112.48,37.002],[-114.04,37.003],[-114.042,36.22],[-114.124,36.046],[-114.234,36.024],[-114.348,36.14],[-114.555,36.161],[-114.721,36.093],[-114.74,35.986],[-114.667,35.874],[-114.668,35.517],[-114.591,35.353],[-114.573,35.191],[-114.628,35.004],[-114.617,34.879],[-114.494,34.754],[-114.364,34.467],[-114.125,34.328],[-114.127,34.28],[-114.382,34.124],[-114.522,33.941],[-114.503,33.754],[-114.536,33.562],[-114.626,33.437],[-114.717,33.417],[-114.673,33.205],[-114.697,33.089],[-114.474,32.985],[-114.458,32.877],[-114.536,32.738],[-114.724,32.713]]]},"properties":{"country":"US","code":"AZ","name":"Arizona","label":[-111.935,34.3046]}},{"type":"Feature","geometry":{"type":"MultiPolygon","coordinates":[[[[-114.628,35.004],[-115.194,35.438],[-116.178,36.21],[-116.66,36.589],[-117.393,37.14],[-118.126,37.691],[-118.829,38.182],[-120,38.999],[-120,40.351],[-120.001,41.45],[-120.001,42],[-120.785,42],[-122.093,42],[-123.401,42],[-124.215,42],[-124.219,41.85],[-124.062,41.436],[-124.124,41.182],[-124.11,41.015],[-124.214,40.701],[-124.274,40.7],[-124.409,40.444],[-124.364,40.261],[-124.116,40.107],[-123.854,39.834],[-123.77,39.545],[-123.825,39.347],[-123.689,39.028],[-123.648,38.85],[-123.434,38.687],[-123.253,38.511],[-123.129,38.449],[-122.975,38.266],[-122.921,38.035],[-122.528,37.816],[-122.487,38.105],[-122.397,38.153],[-122.227,38.058],[-122.395,37.97],[-122.146,37.579],[-122.359,37.593],[-122.419,37.811],[-122.515,37.781],[-122.52,37.531],[-122.4,37.36],[-122.404,37.195],[-122.154,36.977],[-121.937,36.978],[-121.79,36.806],[-121.814,36.683],[-121.946,36.492],[-121.896,36.314],[-121.49,35.982],[-121.463,35.887],[-121.337,35.787],[-121.269,35.664],[-121.169,35.637],[-121.005,35.461],[-120.871,35.405],[-120.898,35.25],[-120.645,35.139],[-120.673,34.908],[-120.603,34.705],[-120.648,34.586],[-120.473,34.45],[-120.133,34.473],[-119.879,34.407],[-119.617,34.421],[-119.453,34.368],[-119.269,34.255],[-119.217,34.146],[-118.937,34.043],[-118.783,34.022],[-118.544,34.039],[-118.391,33.836],[-118.091,33.731],[-117.509,33.335],[-117.322,33.109],[-117.254,32.885],[-117.257,32.702],[-117.166,32.67],[-117.125,32.532],[-115.794,32.632],[-114.724,32.713],[-114.536,32.738],[-114.458,32.877],[-114.474,32.985],[-114.697,33.089],[-114.673,33.205],[-114.717,33.417],[-114.626,33.437],[-114.536,33.562],[-114.503,33.754],[-114.522,33.941],[-114.382,34.124],[-114.127,34.28],[-114.125,34.328],[-114.364,34.467],[-114.494,34.754],[-114.617,34.879],[-114.628,35.004]]],[[[-120.044,34.037],[-120.218,34.011],[-120.11,33.893],[-120,33.941],[-120.044,34.037]]],[[[-119.529,34.025],[-119.633,34.014],[-119.856,34.071],[-119.851,33.967],[-119.72,33.959],[-119.529,34.025]]]]},"properties":{"country":"US","code":"CA","name":"California","label":[-119.591,36.7496]}},{"type":"Feature","geometry":{"type":"Polygon","coordinates":[[[-109.047,31.327],[-108.215,31.327],[-108.215,31.778],[-107.154,31.775],[-106.506,31.77],[-106.591,31.827],[-106.662,32],[-105.953,32.001],[-104.843,32.001],[-103.954,32.001],[-103.066,32.002],[-103.06,32.975],[-103.055,33.948],[-103.048,35.338],[-103.042,36.5],[-103,36.5],[-103.001,37],[-104.323,37],[-105.079,37],[-106.213,37],[-107.535,37],[-109.047,37],[-109.047,36.291],[-109.047,35.229],[-109.047,34.52],[-109.047,33.458],[-109.047,32.395],[-109.047,31.327]]]},"properties":{"country":"US","code":"NM","name":"New Mexico","label":[-106.024,34.5002]}},{"type":"Feature","geometry":{"type":"Polygon","coordinates":[[[-106.506,31.77],[-106.358,31.718],[-106.164,31.448],[-106.005,31.397],[-105.768,31.18],[-105.591,31.071],[-105.556,31.003],[-105.364,30.85],[-105.229,30.81],[-105.008,30.677],[-104.887,30.552],[-104.852,30.439],[-104.682,30.193],[-104.68,29.942],[-104.531,29.668],[-104.349,29.538],[-104.267,29.527],[-104.057,29.339],[-103.794,29.278],[-103.673,29.174],[-103.302,29.002],[-103.148,28.985],[-102.988,29.177],[-102.897,29.22],[-102.883,29.344],[-102.78,29.592],[-102.683,29.744],[-102.406,29.777],[-102.302,29.889],[-102.109,29.802],[-101.972,29.818],[-101.409,29.766],[-101.364,29.677],[-101.219,29.61],[-101.164,29.501],[-100.816,29.271],[-100.669,29.116],[-100.624,28.925],[-100.519,28.805],[-100.397,28.593],[-100.284,28.297],[-100.075,28.154],[-100.001,28.02],[-99.879,27.902],[-99.863,27.805],[-99.7,27.659],[-99.507,27.574],[-99.498,27.339],[-99.432,27.208],[-99.462,27.057],[-99.248,26.827],[-99.165,26.54],[-99.085,26.408],[-98.796,26.368],[-98.641,26.242],[-98.582,26.262],[-98.369,26.194],[-98.223,26.075],[-97.802,26.064],[-97.68,26.035],[-97.425,25.855],[-97.253,25.963],[-97.352,26.354],[-97.448,26.42],[-97.425,26.535],[-97.488,26.775],[-97.555,26.825],[-97.55,27.009],[-97.446,27.133],[-97.521,27.232],[-97.422,27.328],[-97.263,27.679],[-97.386,27.83],[-97.267,27.879],[-97.184,27.837],[-97.025,28.041],[-97.157,28.134],[-96.88,28.151],[-96.782,28.242],[-96.777,28.437],[-96.654,28.319],[-96.404,28.435],[-96.582,28.579],[-96.559,28.654],[-96.346,28.635],[-96.205,28.587],[-95.817,28.732],[-95.602,28.764],[-95.379,28.881],[-95.159,29.046],[-95.159,29.152],[-94.889,29.376],[-95.024,29.542],[-95.016,29.72],[-94.876,29.666],[-94.826,29.768],[-94.693,29.696],[-94.755,29.524],[-94.654,29.452],[-94.06,29.682],[-93.933,29.776],[-93.854,29.987],[-93.798,29.986],[-93.717,30.08],[-93.715,30.287],[-93.752,30.393],[-93.687,30.601],[-93.574,30.82],[-93.515,31.042],[-93.678,31.331],[-93.655,31.37],[-93.827,31.588],[-93.814,31.713],[-93.904,31.883],[-94.043,31.998],[-94.041,33.011],[-94.047,33.554],[-94.3,33.595],[-94.387,33.562],[-94.484,33.647],[-94.873,33.756],[-94.982,33.862],[-95.22,33.963],[-95.357,33.868],[-95.537,33.89],[-95.598,33.952],[-95.772,33.862],[-95.938,33.896],[-96.156,33.821],[-96.203,33.764],[-96.496,33.787],[-96.856,33.875],[-96.915,33.956],[-97.078,33.808],[-97.201,33.787],[-97.212,33.91],[-97.372,33.83],[-97.571,33.899],[-97.68,33.984],[-97.801,33.888],[-98.088,34.028],[-98.091,34.138],[-98.343,34.143],[-98.491,34.075],[-98.575,34.152],[-98.72,34.137],[-98.953,34.212],[-99.193,34.232],[-99.265,34.412],[-99.401,34.386],[-99.681,34.395],[-99.882,34.565],[-99.999,34.575],[-100.001,35.428],[-100.002,36.5],[-100.748,36.5],[-101.808,36.5],[-103,36.5],[-103.042,36.5],[-103.048,35.338],[-103.055,33.948],[-103.06,32.975],[-103.066,32.002],[-103.954,32.001],[-104.843,32.001],[-105.953,32.001],[-106.662,32],[-106.591,31.827],[-106.506,31.77]]]},"properties":{"country":"US","code":"TX","name":"Texas","label":[-98.7607,31.131]}},{"type":"Feature","geometry":{"type":"MultiPolygon","coordinates":[[[[-139.06,60],[-139.183,60.1],[-139.102,60.347],[-139.628,60.334],[-140.016,60.187],[-140.424,60.293],[-140.534,60.219],[-141.001,60.321],[-141.002,61.342],[-141.002,62.654],[-141.003,63.382],[-141.003,64.549],[-141.004,65.569],[-141.004,66.881],[-141.005,67.756],[-141.005,68.485],[-141.006,69.651],[-141.413,69.65],[-141.653,69.762],[-142.271,69.856],[-142.601,70.013],[-143.236,70.118],[-144.386,70.044],[-144.59,69.983],[-144.942,69.978],[-145.6,70.081],[-145.88,70.175],[-146.849,70.193],[-147.124,70.168],[-147.806,70.236],[-148.257,70.354],[-148.381,70.312],[-149.344,70.51],[-149.89,70.513],[-150.119,70.443],[-150.513,70.504],[-151.178,70.449],[-151.98,70.449],[-151.76,70.567],[-152.456,70.556],[-152.514,70.689],[-152.219,70.818],[-152.546,70.888],[-153.302,70.929],[-153.894,70.898],[-154.131,70.791],[-154.539,70.826],[-154.713,70.906],[-154.597,71],[-155.109,71.15],[-155.197,71.041],[-155.518,70.952],[-155.542,70.866],[-155.92,70.825],[-156.087,70.927],[-155.594,71.07],[-155.625,71.184],[-155.999,71.195],[-156.817,71.306],[-157.231,71.071],[-157.559,70.951],[-158.043,70.837],[-159.357,70.76],[-159.668,70.805],[-159.948,70.636],[-160.216,70.579],[-160.861,70.347],[-161.342,70.259],[-162.015,70.277],[-162.461,70.06],[-162.538,69.957],[-162.95,69.79],[-163.156,69.359],[-163.623,69.119],[-163.965,69.003],[-164.346,68.929],[-165.044,68.881],[-165.665,68.862],[-166.237,68.875],[-166.24,68.564],[-166.548,68.359],[-166.103,68.24],[-165.928,68.137],[-165.437,68.06],[-164.856,67.85],[-164.694,67.825],[-164.151,67.62],[-163.81,67.335],[-163.688,67.103],[-162.435,66.991],[-161.835,67.055],[-161.731,66.954],[-161.881,66.815],[-161.868,66.706],[-161.563,66.566],[-161.314,66.535],[-161.136,66.652],[-160.881,66.672],[-160.219,66.532],[-160.249,66.402],[-160.785,66.374],[-161.061,66.486],[-161.607,66.454],[-161.871,66.532],[-162.081,66.666],[-162.015,66.772],[-162.327,66.96],[-162.639,66.9],[-162.441,66.731],[-162.265,66.723],[-161.932,66.556],[-161.745,66.406],[-161.136,66.343],[-161.114,66.207],[-161.571,66.258],[-161.685,66.139],[-161.916,66.042],[-162.179,66.076],[-162.655,66.039],[-162.765,66.104],[-163.122,66.07],[-163.68,66.079],[-163.89,66.168],[-163.896,66.399],[-163.759,66.505],[-163.986,66.612],[-164.718,66.556],[-164.951,66.46],[-165.306,66.437],[-165.766,66.324],[-165.89,66.241],[-165.755,66.105],[-166.287,66.18],[-166.725,66.061],[-167.06,65.878],[-167.346,65.899],[-168.081,65.591],[-167.399,65.401],[-166.938,65.385],[-166.31,65.312],[-166.252,65.258],[-166.75,65.062],[-166.685,64.982],[-166.39,64.899],[-166.483,64.73],[-166.19,64.585],[-165.446,64.512],[-165.036,64.448],[-164.342,64.59],[-163.537,64.565],[-163.135,64.413],[-163.053,64.51],[-162.607,64.507],[-162.081,64.721],[-161.716,64.795],[-161.422,64.774],[-161.183,64.94],[-160.885,64.81],[-160.803,64.643],[-161.035,64.508],[-161.457,64.521],[-160.973,64.25],[-160.929,64.048],[-160.767,63.824],[-160.792,63.747],[-161.186,63.506],[-161.573,63.455],[-162.087,63.452],[-162.237,63.546],[-162.597,63.277],[-162.806,63.22],[-163.094,63.057],[-163.351,63.031],[-163.603,63.106],[-163.767,63.225],[-164.145,63.262],[-164.579,63.141],[-164.442,63.032],[-164.724,63.013],[-164.883,62.842],[-164.813,62.62],[-164.868,62.538],[-165.133,62.516],[-165.706,62.117],[-165.739,61.965],[-165.609,61.851],[-166.103,61.821],[-165.911,61.704],[-166.2,61.595],[-165.777,61.516],[-165.921,61.399],[-165.624,61.28],[-165.622,61.144],[-165.374,61.072],[-165.211,61.15],[-165.059,61.063],[-165.129,60.923],[-164.628,60.932],[-164.564,60.855],[-164.007,60.862],[-163.766,60.889],[-163.424,60.765],[-163.464,60.677],[-163.794,60.584],[-163.807,60.735],[-163.956,60.78],[-164.218,60.69],[-164.271,60.788],[-164.669,60.826],[-165.031,60.787],[-164.999,60.711],[-165.314,60.581],[-164.989,60.341],[-164.485,60.184],[-164.413,60.092],[-164.201,60.034],[-164.098,59.834],[-163.615,59.801],[-163.088,59.859],[-162.526,59.998],[-162.375,60.176],[-162.109,59.965],[-162.082,59.878],[-161.714,59.501],[-161.947,59.388],[-162.03,59.23],[-161.974,59.131],[-161.614,59.081],[-161.8,58.984],[-161.717,58.755],[-161.913,58.632],[-161.562,58.602],[-161.357,58.726],[-160.667,58.948],[-160.352,59.071],[-160.257,58.912],[-160.046,58.883],[-159.911,58.776],[-159.725,58.91],[-159.385,58.756],[-159.051,58.425],[-158.83,58.405],[-158.77,58.518],[-158.889,58.706],[-158.794,58.816],[-158.408,58.77],[-158.316,58.647],[-158.154,58.614],[-157.568,58.748],[-157.084,58.887],[-157.062,58.726],[-157.503,58.464],[-157.709,57.73],[-157.71,57.569],[-157.941,57.497],[-158.08,57.397],[-158.312,57.315],[-158.682,57.022],[-158.681,56.787],[-158.945,56.843],[-159.456,56.629],[-159.746,56.579],[-160.189,56.387],[-160.369,56.277],[-160.568,56.008],[-160.521,55.935],[-160.82,55.739],[-161.124,55.961],[-161.458,55.954],[-161.826,55.88],[-162.227,55.698],[-162.653,55.362],[-162.962,55.169],[-163.052,55.214],[-163.335,55.12],[-163.218,55.045],[-163.041,55.099],[-162.878,54.939],[-162.645,54.998],[-162.583,55.301],[-162.416,55.098],[-162.275,55.02],[-161.957,55.126],[-161.895,55.242],[-161.716,55.393],[-161.621,55.613],[-161.389,55.572],[-161.518,55.383],[-161.279,55.355],[-161.025,55.427],[-160.478,55.495],[-160.435,55.577],[-160.164,55.657],[-159.83,55.853],[-159.625,55.813],[-159.099,55.928],[-158.928,55.921],[-158.859,56.013],[-158.484,56.032],[-158.318,56.175],[-158.355,56.471],[-158.068,56.512],[-157.877,56.478],[-157.913,56.654],[-157.404,56.774],[-157.189,56.776],[-156.768,57.012],[-156.574,56.983],[-156.488,57.114],[-156.346,57.178],[-156.339,57.415],[-155.816,57.572],[-155.394,57.726],[-155.335,57.826],[-155.069,57.897],[-155.023,58.026],[-154.583,58.025],[-154.443,58.144],[-154.166,58.217],[-154.3,58.32],[-154,58.386],[-153.899,58.617],[-153.691,58.622],[-153.439,58.734],[-153.332,58.934],[-153.712,59.071],[-154.198,59.077],[-154.076,59.381],[-153.725,59.466],[-153.573,59.642],[-153.317,59.639],[-153.055,59.71],[-153.021,59.889],[-152.738,59.908],[-152.59,60.092],[-152.698,60.17],[-152.416,60.298],[-152.34,60.476],[-152.051,60.673],[-151.841,60.751],[-151.747,60.917],[-151.567,60.995],[-151.155,61.064],[-151.061,61.163],[-150.634,61.299],[-150.451,61.253],[-149.984,61.246],[-150.067,61.156],[-149.618,60.995],[-150.044,60.917],[-150.453,61.034],[-151.071,60.785],[-151.417,60.718],[-151.283,60.537],[-151.465,60.188],[-151.706,60.042],[-151.883,59.787],[-151.747,59.683],[-151.473,59.636],[-151.109,59.787],[-151.273,59.56],[-151.894,59.413],[-151.977,59.279],[-151.742,59.167],[-151.397,59.258],[-151.092,59.285],[-150.653,59.424],[-150.553,59.536],[-150.326,59.476],[-149.916,59.718],[-149.807,59.718],[-149.739,59.891],[-149.577,59.898],[-149.341,60.022],[-148.926,59.972],[-148.562,59.957],[-148.402,59.991],[-148.141,60.232],[-148.276,60.28],[-147.942,60.443],[-148.265,60.761],[-148.586,60.83],[-148.306,60.896],[-148.172,61.023],[-147.938,60.909],[-147.365,60.891],[-147.101,61.015],[-146.816,61.032],[-146.684,60.88],[-146.511,60.819],[-146.482,60.687],[-146.222,60.756],[-145.692,60.657],[-145.939,60.456],[-145.573,60.451],[-145.236,60.368],[-145.02,60.526],[-144.791,60.465],[-144.915,60.381],[-144.571,60.191],[-144.348,60.201],[-143.919,59.997],[-143.61,60.049],[-142.798,60.112],[-141.969,60.028],[-141.733,59.963],[-141.386,60.035],[-141.262,60.012],[-141.274,59.849],[-140.863,59.746],[-140.323,59.701],[-139.621,59.89],[-139.473,59.718],[-139.658,59.576],[-139.857,59.546],[-139.206,59.32],[-138.982,59.275],[-138.185,59.026],[-137.984,58.92],[-137.931,58.803],[-137.554,58.621],[-137.519,58.565],[-137.131,58.401],[-136.979,58.407],[-136.598,58.223],[-136.027,58.388],[-136.269,58.764],[-136.06,58.826],[-135.841,58.528],[-135.887,58.379],[-135.628,58.426],[-135.416,58.395],[-135.31,58.252],[-135.053,58.309],[-135.226,58.612],[-135.231,58.772],[-135.386,58.954],[-135.361,59.114],[-135.23,59.126],[-135.144,58.834],[-134.827,58.511],[-134.767,58.4],[-134.498,58.354],[-134.242,58.214],[-134.068,58.279],[-134.06,58.072],[-133.861,57.957],[-133.573,57.716],[-133.659,57.621],[-133.497,57.532],[-133.391,57.335],[-133.552,57.181],[-133.093,57.086],[-132.768,56.97],[-132.86,56.919],[-132.479,56.743],[-132.477,56.604],[-132.203,56.471],[-132.161,56.38],[-131.971,56.356],[-131.814,56.196],[-131.963,56.157],[-131.944,56.007],[-132.086,55.846],[-132.262,55.74],[-132.172,55.589],[-131.961,55.501],[-131.828,55.668],[-131.736,55.887],[-131.414,56.01],[-131.165,55.941],[-130.89,55.715],[-130.873,55.342],[-131.058,55.199],[-130.95,55.074],[-130.934,54.824],[-130.58,54.806],[-130.365,54.907],[-130.078,55.234],[-129.989,55.284],[-130.147,55.547],[-130.174,55.749],[-130.02,55.908],[-130.072,56.084],[-130.404,56.122],[-130.496,56.232],[-130.839,56.372],[-131.101,56.408],[-131.586,56.595],[-131.799,56.588],[-131.872,56.793],[-132.107,56.859],[-132.032,57.028],[-132.341,57.08],[-132.231,57.197],[-132.552,57.499],[-133.166,58.147],[-133.375,58.291],[-133.463,58.462],[-133.871,58.736],[-134.222,58.843],[-134.399,58.975],[-134.398,59.052],[-134.706,59.24],[-134.932,59.271],[-135.096,59.419],[-135.016,59.543],[-135.483,59.792],[-135.924,59.667],[-136.258,59.622],[-136.275,59.486],[-136.468,59.462],[-136.467,59.288],[-136.613,59.154],[-136.841,59.148],[-137.423,58.908],[-137.611,59.239],[-138.599,59.754],[-138.692,59.887],[-139.06,60]]],[[[-132.703,54.701],[-132.722,54.777],[-132.942,54.948],[-132.997,55.064],[-133.217,55.099],[-133.037,54.877],[-132.856,54.745],[-132.703,54.701]]],[[[-130.962,55.585],[-130.938,55.652],[-131.18,55.924],[-131.28,55.965],[-131.579,55.907],[-131.671,55.84],[-131.707,55.63],[-131.651,55.55],[-131.81,55.477],[-131.662,55.343],[-131.192,55.186],[-131.065,55.261],[-130.962,55.585]]],[[[-133.607,56.079],[-133.795,55.944],[-133.631,55.919],[-133.47,56.017],[-133.607,56.079]]],[[[-132.548,56.304],[-132.681,56.229],[-132.645,56.058],[-132.449,56.065],[-132.303,55.915],[-132.123,55.946],[-132.092,56.106],[-132.548,56.304]]],[[[-131.977,54.832],[-131.994,55.268],[-132.091,55.277],[-132.401,55.517],[-132.347,55.643],[-132.736,55.997],[-133.063,56.052],[-133.054,56.234],[-133.182,56.332],[-133.587,56.353],[-133.612,56.212],[-133.286,56.167],[-133.237,55.9],[-133.148,55.818],[-133.385,55.709],[-133.251,55.585],[-133.063,55.623],[-133.213,55.279],[-132.96,55.277],[-132.609,55.119],[-132.579,54.954],[-132.265,54.845],[-132.298,54.744],[-132.004,54.694],[-131.977,54.832]]],[[[-132.613,56.401],[-132.703,56.462],[-132.924,56.452],[-133.049,56.363],[-132.869,56.243],[-132.647,56.282],[-132.613,56.401]]],[[[-132.004,56.339],[-132.124,56.343],[-132.339,56.483],[-132.353,56.278],[-132.072,56.119],[-131.928,56.195],[-132.004,56.339]]],[[[-132.96,56.788],[-132.891,56.629],[-132.937,56.518],[-132.792,56.497],[-132.533,56.6],[-132.816,56.797],[-132.96,56.788]]],[[[-133.885,56.49],[-133.706,56.604],[-133.801,56.777],[-134.176,56.922],[-134.409,56.843],[-134.358,56.677],[-134.067,56.478],[-134.282,56.363],[-134.2,56.151],[-133.949,56.092],[-133.896,56.22],[-133.981,56.284],[-133.845,56.434],[-133.885,56.49]]],[[[-133.913,57.083],[-134.018,57.018],[-133.697,56.832],[-133.659,56.464],[-133.148,56.462],[-132.934,56.642],[-132.991,56.808],[-132.98,56.935],[-133.109,56.999],[-133.388,56.997],[-133.913,57.083]]],[[[-152.908,57.165],[-153.26,57.206],[-153.412,57.079],[-153.326,57.022],[-152.908,57.165]]],[[[-135.602,57.172],[-135.615,57.284],[-135.824,57.332],[-135.762,57.114],[-135.602,57.172]]],[[[-134.621,56.744],[-134.808,57.181],[-134.995,57.398],[-135.381,57.554],[-135.673,57.35],[-135.31,57.047],[-135.368,56.829],[-135.155,56.746],[-135.053,56.538],[-134.75,56.217],[-134.626,56.261],[-134.621,56.744]]],[[[-152.161,57.627],[-152.468,57.657],[-152.486,57.911],[-153.202,57.946],[-153.192,57.805],[-153.574,57.84],[-153.724,57.902],[-153.925,57.81],[-153.926,57.73],[-153.754,57.562],[-153.811,57.412],[-154.056,57.655],[-154.239,57.673],[-154.615,57.527],[-154.81,57.347],[-154.535,57.175],[-154.529,56.992],[-154.238,56.9],[-154.158,56.969],[-153.877,56.977],[-154.13,56.787],[-153.963,56.748],[-153.56,56.987],[-153.611,57.024],[-153.253,57.237],[-153.096,57.218],[-152.692,57.283],[-152.591,57.451],[-152.33,57.446],[-152.161,57.627]]],[[[-135.848,57.394],[-135.707,57.367],[-135.546,57.466],[-135.628,57.706],[-135.057,57.467],[-134.814,57.497],[-134.914,57.756],[-135.197,57.71],[-135.372,57.805],[-134.942,57.807],[-134.925,58.027],[-135.389,58.141],[-135.814,58.274],[-135.982,58.168],[-136.405,58.134],[-136.297,58.011],[-136.395,57.886],[-135.848,57.394]]],[[[-134.354,57.093],[-134.127,57.265],[-133.865,57.355],[-133.938,57.619],[-134.209,57.84],[-134.312,57.979],[-134.169,58.078],[-134.186,58.168],[-134.693,58.168],[-134.798,58.113],[-134.654,57.598],[-134.464,57.394],[-134.621,57.23],[-134.623,57.111],[-134.502,57.029],[-134.354,57.093]]],[[[-151.966,58.333],[-152.095,58.368],[-152.477,58.361],[-152.651,58.484],[-152.793,58.287],[-153.042,58.306],[-153.23,58.169],[-153.014,58.045],[-152.805,57.992],[-152.331,58.165],[-152.13,58.166],[-151.972,58.237],[-151.966,58.333]]],[[[-160.948,58.738],[-161.062,58.701],[-161.074,58.547],[-160.898,58.57],[-160.686,58.811],[-160.948,58.738]]],[[[-147.107,60.286],[-147.703,59.998],[-147.886,59.858],[-147.84,59.787],[-147.49,59.939],[-147.234,60.133],[-147.107,60.286]]],[[[-177.8,51.796],[-177.952,51.925],[-178.214,51.876],[-177.955,51.729],[-177.8,51.796]]],[[[-176.437,51.788],[-176.641,51.857],[-176.915,51.792],[-176.882,51.72],[-176.588,51.686],[-176.437,51.788]]],[[[-173.123,52.108],[-173.839,52.12],[-173.836,52.043],[-173.377,52.039],[-173.123,52.108]]],[[[-172.407,52.385],[-172.558,52.351],[-172.529,52.25],[-172.311,52.316],[-172.407,52.385]]],[[[-174.052,52.241],[-173.992,52.313],[-174.19,52.418],[-174.347,52.364],[-174.228,52.268],[-174.331,52.202],[-174.559,52.179],[-174.975,52.058],[-174.715,52.017],[-174.374,52.112],[-174.1,52.141],[-174.052,52.241]]],[[[-167.857,53.393],[-167.795,53.502],[-168.008,53.57],[-168.2,53.54],[-168.407,53.409],[-168.361,53.271],[-168.606,53.275],[-168.76,53.187],[-168.751,52.96],[-168.49,53.042],[-168.288,53.243],[-167.857,53.393]]],[[[-166.294,53.728],[-166.44,53.754],[-166.456,53.896],[-166.754,54.016],[-167.022,53.961],[-167.163,53.857],[-166.947,53.716],[-167.155,53.623],[-167.159,53.477],[-167.322,53.416],[-167.475,53.434],[-167.85,53.31],[-167.665,53.242],[-167.391,53.344],[-166.877,53.482],[-166.656,53.502],[-166.547,53.626],[-166.294,53.728]]],[[[-165.739,54.125],[-165.88,54.213],[-166.071,54.185],[-166.041,54.036],[-165.739,54.125]]],[[[179.781,51.967],[179.643,52.03],[179.486,51.974],[179.642,51.874],[179.781,51.967]]],[[[173.377,52.83],[173.301,52.926],[173.127,52.995],[172.969,52.974],[172.66,53.009],[172.64,52.869],[172.944,52.75],[173.089,52.83],[173.377,52.83]]],[[[-163.074,54.688],[-163.144,54.77],[-163.373,54.793],[-163.572,55.057],[-163.917,55.036],[-164.314,54.893],[-164.547,54.883],[-164.701,54.678],[-164.958,54.585],[-164.845,54.423],[-164.653,54.392],[-164.406,54.436],[-164.33,54.535],[-164.133,54.623],[-163.79,54.638],[-163.623,54.612],[-163.431,54.68],[-163.074,54.688]]],[[[-160.497,55.195],[-160.696,55.407],[-160.854,55.332],[-160.847,55.207],[-160.627,55.154],[-160.497,55.195]]],[[[-165.582,59.951],[-165.733,60.176],[-165.684,60.3],[-165.988,60.321],[-166.185,60.402],[-166.459,60.387],[-166.792,60.292],[-166.874,60.211],[-167.288,60.239],[-167.436,60.195],[-167.19,60.028],[-166.613,59.856],[-166.244,59.808],[-165.582,59.951]]],[[[-168.741,63.281],[-169.008,63.349],[-169.55,63.363],[-170.039,63.532],[-170.297,63.696],[-170.663,63.673],[-170.937,63.572],[-171.504,63.653],[-171.721,63.753],[-171.853,63.521],[-171.736,63.376],[-171.439,63.32],[-171.084,63.445],[-170.856,63.46],[-170.444,63.359],[-170.113,63.203],[-169.817,63.127],[-169.716,63.025],[-169.287,63.193],[-168.812,63.17],[-168.741,63.281]]]]},"properties":{"country":"US","code":"AK","name":"Alaska","label":[-151.604,65.3609]}},{"type":"Feature","geometry":{"type":"Polygon","coordinates":[[[-123.819,60],[-123.981,60.098],[-124.196,60.33],[-124.216,60.461],[-124.416,60.479],[-124.603,60.718],[-124.479,60.788],[-124.566,60.939],[-124.828,60.961],[-124.869,60.863],[-125.158,60.852],[-125.322,60.788],[-125.715,60.834],[-125.826,60.883],[-126.094,60.815],[-126.66,60.75],[-126.885,60.782],[-126.935,61.052],[-127.146,61.465],[-127.535,61.51],[-127.973,61.689],[-128.547,62.122],[-128.762,62.061],[-129.13,62.116],[-129.309,62.321],[-129.197,62.507],[-129.495,62.608],[-129.765,62.852],[-129.614,63.072],[-129.845,63.091],[-129.892,63.183],[-130.129,63.317],[-129.919,63.373],[-129.823,63.478],[-130.098,63.782],[-130.74,63.973],[-130.941,64.15],[-131.003,64.325],[-131.146,64.424],[-131.403,64.463],[-131.619,64.369],[-131.806,64.427],[-131.849,64.556],[-132.054,64.696],[-132.321,64.769],[-132.569,64.775],[-132.513,64.943],[-132.354,65.069],[-132.713,65.229],[-132.322,65.44],[-132.182,65.584],[-132.371,65.771],[-132.569,65.844],[-132.347,65.941],[-132.561,66.029],[-132.807,65.928],[-132.92,66.026],[-133.425,65.944],[-133.612,65.962],[-133.584,66.293],[-133.819,66.31],[-133.601,66.559],[-133.834,66.726],[-133.763,66.799],[-134.03,66.987],[-134.65,67.003],[-136.162,67.004],[-136.23,67.187],[-136.095,67.297],[-136.201,67.408],[-136.189,67.564],[-136.445,67.726],[-136.445,68.91],[-136.663,68.876],[-137.191,68.948],[-138.096,69.14],[-138.637,69.284],[-139.144,69.514],[-139.918,69.621],[-140.223,69.599],[-141.006,69.651],[-141.005,68.485],[-141.005,67.756],[-141.004,66.881],[-141.004,65.569],[-141.003,64.549],[-141.003,63.382],[-141.002,62.654],[-141.002,61.342],[-141.001,60.321],[-140.534,60.219],[-140.424,60.293],[-140.016,60.187],[-139.628,60.334],[-139.102,60.347],[-139.183,60.1],[-139.06,60],[-137.147,60],[-135.719,60],[-133.815,60],[-132.387,60],[-130.959,60],[-130.007,60],[-128.103,60],[-126.199,60],[-124.771,60],[-123.819,60]]]},"properties":{"country":"CA","code":"YT","name":"Yukon","label":[-135.7,63.6088]}},{"type":"Feature","geometry":{"type":"MultiPolygon","coordinates":[[[[-93.798,29.986],[-93.739,29.737],[-93.453,29.77],[-93.2,29.773],[-93.027,29.733],[-92.683,29.604],[-92.276,29.534],[-92.107,29.62],[-92.134,29.757],[-91.984,29.832],[-91.878,29.759],[-91.685,29.753],[-91.569,29.647],[-91.534,29.534],[-91.321,29.497],[-91.22,29.404],[-91.328,29.295],[-91.229,29.239],[-90.706,29.12],[-90.562,29.301],[-90.394,29.298],[-90.251,29.247],[-90.229,29.087],[-90.08,29.175],[-90.036,29.366],[-90.08,29.537],[-89.908,29.477],[-89.758,29.343],[-89.483,29.243],[-89.384,29.088],[-89.188,29.03],[-89.023,29.147],[-89.202,29.353],[-89.342,29.346],[-89.668,29.522],[-89.639,29.62],[-89.457,29.829],[-89.427,30.059],[-89.687,29.883],[-89.839,29.995],[-89.789,30.099],[-89.88,30.155],[-90.037,30.04],[-90.168,30.024],[-90.339,30.066],[-90.405,30.22],[-90.222,30.388],[-90.059,30.36],[-89.969,30.265],[-89.77,30.24],[-89.708,30.175],[-89.526,30.193],[-89.588,30.212],[-89.678,30.457],[-89.799,30.566],[-89.846,30.682],[-89.735,31],[-90.71,31],[-91.657,31],[-91.579,31.056],[-91.633,31.278],[-91.541,31.283],[-91.496,31.411],[-91.529,31.501],[-91.436,31.573],[-91.404,31.738],[-91.069,32.085],[-90.917,32.34],[-91.093,32.451],[-91.161,32.625],[-91.133,32.859],[-91.072,32.923],[-91.166,33.014],[-91.896,33.013],[-93.147,33.012],[-94.041,33.011],[-94.043,31.998],[-93.904,31.883],[-93.814,31.713],[-93.827,31.588],[-93.655,31.37],[-93.678,31.331],[-93.515,31.042],[-93.574,30.82],[-93.687,30.601],[-93.752,30.393],[-93.715,30.287],[-93.717,30.08],[-93.798,29.986]]],[[[-91.802,29.49],[-91.72,29.582],[-91.929,29.647],[-92.02,29.569],[-91.802,29.49]]]]},"properties":{"country":"US","code":"LA","name":"Louisiana","label":[-91.9991,30.5274]}},{"type":"Feature","geometry":{"type":"Polygon","coordinates":[[[-89.526,30.193],[-89.33,30.303],[-89.013,30.377],[-88.928,30.442],[-88.742,30.354],[-88.471,30.324],[-88.402,30.388],[-88.449,31.233],[-88.486,31.89],[-88.308,33.234],[-88.17,34.284],[-88.089,34.892],[-88.179,34.998],[-89.264,34.999],[-90.304,35],[-90.272,34.923],[-90.464,34.828],[-90.594,34.642],[-90.594,34.425],[-90.821,34.286],[-90.909,34.035],[-91.085,33.997],[-91.045,33.815],[-91.192,33.708],[-91.216,33.534],[-91.127,33.478],[-91.182,33.32],[-91.099,33.15],[-91.166,33.014],[-91.072,32.923],[-91.133,32.859],[-91.161,32.625],[-91.093,32.451],[-90.917,32.34],[-91.069,32.085],[-91.404,31.738],[-91.436,31.573],[-91.529,31.501],[-91.496,31.411],[-91.541,31.283],[-91.633,31.278],[-91.579,31.056],[-91.657,31],[-90.71,31],[-89.735,31],[-89.846,30.682],[-89.799,30.566],[-89.678,30.457],[-89.588,30.212],[-89.526,30.193]]]},"properties":{"country":"US","code":"MS","name":"Mississippi","label":[-89.7189,32.8657]}},{"type":"Feature","geometry":{"type":"Polygon","coordinates":[[[-88.402,30.388],[-88.12,30.338],[-88.053,30.654],[-87.943,30.66],[-87.917,30.423],[-87.776,30.313],[-87.59,30.275],[-87.401,30.44],[-87.42,30.48],[-87.405,30.645],[-87.627,30.873],[-87.594,31],[-86.595,31],[-85.007,31],[-85.11,31.272],[-85.043,31.535],[-85.144,31.824],[-85.06,32.004],[-85.047,32.138],[-84.901,32.261],[-84.968,32.434],[-85.084,32.615],[-85.199,32.944],[-85.35,33.712],[-85.606,34.985],[-86.726,34.99],[-87.514,35.005],[-88.179,34.998],[-88.089,34.892],[-88.17,34.284],[-88.308,33.234],[-88.486,31.89],[-88.449,31.233],[-88.402,30.388]]]},"properties":{"country":"US","code":"AL","name":"Alabama","label":[-86.7184,32.8551]}},{"type":"Feature","geometry":{"type":"Polygon","coordinates":[[[-87.42,30.48],[-87.359,30.463],[-87.447,30.313],[-87.446,30.298],[-87.329,30.32],[-87.157,30.475],[-87.015,30.521],[-86.94,30.456],[-86.68,30.422],[-86.485,30.48],[-86.286,30.497],[-86.365,30.381],[-86.066,30.306],[-85.864,30.216],[-85.709,30.247],[-85.671,30.123],[-85.357,29.889],[-85.308,29.693],[-84.887,29.73],[-84.508,29.922],[-84.349,29.902],[-84.391,30.024],[-84.27,30.093],[-84.024,30.107],[-83.681,29.921],[-83.528,29.716],[-83.409,29.667],[-83.405,29.532],[-83.216,29.411],[-83.024,29.175],[-82.849,29.182],[-82.755,29.01],[-82.644,28.9],[-82.664,28.448],[-82.787,28.194],[-82.767,28.106],[-82.842,27.829],[-82.638,27.701],[-82.596,27.983],[-82.398,27.796],[-82.661,27.52],[-82.574,27.395],[-82.562,27.276],[-82.314,26.849],[-82.198,26.803],[-82.057,26.866],[-82.082,26.68],[-82.039,26.528],[-81.856,26.449],[-81.801,26.099],[-81.664,25.981],[-81.396,25.852],[-81.322,25.783],[-81.149,25.395],[-81.177,25.228],[-81.087,25.121],[-80.855,25.186],[-80.711,25.145],[-80.581,25.241],[-80.427,25.222],[-80.314,25.371],[-80.342,25.494],[-80.307,25.618],[-80.129,25.888],[-80.054,26.557],[-80.038,26.811],[-80.076,26.973],[-80.177,27.151],[-80.345,27.515],[-80.381,27.666],[-80.738,28.373],[-80.848,28.791],[-80.749,28.724],[-80.766,28.612],[-80.609,28.61],[-80.922,29.068],[-81.178,29.586],[-81.256,29.789],[-81.448,30.508],[-81.429,30.682],[-81.5,30.712],[-81.709,30.741],[-81.909,30.819],[-82.041,30.737],[-82.012,30.588],[-82.049,30.375],[-82.166,30.365],[-82.24,30.565],[-83.021,30.611],[-84.215,30.682],[-84.867,30.72],[-85.007,31],[-86.595,31],[-87.594,31],[-87.627,30.873],[-87.405,30.645],[-87.42,30.48]]]},"properties":{"country":"US","code":"FL","name":"Florida","label":[-81.6228,28.1568]}},{"type":"Feature","geometry":{"type":"Polygon","coordinates":[[[-85.007,31],[-84.867,30.72],[-84.215,30.682],[-83.021,30.611],[-82.24,30.565],[-82.166,30.365],[-82.049,30.375],[-82.012,30.588],[-82.041,30.737],[-81.909,30.819],[-81.709,30.741],[-81.5,30.712],[-81.499,30.968],[-81.27,31.275],[-81.364,31.416],[-81.196,31.718],[-81.061,31.788],[-80.836,32.003],[-80.89,32.033],[-81.078,32.087],[-81.156,32.194],[-81.13,32.3],[-81.201,32.485],[-81.406,32.624],[-81.403,32.745],[-81.518,33.04],[-81.76,33.156],[-81.924,33.459],[-82.194,33.635],[-82.245,33.751],[-82.571,33.968],[-82.734,34.185],[-82.857,34.461],[-83.015,34.482],[-83.355,34.708],[-83.308,34.82],[-83.115,35],[-84.325,34.987],[-85.606,34.985],[-85.35,33.712],[-85.199,32.944],[-85.084,32.615],[-84.968,32.434],[-84.901,32.261],[-85.047,32.138],[-85.06,32.004],[-85.144,31.824],[-85.043,31.535],[-85.11,31.272],[-85.007,31]]]},"properties":{"country":"US","code":"GA","name":"Georgia","label":[-83.4078,32.8547]}},{"type":"Feature","geometry":{"type":"Polygon","coordinates":[[[-80.89,32.033],[-80.678,32.215],[-80.441,32.366],[-80.409,32.481],[-80.005,32.612],[-79.851,32.759],[-79.607,32.916],[-79.585,33.014],[-79.387,33.017],[-79.203,33.193],[-79.133,33.417],[-78.938,33.642],[-78.763,33.779],[-78.573,33.883],[-79.654,34.796],[-79.704,34.806],[-80.776,34.826],[-80.793,34.962],[-80.927,35.108],[-81.074,35.154],[-82.287,35.206],[-82.554,35.159],[-83.115,35],[-83.308,34.82],[-83.355,34.708],[-83.015,34.482],[-82.857,34.461],[-82.734,34.185],[-82.571,33.968],[-82.245,33.751],[-82.194,33.635],[-81.924,33.459],[-81.76,33.156],[-81.518,33.04],[-81.403,32.745],[-81.406,32.624],[-81.201,32.485],[-81.13,32.3],[-81.156,32.194],[-81.078,32.087],[-80.89,32.033]]]},"properties":{"country":"US","code":"SC","name":"South Carolina","label":[-80.6471,33.8578]}},{"type":"Feature","geometry":{"type":"MultiPolygon","coordinates":[[[[-83.115,35],[-82.554,35.159],[-82.287,35.206],[-81.074,35.154],[-80.927,35.108],[-80.793,34.962],[-80.776,34.826],[-79.704,34.806],[-79.654,34.796],[-78.573,33.883],[-78.253,33.925],[-78.032,33.892],[-77.911,33.958],[-77.833,34.207],[-77.536,34.469],[-77.254,34.594],[-77.202,34.651],[-76.896,34.739],[-76.658,34.722],[-76.504,34.767],[-76.336,34.899],[-76.378,34.966],[-76.548,34.999],[-76.561,35.124],[-76.442,35.404],[-76.15,35.347],[-75.897,35.579],[-75.754,35.612],[-75.722,35.829],[-75.853,35.98],[-75.99,35.887],[-76.048,35.984],[-76.195,35.994],[-76.387,35.938],[-76.73,35.945],[-76.687,36.056],[-76.524,36.013],[-76.412,36.083],[-76.195,36.104],[-76.02,36.191],[-75.86,36.162],[-75.916,36.403],[-76.032,36.55],[-77.283,36.547],[-77.899,36.542],[-78.984,36.542],[-80.09,36.54],[-81.227,36.57],[-81.659,36.61],[-81.74,36.409],[-81.924,36.294],[-82.087,36.101],[-82.199,36.159],[-82.395,36.096],[-82.489,35.994],[-82.63,36.057],[-82.878,35.956],[-82.983,35.788],[-83.075,35.789],[-83.499,35.57],[-83.728,35.567],[-84.011,35.425],[-84.095,35.258],[-84.301,35.208],[-84.325,34.987],[-83.115,35]]],[[[-75.909,36.549],[-75.943,36.55],[-75.967,36.55],[-76.013,36.55],[-75.973,36.5],[-75.909,36.549]]]]},"properties":{"country":"US","code":"NC","name":"North Carolina","label":[-78.866,35.6152]}},{"type":"Feature","geometry":{"type":"MultiPolygon","coordinates":[[[[-76.032,36.55],[-76.013,36.55],[-75.967,36.55],[-75.963,36.709],[-75.928,36.706],[-75.881,36.549],[-75.853,36.549],[-75.989,36.912],[-76.269,36.961],[-76.298,37.145],[-76.379,37.272],[-76.245,37.45],[-76.357,37.522],[-76.248,37.903],[-76.531,38.025],[-76.615,38.15],[-76.882,38.177],[-77.03,38.308],[-77.249,38.33],[-77.327,38.451],[-77.23,38.657],[-77.048,38.716],[-77.068,38.902],[-77.12,38.934],[-77.272,39.048],[-77.496,39.124],[-77.467,39.244],[-77.735,39.331],[-77.836,39.144],[-78.322,39.451],[-78.414,39.166],[-78.661,38.934],[-78.743,38.93],[-78.862,38.793],[-78.988,38.846],[-79.297,38.425],[-79.504,38.479],[-79.636,38.592],[-79.792,38.28],[-79.917,38.179],[-80,38.002],[-80.207,37.815],[-80.285,37.685],[-80.231,37.611],[-80.294,37.509],[-80.452,37.429],[-80.528,37.468],[-80.948,37.295],[-81.224,37.244],[-81.343,37.334],[-81.546,37.213],[-81.824,37.286],[-81.933,37.38],[-81.965,37.539],[-82.351,37.278],[-82.633,37.164],[-82.884,36.894],[-83.082,36.835],[-83.137,36.75],[-83.667,36.604],[-82.834,36.601],[-81.952,36.597],[-81.659,36.61],[-81.227,36.57],[-80.09,36.54],[-78.984,36.542],[-77.899,36.542],[-77.283,36.547],[-76.032,36.55]]],[[[-75.377,38.015],[-75.648,37.966],[-75.894,37.563],[-75.887,37.357],[-75.492,37.831],[-75.377,38.015]]]]},"properties":{"country":"US","code":"VA","name":"Virginia","label":[-78.2431,37.7403]}},{"type":"Feature","geometry":{"type":"Polygon","coordinates":[[[-77.068,38.902],[-77.023,38.803],[-76.909,38.893],[-77.042,38.996],[-77.12,38.934],[-77.068,38.902]]]},"properties":{"country":"US","code":"DC","name":"District of Columbia","label":[-77.0113,38.8922]}},{"type":"Feature","geometry":{"type":"Polygon","coordinates":[[[-79.477,39.722],[-79.488,39.21],[-79.18,39.386],[-79.065,39.482],[-78.969,39.45],[-78.745,39.575],[-78.469,39.534],[-78.434,39.624],[-78.28,39.635],[-78.133,39.701],[-77.791,39.484],[-77.735,39.331],[-77.467,39.244],[-77.496,39.124],[-77.272,39.048],[-77.12,38.934],[-77.042,38.996],[-76.909,38.893],[-77.023,38.803],[-77.046,38.701],[-77.267,38.494],[-77.204,38.364],[-77.022,38.461],[-76.922,38.292],[-76.617,38.223],[-76.434,38.132],[-76.321,38.139],[-76.419,38.322],[-76.396,38.391],[-76.512,38.528],[-76.552,38.776],[-76.399,39.014],[-76.449,39.195],[-76.424,39.324],[-76.175,39.316],[-76.273,39.152],[-76.131,39.118],[-76.154,38.895],[-76.34,38.728],[-76.145,38.665],[-76.319,38.474],[-76.221,38.344],[-76.029,38.242],[-75.907,38.271],[-75.814,38.135],[-75.886,37.988],[-75.648,37.966],[-75.377,38.015],[-75.243,38.227],[-75.154,38.241],[-75.084,38.454],[-75.694,38.46],[-75.789,39.721],[-77.516,39.722],[-78.439,39.722],[-79.477,39.722]]]},"properties":{"country":"US","code":"MD","name":"Maryland","label":[-77.0454,39.3874]}},{"type":"Feature","geometry":{"type":"Polygon","coordinates":[[[-75.789,39.721],[-75.694,38.46],[-75.084,38.454],[-75.058,38.453],[-75.044,38.454],[-75.084,38.796],[-75.166,38.794],[-75.394,39.056],[-75.434,39.315],[-75.588,39.463],[-75.605,39.617],[-75.424,39.807],[-75.601,39.838],[-75.789,39.721]]]},"properties":{"country":"US","code":"DE","name":"Delaware","label":[-75.4112,38.8657]}},{"type":"Feature","geometry":{"type":"Polygon","coordinates":[[[-75.024,40.016],[-75.144,39.875],[-75.44,39.777],[-75.51,39.653],[-75.532,39.478],[-75.159,39.199],[-75.027,39.211],[-74.887,39.147],[-74.875,38.945],[-74.746,39.055],[-74.654,39.201],[-74.359,39.55],[-74.168,39.699],[-74.104,40.014],[-74.057,40.012],[-73.972,40.328],[-74.032,40.422],[-74.283,40.497],[-74.21,40.634],[-74.032,40.714],[-73.907,40.991],[-74.699,41.356],[-74.845,41.273],[-74.886,41.181],[-75.14,40.982],[-75.061,40.892],[-75.189,40.759],[-75.182,40.57],[-74.739,40.185],[-75.024,40.016]]]},"properties":{"country":"US","code":"NJ","name":"New Jersey","label":[-74.4653,40.0449]}},{"type":"Feature","geometry":{"type":"Polygon","coordinates":[[[-73.643,41.001],[-73.17,41.17],[-72.779,41.27],[-72.288,41.283],[-71.973,41.344],[-71.86,41.321],[-71.804,41.416],[-71.801,42.011],[-72.758,42.033],[-73.481,42.055],[-73.545,41.295],[-73.484,41.218],[-73.723,41.103],[-73.643,41.001]]]},"properties":{"country":"US","code":"CT","name":"Connecticut","label":[-72.7594,41.6486]}},{"type":"Feature","geometry":{"type":"Polygon","coordinates":[[[-71.86,41.321],[-71.498,41.366],[-71.426,41.469],[-71.443,41.575],[-71.356,41.746],[-71.237,41.71],[-71.341,41.797],[-71.387,42.016],[-71.801,42.011],[-71.804,41.416],[-71.86,41.321]]]},"properties":{"country":"US","code":"RI","name":"Rhode Island","label":[-71.5082,41.6242]}},{"type":"Feature","geometry":{"type":"Polygon","coordinates":[[[-73.481,42.055],[-72.758,42.033],[-71.801,42.011],[-71.387,42.016],[-71.341,41.797],[-71.237,41.71],[-71.194,41.677],[-71.122,41.513],[-70.925,41.551],[-70.907,41.615],[-70.658,41.722],[-70.659,41.521],[-70.428,41.632],[-69.939,41.674],[-70.07,41.773],[-70.275,41.715],[-70.533,41.816],[-70.631,42.093],[-70.784,42.26],[-71.038,42.308],[-70.861,42.547],[-70.647,42.605],[-70.82,42.719],[-70.814,42.877],[-70.926,42.887],[-71.306,42.701],[-72.467,42.729],[-73.266,42.746],[-73.507,42.079],[-73.481,42.055]]]},"properties":{"country":"US","code":"MA","name":"Massachusetts","label":[-71.9993,42.3739]}},{"type":"Feature","geometry":{"type":"Polygon","coordinates":[[[-123.18,46.179],[-123.233,46.137],[-123.386,46.146],[-123.519,46.235],[-123.614,46.186],[-123.867,46.16],[-123.937,46.082],[-123.981,45.76],[-123.921,45.663],[-123.971,45.452],[-123.971,45.154],[-124.065,44.823],[-124.063,44.61],[-124.151,43.882],[-124.277,43.421],[-124.377,43.34],[-124.445,43.03],[-124.548,42.845],[-124.415,42.662],[-124.433,42.329],[-124.36,42.113],[-124.215,42],[-123.401,42],[-122.093,42],[-120.785,42],[-120.001,42],[-118.695,42],[-117.017,42],[-117.018,42.928],[-117.02,43.785],[-116.897,44.186],[-116.986,44.272],[-117.195,44.298],[-117.204,44.482],[-117.011,44.75],[-116.833,44.92],[-116.824,45.036],[-116.717,45.151],[-116.649,45.348],[-116.463,45.582],[-116.53,45.752],[-116.759,45.838],[-116.879,46.001],[-117.917,46.001],[-119.002,46],[-119.093,45.949],[-119.592,45.921],[-119.662,45.872],[-119.934,45.838],[-120.23,45.737],[-120.621,45.731],[-120.9,45.642],[-121.133,45.624],[-121.272,45.709],[-121.793,45.721],[-121.971,45.642],[-122.261,45.566],[-122.739,45.663],[-122.807,45.978],[-122.91,46.108],[-123.18,46.179]]]},"properties":{"country":"US","code":"OR","name":"Oregon","label":[-120.386,43.8333]}},{"type":"Feature","geometry":{"type":"MultiPolygon","coordinates":[[[[-94.803,60],[-94.703,60.106],[-94.712,60.266],[-94.616,60.392],[-94.68,60.475],[-94.52,60.547],[-94.352,60.858],[-94.242,60.903],[-94.007,61.238],[-93.834,61.328],[-93.985,61.458],[-93.838,61.562],[-93.303,61.752],[-93.502,61.856],[-92.941,62.102],[-93.074,62.178],[-92.593,62.239],[-92.718,62.465],[-92.261,62.563],[-91.983,62.532],[-91.897,62.64],[-92.204,62.667],[-92.454,62.794],[-91.979,62.847],[-91.442,62.787],[-91.031,62.951],[-90.826,62.938],[-90.644,63.069],[-90.695,63.275],[-91.017,63.471],[-91.316,63.502],[-91.587,63.582],[-91.778,63.714],[-92.128,63.711],[-92.635,63.784],[-93.217,63.911],[-93.533,63.85],[-93.766,63.993],[-93.479,64.034],[-93.068,63.932],[-92.786,63.901],[-92.374,63.779],[-91.749,63.748],[-91.371,63.702],[-90.975,63.579],[-90.743,63.575],[-90.168,63.658],[-89.969,63.822],[-90.116,63.964],[-89.813,63.96],[-89.564,64.026],[-89.177,64.039],[-88.735,63.972],[-88.044,64.184],[-87.764,64.522],[-87.6,64.558],[-86.938,65.142],[-87.047,65.238],[-87.373,65.275],[-87.751,65.268],[-89.04,65.328],[-89.394,65.501],[-89.491,65.616],[-89.837,65.831],[-89.688,65.947],[-88.97,65.697],[-88.585,65.645],[-88.205,65.405],[-87.927,65.333],[-87.381,65.33],[-87.079,65.402],[-87.104,65.471],[-86.826,65.562],[-86.475,65.734],[-86.412,65.904],[-85.974,66.036],[-85.857,66.163],[-86.344,66.289],[-86.621,66.314],[-86.791,66.429],[-86.62,66.507],[-85.752,66.518],[-85.416,66.567],[-85.268,66.287],[-84.382,66.19],[-84.204,66.324],[-83.971,66.204],[-83.691,66.199],[-83.963,66.478],[-83.678,66.525],[-83.569,66.371],[-83.369,66.35],[-83.027,66.495],[-82.633,66.563],[-82.373,66.728],[-82.184,66.769],[-81.955,66.977],[-81.527,66.996],[-81.418,67.094],[-81.238,67.461],[-81.457,67.628],[-82.088,67.9],[-82.109,68.112],[-82.315,68.147],[-82.37,68.356],[-82.589,68.495],[-82.017,68.434],[-81.63,68.513],[-81.267,68.639],[-81.233,68.774],[-81.365,68.862],[-81.703,68.908],[-81.363,69.101],[-81.337,69.188],[-81.753,69.268],[-82.237,69.235],[-82.282,69.419],[-82.618,69.57],[-82.576,69.674],[-83.754,69.712],[-84.34,69.86],[-85.333,69.791],[-85.544,69.654],[-85.534,69.463],[-85.347,69.201],[-85.22,69.133],[-84.767,69.088],[-85.225,68.721],[-85.668,68.727],[-85.717,68.398],[-85.89,68.185],[-85.902,68.054],[-86.391,67.81],[-86.529,67.687],[-86.502,67.379],[-86.779,67.419],[-86.961,67.367],[-86.961,67.255],[-87.328,67.173],[-87.484,67.363],[-88.153,67.68],[-88.374,67.976],[-88.283,68.126],[-88.407,68.277],[-87.944,68.201],[-87.792,68.331],[-88.023,68.809],[-88.25,68.932],[-88.729,69.084],[-88.942,69.234],[-89.332,69.249],[-89.672,69.045],[-89.688,68.817],[-89.945,68.616],[-89.838,68.536],[-90,68.379],[-90.358,68.372],[-90.604,68.441],[-90.49,68.592],[-90.447,68.886],[-90.671,69.088],[-91.034,69.22],[-90.805,69.256],[-90.798,69.366],[-90.476,69.448],[-90.654,69.537],[-91.11,69.513],[-91.426,69.668],[-91.803,69.513],[-92.103,69.558],[-92.471,69.698],[-92.868,69.702],[-92.265,69.875],[-91.943,70.024],[-91.995,70.123],[-91.545,70.145],[-91.723,70.356],[-91.991,70.325],[-92.25,70.625],[-92.614,70.689],[-92.908,70.902],[-92.859,71.15],[-92.991,71.357],[-93.216,71.469],[-93.821,71.655],[-94.054,71.789],[-94.54,71.771],[-94.404,71.946],[-94.549,72.002],[-95.225,71.95],[-95.302,71.721],[-95.492,71.723],[-95.944,71.552],[-95.465,71.484],[-95.472,71.36],[-95.658,71.291],[-95.986,71.415],[-96.212,71.387],[-96.562,71.127],[-96.488,71.029],[-96.616,70.826],[-96.19,70.625],[-96.562,70.315],[-96.486,70.097],[-95.976,69.786],[-95.65,69.784],[-95.411,69.686],[-94.875,69.572],[-94.561,69.641],[-94.322,69.453],[-93.93,69.435],[-93.558,69.531],[-93.434,69.357],[-93.703,69.225],[-94.027,69.366],[-94.238,69.336],[-94.324,69.156],[-94.135,69.133],[-94.551,68.891],[-94.636,68.756],[-94.11,68.759],[-93.897,69.018],[-93.635,68.962],[-93.577,68.862],[-93.73,68.612],[-94.203,68.374],[-94.341,68.244],[-94.861,68.031],[-95.234,68.07],[-95.582,67.9],[-95.696,67.711],[-95.463,67.639],[-95.256,67.262],[-95.522,67.22],[-95.735,67.376],[-96.075,67.226],[-96.465,67.55],[-96.171,67.7],[-96.216,67.78],[-96.009,68.252],[-96.398,68.171],[-96.563,68.04],[-96.795,68.072],[-96.489,68.218],[-97.01,68.35],[-97.26,68.469],[-97.856,68.544],[-97.793,68.409],[-98.192,68.308],[-98.544,68.34],[-98.449,68.071],[-98.172,67.876],[-97.641,68.009],[-97.12,67.779],[-97.061,67.68],[-97.59,67.603],[-98.092,67.76],[-98.241,67.914],[-98.522,68.046],[-98.727,67.958],[-98.361,67.811],[-98.915,67.712],[-99.253,67.723],[-99.424,67.794],[-100.166,67.845],[-100.717,67.847],[-100.957,67.749],[-101.252,67.77],[-101.529,67.68],[-101.939,67.786],[-102.242,67.725],[-102.763,67.815],[-102.948,67.927],[-103.366,68.019],[-103.528,68.133],[-103.879,68.023],[-104.484,68.034],[-104.676,68.14],[-104.602,68.235],[-105.095,68.27],[-105.536,68.45],[-105.409,68.531],[-105.47,68.722],[-105.751,68.866],[-106.197,68.944],[-107.293,68.701],[-108.281,68.622],[-108.815,68.274],[-108.402,68.269],[-108.338,68.155],[-107.73,68.207],[-107.847,68.333],[-107.131,68.301],[-107.009,68.371],[-106.573,68.42],[-106.522,68.527],[-105.879,68.639],[-105.698,68.489],[-106.276,68.387],[-106.494,68.246],[-106.813,68.208],[-106.926,68.126],[-107.429,68.043],[-107.88,68.093],[-107.919,68.006],[-107.659,67.947],[-107.942,67.854],[-107.99,67.693],[-107.586,67.501],[-107.657,67.372],[-107.527,67.212],[-107.246,67.084],[-107.484,66.919],[-107.759,67.009],[-107.659,66.708],[-108.215,67.027],[-107.88,67.053],[-107.993,67.282],[-108.444,67.434],[-108.599,67.625],[-108.929,67.532],[-109.075,67.722],[-109.452,67.744],[-109.698,67.81],[-109.971,67.967],[-110.421,67.948],[-111.019,67.768],[-111.292,67.826],[-111.535,67.769],[-111.88,67.764],[-112.421,67.682],[-113.042,67.674],[-113.316,67.711],[-113.859,67.696],[-114.398,67.742],[-114.789,67.817],[-115.118,67.804],[-115.534,67.934],[-115.249,68.043],[-115.18,68.142],[-114.896,68.151],[-114.837,68.263],[-114.057,68.304],[-114.057,68.441],[-114.201,68.572],[-114.523,68.717],[-114.988,68.867],[-115.588,68.975],[-116.16,68.984],[-116.208,68.831],[-118.041,69.025],[-118.477,69.129],[-118.666,69.225],[-120.279,69.408],[-120.681,69.557],[-120.681,68.902],[-120.681,68.016],[-119.759,67.723],[-117.773,67.115],[-116.594,66.754],[-115.414,66.392],[-114.414,66.086],[-112.504,65.501],[-110.706,65.501],[-110.633,65.483],[-109.58,64.933],[-109.215,64.812],[-108.973,64.778],[-107.445,64.663],[-105.19,64.485],[-103.974,64.389],[-101.999,64.227],[-102.005,63.181],[-102.004,62.144],[-102.003,61.22],[-102.002,60],[-100.651,60],[-98.401,60],[-96.601,60],[-94.803,60]]],[[[-104.49,68.516],[-104.681,68.579],[-105.062,68.55],[-104.655,68.398],[-104.49,68.516]]],[[[-101.694,68.77],[-101.98,68.826],[-102.29,68.664],[-101.829,68.578],[-101.694,68.77]]],[[[-100.207,68.804],[-100.229,68.929],[-100.404,69.03],[-100.631,68.996],[-100.622,68.772],[-100.364,68.722],[-100.207,68.804]]],[[[-96.555,69.479],[-96.151,69.366],[-96.148,69.563],[-96.555,69.479]]],[[[-95.944,69.421],[-95.78,69.469],[-95.413,69.386],[-95.381,69.523],[-95.63,69.62],[-95.923,69.591],[-95.944,69.421]]],[[[-95.215,68.862],[-95.571,68.835],[-95.846,68.891],[-95.952,69.14],[-96.22,69.314],[-96.534,69.428],[-96.893,69.498],[-97.225,69.682],[-97.925,69.896],[-98.219,69.798],[-98.369,69.568],[-98.608,69.443],[-98.411,69.353],[-98.713,69.202],[-99.007,69.139],[-99.309,69.159],[-99.592,69.041],[-99.417,68.89],[-99.182,68.831],[-98.863,68.834],[-98.522,68.75],[-97.761,68.652],[-97.562,68.564],[-97.037,68.554],[-96.52,68.448],[-96.296,68.48],[-95.807,68.729],[-95.439,68.74],[-95.215,68.862]]],[[[-110.004,72.71],[-110.004,72.627],[-110.004,72.524],[-110.004,72.497],[-110.004,72.458],[-110.003,71.646],[-110.001,70.695],[-110,70],[-112.5,70],[-112.65,69.833],[-112.875,69.832],[-112.899,70],[-115.402,70],[-117.124,70.001],[-117.144,69.888],[-116.856,69.648],[-116.62,69.572],[-116.633,69.462],[-115.975,69.3],[-115.189,69.243],[-114.397,69.288],[-113.584,69.201],[-113.656,68.8],[-113.35,68.592],[-112.749,68.463],[-112.583,68.51],[-111.531,68.544],[-111.251,68.52],[-110.605,68.617],[-109.625,68.642],[-108.952,68.742],[-108.565,68.876],[-108.539,68.947],[-107.941,68.941],[-107.335,69.026],[-106.926,69.239],[-106.584,69.504],[-106.32,69.405],[-106.204,69.15],[-105.886,69.176],[-105.458,69.101],[-104.917,69.048],[-105.255,68.951],[-105.123,68.896],[-104.594,68.864],[-104.447,68.942],[-103.383,68.782],[-102.523,68.866],[-102.386,68.927],[-101.965,68.97],[-101.768,69.123],[-101.949,69.261],[-102.055,69.484],[-102.464,69.481],[-102.547,69.414],[-103.037,69.366],[-103.041,69.515],[-102.51,69.564],[-102.582,69.743],[-102.025,69.809],[-101.707,69.691],[-100.964,69.664],[-100.872,69.808],[-100.996,70.175],[-101.582,70.133],[-101.693,70.309],[-101.953,70.27],[-102.409,70.426],[-103.125,70.576],[-103.538,70.6],[-104.024,70.784],[-104.105,70.898],[-104.591,71.073],[-104.282,71.364],[-104.38,71.6],[-105.039,72.114],[-104.96,72.178],[-105.277,72.44],[-105.196,72.484],[-105.457,72.703],[-105.333,72.751],[-105.829,73.051],[-106.234,73.087],[-106.823,73.31],[-107.172,73.195],[-107.662,73.328],[-108.013,73.355],[-108.054,73.238],[-108.298,73.134],[-107.875,72.573],[-107.718,72.303],[-107.779,72.141],[-107.618,72.019],[-107.252,71.902],[-107.668,71.708],[-107.992,71.683],[-108.287,71.799],[-108.188,71.95],[-108.417,71.99],[-108.413,72.127],[-108.663,72.361],[-108.633,72.566],[-108.868,72.606],[-109.183,72.767],[-109.376,72.771],[-110.004,72.985],[-110.004,72.755],[-110.004,72.71]]],[[[-72.949,66.735],[-73.332,66.663],[-73.456,66.551],[-74.082,66.3],[-74.345,66.226],[-74.42,66.083],[-74.012,65.855],[-73.718,65.775],[-73.496,65.494],[-73.674,65.46],[-73.88,65.536],[-74.179,65.529],[-74.503,65.343],[-74.872,65.398],[-75.215,65.254],[-75.715,65.309],[-75.8,65.251],[-75.407,65.062],[-75.373,64.836],[-75.599,64.871],[-75.414,64.98],[-75.452,65.079],[-75.757,65.214],[-76.677,65.411],[-77.09,65.416],[-77.436,65.46],[-77.514,65.326],[-77.313,65.2],[-77.964,65.052],[-78.144,64.957],[-78.073,64.816],[-78.188,64.753],[-78.185,64.587],[-77.758,64.343],[-77.662,64.377],[-77.133,64.301],[-76.728,64.296],[-75.862,64.378],[-75.707,64.579],[-75.238,64.455],[-74.713,64.382],[-74.536,64.432],[-74.646,64.535],[-74.551,64.631],[-74.084,64.641],[-74.003,64.583],[-74.114,64.341],[-73.996,64.329],[-73.892,64.554],[-73.452,64.591],[-73.482,64.405],[-73.386,64.281],[-73.13,64.292],[-72.598,63.867],[-72.32,63.781],[-72.318,63.679],[-71.931,63.687],[-71.828,63.78],[-71.566,63.691],[-71.583,63.593],[-71.277,63.566],[-71.686,63.424],[-71.766,63.284],[-71.688,63.174],[-71.373,63.049],[-71.029,63.079],[-70.83,62.897],[-70.493,62.867],[-70.24,62.754],[-69.627,62.791],[-69.587,62.658],[-69.445,62.554],[-69.027,62.38],[-68.554,62.25],[-67.401,62.15],[-66.774,62.017],[-66.555,61.907],[-66.274,61.858],[-65.95,61.897],[-66.129,62.089],[-65.93,62.198],[-66.302,62.351],[-66.551,62.561],[-66.982,62.703],[-67.198,62.877],[-67.799,63.089],[-68.147,63.161],[-68.403,63.376],[-68.76,63.555],[-68.928,63.761],[-68.496,63.74],[-68.4,63.664],[-68.12,63.602],[-67.869,63.464],[-67.69,63.633],[-67.501,63.443],[-67.24,63.321],[-67.012,63.288],[-66.698,63.039],[-66.519,63.077],[-66.191,62.951],[-66.053,63],[-65.666,62.912],[-65.604,62.825],[-65.272,62.788],[-65.35,62.707],[-65.17,62.568],[-64.962,62.663],[-65.204,62.896],[-64.887,62.869],[-64.765,63.055],[-65.099,63.55],[-64.932,63.571],[-64.772,63.329],[-64.484,63.288],[-64.559,63.562],[-64.505,63.644],[-64.676,63.74],[-64.93,63.778],[-64.895,63.897],[-64.663,64.028],[-65.077,64.083],[-65.307,64.193],[-65.081,64.479],[-65.726,64.515],[-65.583,64.757],[-65.824,64.883],[-66.013,64.754],[-66.209,64.897],[-66.649,64.97],[-66.967,65.087],[-66.936,65.216],[-67.169,65.269],[-67.06,65.453],[-67.433,65.504],[-67.273,65.645],[-67.455,65.679],[-67.927,65.62],[-67.925,65.757],[-68.096,65.796],[-68.137,65.927],[-67.81,65.878],[-67.17,65.933],[-67.294,66.111],[-67.753,66.255],[-67.852,66.413],[-67.575,66.419],[-67.303,66.281],[-66.961,66.541],[-66.731,66.374],[-66.472,66.344],[-66.148,66.141],[-65.959,66.115],[-65.899,65.954],[-65.393,65.982],[-64.964,66.076],[-64.91,66.005],[-65.353,65.914],[-65.503,65.767],[-65.294,65.56],[-65.115,65.504],[-64.902,65.282],[-64.178,65.177],[-63.885,65.086],[-63.655,64.918],[-63.405,65.033],[-63.498,65.371],[-63.367,65.538],[-63.16,65.649],[-62.594,65.664],[-62.51,65.793],[-62.306,65.829],[-62.429,65.979],[-61.954,66.02],[-62.539,66.227],[-62.22,66.397],[-61.935,66.289],[-61.492,66.367],[-61.576,66.55],[-61.27,66.605],[-61.606,66.872],[-62.004,67.037],[-62.284,66.946],[-62.905,66.973],[-63.349,66.891],[-63.25,67.132],[-62.977,67.222],[-63.164,67.338],[-63.412,67.218],[-63.888,67.242],[-63.942,67.361],[-64.228,67.614],[-64.29,67.729],[-64.607,67.832],[-64.816,67.783],[-65.046,67.852],[-64.72,67.985],[-64.965,68.052],[-65.182,67.967],[-65.759,67.968],[-65.809,67.865],[-66.214,68.005],[-66.314,68.129],[-66.766,68.242],[-67.064,68.475],[-67.664,68.565],[-67.931,68.528],[-68.361,68.63],[-68.547,68.753],[-68.401,68.845],[-68.133,68.837],[-68.043,68.972],[-67.735,69.04],[-68.116,69.133],[-68.083,69.22],[-67.678,69.177],[-66.669,69.185],[-66.788,69.34],[-67.228,69.464],[-68.005,69.462],[-68.587,69.591],[-68.349,69.633],[-68.013,69.776],[-67.747,69.783],[-67.347,69.717],[-67.115,69.729],[-67.25,69.963],[-67.809,70.264],[-68.157,70.318],[-68.323,70.223],[-68.337,70.069],[-68.663,69.942],[-68.928,69.955],[-68.644,70.147],[-68.707,70.209],[-69.209,70.193],[-69.47,70.248],[-68.72,70.322],[-68.459,70.373],[-68.298,70.497],[-68.362,70.584],[-69.098,70.723],[-69.59,70.773],[-69.915,70.88],[-70.617,70.73],[-70.713,70.84],[-70.516,70.937],[-70.787,71.115],[-71.151,71.038],[-71.323,70.887],[-71.953,70.791],[-72.337,70.758],[-72.164,70.83],[-72.356,70.879],[-72.045,71.085],[-71.445,71.073],[-71.117,71.27],[-71.582,71.515],[-72.473,71.647],[-72.639,71.545],[-72.831,71.499],[-72.755,71.436],[-72.995,71.408],[-72.97,71.287],[-73.254,71.33],[-73.688,71.593],[-73.596,71.764],[-73.906,71.776],[-74.635,71.655],[-74.742,71.734],[-74.263,71.82],[-74.118,71.967],[-74.237,72.076],[-75.063,72.128],[-74.942,72.257],[-75.198,72.498],[-75.735,72.583],[-76.652,72.639],[-76.889,72.743],[-77.601,72.756],[-77.977,72.698],[-78.535,72.515],[-78.57,72.356],[-78.943,72.196],[-79.283,72.394],[-79.546,72.292],[-79.753,72.401],[-80.049,72.398],[-80.483,72.181],[-80.397,72.05],[-80.759,71.984],[-80.832,72.261],[-80.512,72.382],[-80.558,72.628],[-80.269,72.725],[-80.64,72.928],[-80.643,73.17],[-81.134,73.247],[-81.229,73.54],[-81.528,73.716],[-82.831,73.737],[-84.008,73.505],[-84.837,73.389],[-85.464,73.112],[-85.652,72.871],[-85.702,72.635],[-85.344,72.413],[-84.782,72.362],[-85.036,72.255],[-85.501,72.214],[-85.747,71.949],[-85.438,71.815],[-85.258,71.668],[-84.892,71.633],[-84.528,71.473],[-84.96,71.429],[-85.497,71.514],[-86.128,71.794],[-86.408,72.006],[-86.46,72.203],[-86.253,72.395],[-86.326,72.504],[-86.68,72.646],[-86.699,72.816],[-86.283,73.087],[-86.03,73.302],[-85.577,73.512],[-84.952,73.668],[-85.106,73.812],[-86.019,73.855],[-86.714,73.847],[-87.764,73.717],[-88.414,73.525],[-89.051,73.252],[-89.312,73.046],[-89.321,72.882],[-89.753,72.611],[-89.963,72.257],[-89.762,72.126],[-89.993,72.072],[-90.105,71.916],[-89.798,71.765],[-89.977,71.658],[-89.963,71.415],[-89.813,71.329],[-88.616,71.237],[-88.067,71.213],[-87.228,71.011],[-87.359,70.95],[-88.325,70.958],[-88.642,71.055],[-89.126,71.032],[-89.449,70.908],[-89.076,70.7],[-88.907,70.545],[-88.694,70.465],[-88.141,70.396],[-87.853,70.238],[-87.425,70.315],[-87.031,70.468],[-86.858,70.325],[-86.639,70.325],[-86.27,70.113],[-85.783,69.995],[-84.952,70.067],[-84.695,70.007],[-83.673,69.946],[-83.052,70.01],[-82.441,69.844],[-82.126,69.818],[-81.6,69.977],[-80.951,69.736],[-80.78,69.756],[-81.193,70.001],[-81.072,70.099],[-79.835,69.953],[-79.681,69.849],[-78.888,69.894],[-78.665,70.014],[-78.767,70.191],[-79.128,70.309],[-79.565,70.39],[-79.156,70.497],[-78.745,70.456],[-78.389,70.216],[-77.892,70.264],[-77.683,70.184],[-77.683,69.825],[-77.491,69.863],[-76.873,69.819],[-76.873,69.687],[-77.038,69.606],[-76.63,69.546],[-76.391,69.405],[-76.217,69.417],[-75.687,69.287],[-75.572,69.157],[-75.99,69.011],[-76.422,69.06],[-76.638,69.016],[-76.534,68.881],[-76.673,68.766],[-76.326,68.698],[-75.497,68.934],[-74.879,68.826],[-74.373,68.544],[-73.885,68.555],[-73.947,68.413],[-73.728,68.314],[-73.2,68.275],[-72.988,68.173],[-72.857,67.861],[-72.619,67.795],[-72.673,67.703],[-72.436,67.531],[-72.37,67.331],[-72.193,67.276],[-72.351,67.119],[-72.803,67.043],[-73.005,66.779],[-72.949,66.735]]],[[[-64.519,60.319],[-64.432,60.373],[-64.641,60.492],[-64.75,60.374],[-64.519,60.319]]],[[[-67.881,60.497],[-67.999,60.586],[-68.241,60.586],[-68.439,60.259],[-68.321,60.197],[-67.96,60.333],[-67.881,60.497]]],[[[-64.841,61.352],[-64.697,61.458],[-64.717,61.663],[-65.047,61.698],[-65.429,61.662],[-65.486,61.599],[-64.977,61.379],[-64.841,61.352]]],[[[-79.282,62.27],[-79.559,62.42],[-79.831,62.411],[-80.215,62.138],[-80.286,61.93],[-80.18,61.774],[-79.75,61.586],[-79.548,61.76],[-79.27,62.145],[-79.282,62.27]]],[[[-64.381,62.527],[-64.842,62.556],[-64.923,62.42],[-64.594,62.37],[-64.381,62.527]]],[[[-70.241,62.616],[-70.492,62.767],[-70.789,62.842],[-70.96,62.803],[-70.682,62.547],[-70.362,62.527],[-70.241,62.616]]],[[[-82.191,62.986],[-82.42,62.928],[-82.739,62.938],[-83.119,62.847],[-83.296,62.931],[-83.52,62.826],[-83.553,62.7],[-83.907,62.491],[-83.91,62.395],[-83.751,62.31],[-83.673,62.145],[-83.281,62.253],[-83.135,62.177],[-82.747,62.311],[-82.425,62.472],[-82.296,62.585],[-81.957,62.698],[-81.862,62.925],[-82.191,62.986]]],[[[-77.538,63.288],[-77.703,63.438],[-78.186,63.493],[-78.544,63.449],[-78.532,63.39],[-77.941,63.087],[-77.645,63.143],[-77.538,63.288]]],[[[-64.086,63.335],[-64.224,63.395],[-64.355,63.669],[-64.498,63.617],[-64.259,63.327],[-64.086,63.335]]],[[[-76.689,63.486],[-76.709,63.568],[-77.12,63.685],[-77.397,63.693],[-77.418,63.591],[-76.982,63.407],[-76.702,63.37],[-76.689,63.486]]],[[[-80.183,63.768],[-80.889,64.123],[-81.059,64.027],[-81.627,64.124],[-81.714,64.254],[-81.771,64.512],[-82.123,64.692],[-82.366,64.768],[-82.715,64.781],[-82.884,64.88],[-83.208,64.948],[-83.398,65.137],[-84.098,65.21],[-84.152,65.332],[-84.577,65.489],[-84.848,65.214],[-85.077,65.456],[-85.316,65.541],[-85.052,65.614],[-85.201,65.809],[-85.488,65.797],[-85.61,65.911],[-85.939,65.763],[-86.028,65.665],[-86.174,65.287],[-86.159,64.939],[-86.353,64.651],[-86.406,64.439],[-86.193,64.103],[-86.896,63.93],[-87.224,63.66],[-87.064,63.555],[-86.868,63.562],[-86.661,63.658],[-86.285,63.646],[-85.794,63.713],[-85.617,63.675],[-85.635,63.243],[-85.51,63.129],[-85.274,63.123],[-84.59,63.315],[-84.405,63.555],[-84.064,63.621],[-83.784,63.769],[-83.634,63.771],[-83.605,63.93],[-83.685,64.014],[-83.539,64.111],[-83.014,64.192],[-83.138,64.007],[-82.534,63.973],[-82.356,63.853],[-82.518,63.797],[-82.482,63.685],[-82.075,63.692],[-81.636,63.575],[-81.019,63.45],[-80.466,63.727],[-80.183,63.768]]],[[[-85.001,66.008],[-85.186,65.947],[-85.113,65.762],[-84.713,65.555],[-84.574,65.636],[-84.715,65.835],[-85.001,66.008]]],[[[-84.474,66.09],[-84.125,65.907],[-84.143,65.767],[-83.87,65.783],[-83.693,65.926],[-84.069,66.063],[-84.474,66.09]]],[[[-73.358,67.838],[-73.413,67.968],[-74.277,68.078],[-74.756,68.063],[-74.64,67.857],[-74.402,67.779],[-73.409,67.776],[-73.358,67.838]]],[[[-86.577,68.291],[-86.748,68.287],[-86.986,68.067],[-86.837,67.792],[-86.598,67.728],[-86.413,67.845],[-86.408,68.208],[-86.577,68.291]]],[[[-75.034,68.173],[-75.138,68.236],[-75.911,68.345],[-76.299,68.335],[-76.689,68.263],[-77.212,67.87],[-77.323,67.708],[-77.178,67.426],[-76.982,67.243],[-76.634,67.228],[-76.243,67.27],[-75.889,67.258],[-75.39,67.358],[-75.065,67.552],[-75.044,67.817],[-75.161,67.953],[-75.034,68.173]]],[[[-74.838,68.42],[-74.774,68.486],[-74.989,68.669],[-75.26,68.721],[-75.379,68.499],[-74.884,68.344],[-74.838,68.42]]],[[[-79.08,68.879],[-78.83,68.917],[-78.552,69.102],[-78.457,69.229],[-78.214,69.303],[-78.313,69.387],[-78.731,69.325],[-78.863,69.148],[-79.204,69.085],[-79.423,68.927],[-79.08,68.879]]],[[[-76.692,69.411],[-77.113,69.448],[-77.36,69.39],[-77.265,69.147],[-76.992,69.145],[-76.675,69.311],[-76.692,69.411]]],[[[-67.91,69.534],[-67.731,69.659],[-67.891,69.712],[-68.219,69.606],[-67.91,69.534]]],[[[-78.395,69.647],[-78.69,69.561],[-78.517,69.485],[-77.942,69.647],[-78.141,69.75],[-78.395,69.647]]],[[[-79.971,69.633],[-79.613,69.62],[-79.348,69.695],[-79.672,69.82],[-79.974,69.731],[-80.501,69.787],[-80.804,69.705],[-80.21,69.619],[-79.971,69.633]]],[[[-87.084,69.989],[-86.803,70.092],[-87.316,70.118],[-87.084,69.989]]],[[[-71.508,71.017],[-72.012,71.052],[-72.046,70.946],[-72.228,70.922],[-72.118,70.825],[-71.439,70.91],[-71.508,71.017]]],[[[-72.954,71.518],[-73.352,71.534],[-73.267,71.364],[-72.817,71.449],[-72.954,71.518]]],[[[-97.072,73.138],[-97.1,72.992],[-96.655,72.964],[-96.568,73.052],[-96.809,73.192],[-97.072,73.138]]],[[[-104.681,73.63],[-105.167,73.757],[-106.6,73.711],[-107.039,73.484],[-106.509,73.414],[-106.121,73.293],[-105.949,73.162],[-105.486,72.956],[-105.202,72.945],[-104.737,73.19],[-104.573,73.332],[-104.501,73.567],[-104.681,73.63]]],[[[-80.903,73.607],[-80.795,73.285],[-80.164,73.233],[-80.176,73.046],[-79.949,72.847],[-79.568,72.76],[-79.175,72.755],[-78.171,72.899],[-76.319,72.817],[-76.272,73.102],[-76.521,73.129],[-76.757,73.321],[-77.04,73.359],[-77.213,73.511],[-78.139,73.669],[-79.45,73.635],[-80.56,73.773],[-80.903,73.607]]],[[[-96.321,72.467],[-96.452,72.642],[-96.932,72.676],[-97.291,72.875],[-97.256,72.962],[-97.661,73.037],[-98.349,73.044],[-97.828,73.278],[-97.295,73.366],[-97.165,73.45],[-97.668,73.486],[-96.995,73.626],[-96.956,73.737],[-97.26,73.861],[-97.57,73.894],[-98.097,73.818],[-99.218,73.739],[-100.001,73.95],[-100.303,73.861],[-100.886,73.832],[-101.23,73.606],[-101.562,73.469],[-101.289,73.36],[-100.467,73.203],[-100.111,73.033],[-100.064,72.901],[-100.305,72.875],[-100.431,72.74],[-100.875,72.696],[-101.296,72.719],[-101.763,73.019],[-102.114,73.089],[-102.485,73.041],[-102.756,72.812],[-102.614,72.661],[-101.967,72.497],[-101.84,72.326],[-101.403,72.279],[-101.201,72.33],[-100.927,72.203],[-100.637,72.186],[-100.035,71.868],[-99.864,71.859],[-99.412,71.545],[-99.235,71.35],[-98.946,71.374],[-98.541,71.292],[-98.215,71.409],[-97.97,71.662],[-97.461,71.617],[-97.083,71.703],[-96.962,71.807],[-96.56,71.84],[-96.485,72.128],[-96.718,72.3],[-96.321,72.467]]],[[[-99.247,73.855],[-98.826,73.832],[-98.143,73.878],[-97.808,73.978],[-97.725,74.122],[-98.753,74.034],[-99.39,73.924],[-99.247,73.855]]],[[[-90.291,73.923],[-90.994,74.006],[-91.815,74.029],[-92.114,73.984],[-92.8,74.132],[-93.273,74.178],[-93.766,74.136],[-94.374,74.132],[-95.249,74.01],[-95.613,73.596],[-95.582,73.162],[-95.719,73.012],[-95.593,72.699],[-95.314,72.607],[-95.136,72.463],[-95.212,72.197],[-95.089,72.1],[-95.145,71.966],[-94.088,72.064],[-93.811,72.316],[-93.464,72.463],[-93.793,72.693],[-93.403,72.794],[-92.385,72.71],[-91.858,72.848],[-91.176,73.354],[-90.511,73.698],[-90.291,73.923]]],[[[-103.638,75.2],[-103.821,75.367],[-104.403,75.433],[-104.677,75.346],[-104.906,75.124],[-104.229,75.019],[-103.867,75.064],[-103.638,75.2]]],[[[-93.437,74.944],[-93.499,75.268],[-94.394,75.604],[-94.9,75.645],[-95.791,75.501],[-96.171,75.287],[-96.469,75.194],[-96.605,75.065],[-96.404,74.937],[-95.898,74.826],[-95.305,74.805],[-95.089,74.69],[-94.724,74.632],[-93.608,74.654],[-93.457,74.718],[-93.437,74.944]]],[[[-96.575,75.438],[-95.91,75.561],[-96.417,75.595],[-97.055,75.499],[-96.575,75.438]]],[[[-102.873,75.766],[-102.505,75.799],[-102.215,75.993],[-103.045,75.906],[-102.873,75.766]]],[[[-94.485,75.978],[-94.852,75.953],[-94.823,75.81],[-94.317,75.764],[-94.485,75.978]]],[[[-102.572,75.993],[-102.444,76.09],[-103.725,75.978],[-103.692,75.889],[-102.572,75.993]]],[[[-78.895,76.123],[-79.718,75.883],[-79.279,75.877],[-78.861,76.047],[-78.895,76.123]]],[[[-103.811,76.034],[-102.838,76.081],[-102.531,76.157],[-102.727,76.316],[-104.312,76.212],[-104.368,76.076],[-103.811,76.034]]],[[[-104.398,76.469],[-104.378,76.325],[-103.336,76.332],[-103.023,76.416],[-103.883,76.578],[-104.025,76.67],[-104.652,76.602],[-104.398,76.469]]],[[[-97.425,75.52],[-97.425,75.698],[-97.897,75.737],[-97.57,75.865],[-97.651,75.952],[-97.5,76.157],[-97.789,76.322],[-97.665,76.486],[-98.508,76.637],[-98.905,76.624],[-99.257,76.469],[-99.59,76.629],[-100.27,76.65],[-100.963,76.48],[-100.675,76.381],[-100.321,76.389],[-99.997,76.299],[-100.479,76.234],[-101.128,76.26],[-101.086,76.342],[-101.413,76.438],[-102.035,76.413],[-102.103,76.221],[-101.589,75.925],[-102.262,75.87],[-102.688,75.678],[-102.776,75.545],[-102.064,75.548],[-101.449,75.608],[-100.223,75.667],[-99.704,75.595],[-100.283,75.527],[-100.676,75.336],[-100.252,75.263],[-100.399,75.163],[-100.33,75.014],[-99.645,74.976],[-98.75,74.988],[-98.035,75.026],[-97.685,75.17],[-98.117,75.298],[-97.924,75.52],[-97.425,75.52]]],[[[-101.16,76.582],[-100.333,76.715],[-100.972,76.736],[-101.16,76.582]]],[[[-89.675,76.733],[-89.982,76.842],[-90.53,76.792],[-90.568,76.716],[-90.065,76.486],[-89.675,76.733]]],[[[-110.004,75.911],[-110.004,75.879],[-109.102,75.75],[-108.835,75.623],[-108.896,75.492],[-110.004,75.545],[-110.004,74.853],[-109.582,74.858],[-108.824,75.072],[-108.417,74.917],[-107.686,74.982],[-107.005,74.924],[-106.76,75.003],[-106.009,75.057],[-105.896,75.259],[-105.661,75.355],[-105.689,75.527],[-105.39,75.66],[-105.512,75.891],[-105.76,75.99],[-106.607,76.062],[-107.046,75.889],[-107.648,75.973],[-107.858,76.066],[-108.458,76.103],[-108.081,76.287],[-108.616,76.423],[-108.687,76.602],[-108.451,76.733],[-108.748,76.859],[-109.184,76.822],[-109.554,76.63],[-110.004,76.486],[-110.004,76.226],[-109.542,76.189],[-109.433,76.004],[-110.004,75.911]]],[[[-79.56,74.992],[-79.78,75.032],[-80.197,74.958],[-80.443,75.04],[-79.628,75.18],[-79.501,75.392],[-80.079,75.586],[-80.503,75.662],[-81.286,75.664],[-81.113,75.779],[-82.331,75.844],[-83.089,75.74],[-83.918,75.815],[-84.29,75.713],[-85.045,75.656],[-85.299,75.575],[-86.01,75.536],[-86.196,75.415],[-86.778,75.476],[-87.111,75.595],[-87.751,75.581],[-88.245,75.478],[-88.58,75.659],[-89.257,75.636],[-89.198,75.796],[-89.688,75.903],[-90.188,76.068],[-91.244,76.164],[-89.38,76.184],[-89.298,76.301],[-90.448,76.411],[-90.572,76.564],[-91.441,76.694],[-92.693,76.596],[-92.95,76.63],[-93.701,76.921],[-94.114,76.888],[-94.508,76.971],[-95.192,77.004],[-95.771,77.077],[-96.851,76.93],[-96.314,76.808],[-96.5,76.696],[-96.142,76.583],[-95.823,76.399],[-95.031,76.334],[-94.848,76.269],[-93.591,76.3],[-93.128,76.37],[-92.647,76.12],[-92.63,76.02],[-92.185,75.895],[-92.004,75.602],[-92.3,75.513],[-92.504,75.218],[-92.061,74.963],[-92.018,74.777],[-91.621,74.712],[-90.894,74.761],[-90.701,74.646],[-89.949,74.533],[-89.147,74.608],[-89.084,74.72],[-88.412,74.759],[-88.518,74.501],[-87.644,74.458],[-84.258,74.506],[-83.494,74.578],[-83.332,74.782],[-82.92,74.551],[-81.789,74.458],[-81.32,74.562],[-80.542,74.564],[-80.162,74.624],[-80.245,74.759],[-79.395,74.876],[-79.56,74.992]]],[[[-89.661,77.356],[-89.776,77.486],[-90.304,77.629],[-91.169,77.617],[-91.2,77.408],[-90.924,77.307],[-90.094,77.204],[-89.661,77.356]]],[[[-104.395,77.193],[-104.421,77.308],[-104.792,77.422],[-105.503,77.721],[-105.909,77.768],[-105.765,77.466],[-105.536,77.304],[-104.754,77.111],[-104.395,77.193]]],[[[-93.252,77.644],[-93.608,77.781],[-95.506,77.811],[-96.235,77.706],[-96.302,77.593],[-95.988,77.479],[-94.331,77.477],[-93.808,77.439],[-93.478,77.488],[-93.252,77.644]]],[[[-102.449,77.74],[-101.791,77.679],[-100.958,77.76],[-101.645,77.89],[-102.398,77.889],[-102.449,77.74]]],[[[-110.004,78.099],[-110.004,77.931],[-109.582,78.054],[-110.004,78.099]]],[[[-110.004,78.687],[-110.004,78.329],[-109.339,78.355],[-109.347,78.535],[-110.004,78.687]]],[[[-96.91,77.795],[-96.632,77.877],[-95.809,77.903],[-95.061,77.973],[-94.889,78.109],[-95.37,78.247],[-94.828,78.364],[-95.7,78.526],[-96.274,78.535],[-96.543,78.686],[-97.451,78.797],[-98.356,78.774],[-98.36,78.452],[-97.767,78.247],[-96.869,78.137],[-97.657,78.097],[-97.742,78.042],[-96.993,77.925],[-96.91,77.795]]],[[[-105.607,79.104],[-104.953,79.054],[-103.856,78.883],[-103.384,78.775],[-103.497,78.507],[-104.641,78.583],[-105.018,78.524],[-104.82,78.362],[-104.466,78.275],[-103.947,78.243],[-103.659,78.321],[-102.744,78.381],[-102.765,78.274],[-102.161,78.288],[-101.036,78.199],[-100.61,77.864],[-99.939,77.783],[-99.017,77.894],[-99.045,78.082],[-99.803,78.308],[-99.558,78.599],[-100.063,78.638],[-99.99,78.736],[-100.521,78.824],[-101.648,79.081],[-102.607,79.076],[-103.121,79.291],[-103.722,79.363],[-105.449,79.269],[-105.607,79.104]]],[[[-100.152,79.998],[-99.584,79.899],[-99.3,79.759],[-98.651,79.792],[-98.874,80.084],[-99.779,80.151],[-100.152,79.998]]],[[[-96.623,80.044],[-96.543,79.848],[-95.611,79.559],[-95.646,79.394],[-94.961,79.292],[-94.388,79.371],[-93.786,79.281],[-93.495,79.36],[-92.58,79.385],[-92.627,79.245],[-93.433,79.156],[-93.594,79.063],[-94.272,78.968],[-93.347,78.608],[-92.656,78.612],[-92.953,78.437],[-92.116,78.227],[-90.884,78.145],[-90.353,78.145],[-90.332,78.336],[-89.713,78.226],[-89.352,78.339],[-89.05,78.182],[-88.77,78.186],[-88.551,78.433],[-88.042,78.479],[-87.859,78.693],[-86.615,78.974],[-86.504,79.069],[-85.51,79.166],[-84.919,79.296],[-85.564,79.58],[-86.309,79.648],[-87.189,79.628],[-86.971,79.882],[-87.576,80.18],[-87.701,80.413],[-88.469,80.44],[-88.709,80.29],[-89.26,80.304],[-89.058,80.468],[-89.325,80.537],[-90.639,80.569],[-90.71,80.703],[-91.147,80.813],[-92.237,81.256],[-93.096,81.347],[-94.188,81.367],[-94.396,81.262],[-93.217,81.215],[-93.314,81.087],[-94.156,81.098],[-95.232,81.015],[-95.5,80.808],[-94.695,80.734],[-94.375,80.617],[-96.027,80.584],[-96.322,80.262],[-94.846,80.045],[-96.019,80.072],[-96.623,80.044]]],[[[-61.085,82.331],[-61.579,82.489],[-63.065,82.537],[-63.652,82.718],[-63.447,82.827],[-65.852,82.842],[-67.597,82.971],[-69.483,83.046],[-69.688,83.117],[-72.592,83.102],[-73.653,82.927],[-74.2,83.002],[-76.135,83.054],[-77.387,82.99],[-78.421,82.872],[-79.34,82.976],[-80.352,82.864],[-81.576,82.791],[-80.601,82.559],[-82.07,82.674],[-82.712,82.381],[-80.934,82.104],[-79.864,82.027],[-80.021,81.968],[-81.588,82.12],[-82.401,82.247],[-85.762,82.467],[-85.351,82.29],[-86.848,82.221],[-86.965,82.051],[-87.999,82.105],[-88.681,82.058],[-89.645,81.864],[-90.243,81.9],[-91.709,81.734],[-91.949,81.632],[-91.008,81.608],[-90.683,81.677],[-89.915,81.596],[-90.834,81.464],[-90.35,81.376],[-89.514,81.488],[-89.243,81.411],[-89.924,81.342],[-90.353,81.174],[-89.826,81.013],[-86.522,81.125],[-86.699,81.005],[-88.413,80.999],[-89.272,80.953],[-89.386,80.879],[-88.101,80.681],[-87.276,80.632],[-86.112,80.993],[-86.749,80.604],[-86.118,80.537],[-84.397,80.51],[-83.802,80.56],[-83.302,80.698],[-82.913,80.539],[-81.217,80.628],[-79.614,80.828],[-79.153,81.103],[-78.192,81.305],[-77.842,81.284],[-78.886,81.012],[-78.848,80.858],[-78.532,80.781],[-79.964,80.611],[-80.352,80.473],[-83.159,80.335],[-82.169,80.018],[-81.662,79.908],[-81.629,79.768],[-80.881,79.654],[-81.587,79.601],[-82.171,79.869],[-83.788,80.251],[-85.316,80.269],[-85.893,80.338],[-86.438,80.32],[-86.643,80.153],[-86.45,79.754],[-85.322,79.68],[-84.879,79.487],[-84.487,79.413],[-84.33,79.192],[-84.752,79.039],[-84.279,78.955],[-82.968,78.941],[-83.162,78.724],[-83.746,78.839],[-85.246,78.917],[-85.757,78.832],[-86.61,78.809],[-86.94,78.714],[-87.157,78.549],[-87.482,78.452],[-87.488,78.127],[-86.77,78.12],[-86.228,78.062],[-85.488,78.117],[-85.063,78.063],[-85.661,77.95],[-85.19,77.798],[-85.282,77.66],[-84.761,77.52],[-84.084,77.51],[-83.8,77.429],[-84.617,77.384],[-85.402,77.401],[-85.782,77.504],[-85.974,77.713],[-86.216,77.793],[-87.192,77.905],[-88.181,77.801],[-88.188,77.64],[-87.647,77.487],[-87.681,77.353],[-87.349,77.334],[-87.133,77.214],[-87.475,77.111],[-88.294,77.136],[-88.72,77.014],[-89.537,76.857],[-89.419,76.687],[-89.657,76.565],[-89.17,76.424],[-88.359,76.49],[-88.404,76.394],[-87.63,76.336],[-87.092,76.381],[-86.217,76.375],[-85.249,76.316],[-84.942,76.422],[-84.235,76.447],[-82.801,76.39],[-82.282,76.4],[-81.935,76.495],[-80.772,76.42],[-81.095,76.219],[-80.667,76.164],[-79.55,76.317],[-79.009,76.424],[-78.141,76.527],[-77.771,76.664],[-77.716,76.822],[-78.091,77.023],[-78.868,76.924],[-79.376,76.926],[-79.027,77.091],[-79.432,77.239],[-80.145,77.211],[-81.103,77.287],[-81.62,77.202],[-81.849,77.29],[-81.2,77.323],[-81.737,77.435],[-81.361,77.477],[-80.78,77.336],[-79.971,77.281],[-79.133,77.291],[-78.82,77.384],[-78.289,77.378],[-77.737,77.601],[-78.052,77.733],[-77.981,77.817],[-78.43,77.911],[-77.154,77.949],[-76.881,77.905],[-76.232,78.021],[-75.901,77.968],[-75.582,78.113],[-76.823,78.186],[-76.605,78.255],[-75.626,78.2],[-75.108,78.375],[-76.079,78.466],[-75.009,78.538],[-74.774,78.835],[-75.744,78.897],[-75.781,78.982],[-77.159,79.071],[-76.133,79.124],[-75.087,79.032],[-74.469,79.227],[-75.948,79.237],[-77.365,79.281],[-76.886,79.353],[-75.028,79.373],[-74.696,79.45],[-74.03,79.45],[-73.128,79.559],[-73.386,79.755],[-72.232,79.663],[-71.142,79.789],[-70.211,80.188],[-69.374,80.397],[-69.133,80.536],[-68.279,80.76],[-66.672,81.04],[-65.989,81.228],[-65.4,81.27],[-64.692,81.391],[-64.546,81.55],[-65.736,81.493],[-67.787,81.317],[-68.045,81.373],[-66.654,81.5],[-67.673,81.593],[-65.858,81.627],[-65.361,81.734],[-64.373,81.725],[-62.258,82.024],[-61.312,82.197],[-61.085,82.331]]],[[[-79.395,52.084],[-79.656,51.987],[-79.414,51.938],[-79.395,52.084]]],[[[-80.759,52.919],[-81.123,53.202],[-81.424,53.229],[-81.883,53.18],[-82.063,53.023],[-81.952,52.974],[-81.469,52.861],[-81.286,52.844],[-81.027,52.753],[-80.67,52.742],[-80.759,52.919]]],[[[-78.758,56.168],[-78.681,56.197],[-78.663,56.421],[-78.825,56.358],[-78.758,56.168]]],[[[-79.546,56.044],[-79.645,55.897],[-79.469,55.879],[-79.355,55.978],[-79.043,56.366],[-79.131,56.544],[-79.235,56.551],[-79.409,56.233],[-79.551,56.266],[-79.737,56.161],[-80.026,55.9],[-79.867,55.843],[-79.546,56.044]]]]},"properties":{"country":"CA","code":"NU","name":"Nunavut","label":[-97.1443,64.3853]}},{"type":"Feature","geometry":{"type":"MultiPolygon","coordinates":[[[[-57.1,51.419],[-56.967,51.425],[-56.338,51.782],[-56.211,51.797],[-55.934,51.925],[-55.887,52.007],[-55.685,52.112],[-55.82,52.308],[-55.648,52.443],[-56,52.515],[-55.933,52.638],[-56.059,52.766],[-55.812,52.83],[-55.956,53.022],[-55.747,53.146],[-55.812,53.33],[-56.035,53.434],[-56.036,53.58],[-56.633,53.66],[-56.631,53.742],[-56.983,53.727],[-57.133,53.621],[-57.33,53.585],[-57.457,53.649],[-57.153,53.74],[-57.357,54.139],[-58.012,54.24],[-58.229,54.236],[-58.416,54.14],[-58.22,54.064],[-58.853,53.942],[-59.071,53.796],[-59.077,53.687],[-59.368,53.652],[-59.511,53.555],[-59.861,53.5],[-60.105,53.338],[-60.345,53.382],[-60.042,53.48],[-60.112,53.547],[-60.108,53.758],[-59.791,53.848],[-59.532,53.822],[-59.217,53.931],[-58.975,53.972],[-58.468,54.234],[-58.251,54.254],[-58.186,54.359],[-57.678,54.377],[-57.391,54.502],[-57.45,54.649],[-57.668,54.633],[-57.847,54.739],[-58.138,54.739],[-58.204,54.797],[-58.681,54.819],[-58.884,54.898],[-59.026,55.02],[-59.008,55.154],[-59.252,55.216],[-59.43,55.142],[-59.862,55.141],[-59.939,55.235],[-60.287,55.233],[-60.419,55.428],[-60.355,55.575],[-60.49,55.81],[-60.607,55.733],[-60.782,55.86],[-61.066,55.85],[-61.071,55.928],[-61.345,55.969],[-61.373,56.229],[-61.547,56.2],[-61.83,56.377],[-61.757,56.486],[-61.869,56.637],[-61.695,56.73],[-61.809,56.789],[-61.502,56.979],[-61.345,56.99],[-61.382,57.121],[-61.527,57.161],[-61.865,57.171],[-61.817,57.377],[-62.289,57.524],[-61.89,57.625],[-62.007,57.781],[-62.141,57.833],[-62.305,58.031],[-62.661,58.176],[-62.579,58.504],[-62.784,58.498],[-63.01,58.429],[-63.176,58.503],[-62.847,58.669],[-62.927,58.823],[-63.442,59.121],[-63.373,59.217],[-63.532,59.348],[-63.806,59.375],[-63.728,59.509],[-64.148,59.683],[-64.126,59.907],[-64.221,60.047],[-64.452,60.066],[-64.417,60.26],[-64.531,60.304],[-64.845,60.264],[-64.599,60.118],[-64.817,60.039],[-64.671,59.883],[-64.814,59.819],[-64.774,59.699],[-64.893,59.565],[-64.672,59.45],[-64.492,59.436],[-64.538,59.286],[-64.414,58.982],[-64.716,59.066],[-64.864,58.994],[-64.568,58.887],[-64.31,58.885],[-64.126,58.752],[-63.726,58.879],[-63.534,58.723],[-64.029,58.682],[-63.818,58.486],[-64.167,58.339],[-64.242,58.22],[-64.39,58.188],[-64.404,58.065],[-64.221,58.045],[-64.094,57.806],[-63.639,57.639],[-63.765,57.564],[-63.708,57.385],[-63.838,57.325],[-63.743,57.227],[-63.915,56.937],[-64.124,56.69],[-63.943,56.545],[-64.108,56.375],[-63.942,56.253],[-64.022,56.09],[-63.703,56.047],[-63.84,55.913],[-63.693,55.753],[-63.669,55.624],[-63.738,55.44],[-63.39,55.405],[-63.66,55.27],[-63.551,55.226],[-63.605,54.902],[-63.815,54.94],[-63.904,54.782],[-63.729,54.647],[-63.899,54.602],[-64.114,54.631],[-64.181,54.711],[-64.458,54.795],[-64.576,54.727],[-64.941,54.93],[-65.103,54.957],[-65.221,54.851],[-65.482,54.817],[-65.698,54.723],[-65.849,54.897],[-66.059,54.919],[-66.254,54.998],[-66.588,55.255],[-66.762,55.104],[-66.729,54.939],[-66.607,54.804],[-66.737,54.734],[-66.936,54.799],[-67.016,54.885],[-67.423,54.997],[-67.265,54.835],[-67.086,54.732],[-67.261,54.571],[-67.499,54.595],[-67.509,54.488],[-67.75,54.426],[-67.64,54.189],[-67.808,54.034],[-67.523,53.838],[-67.323,53.566],[-67.031,53.515],[-66.89,53.415],[-66.962,53.295],[-66.983,53.105],[-67.299,53.157],[-67.385,53.105],[-67.302,52.868],[-67.041,52.775],[-66.866,52.662],[-66.656,52.796],[-66.625,52.937],[-66.364,53.002],[-66.288,52.847],[-66.408,52.589],[-66.35,52.359],[-66.48,52.335],[-66.374,52.142],[-66.078,52.17],[-65.992,52.06],[-65.824,52.108],[-65.683,52.025],[-65.459,52.025],[-65.184,51.774],[-64.957,51.723],[-64.857,51.774],[-64.689,51.723],[-64.53,51.592],[-64.279,51.74],[-64.362,51.967],[-64.235,51.981],[-64.155,52.132],[-64.207,52.304],[-64.128,52.387],[-64.19,52.572],[-64.107,52.72],[-63.605,52.786],[-63.379,52.651],[-63.813,52.62],[-64.081,52.473],[-63.973,52.354],[-63.773,52.335],[-63.67,52.036],[-62.794,52],[-61.678,52],[-60.461,52],[-59.299,52],[-58.057,52],[-57.101,52],[-57.1,51.419]]],[[[-54.277,49.576],[-54.017,49.668],[-54.092,49.75],[-54.307,49.672],[-54.277,49.576]]],[[[-52.629,47.527],[-52.704,47.756],[-52.861,47.608],[-53.114,47.431],[-53.244,47.593],[-53.054,47.933],[-52.866,48.124],[-53.276,48.016],[-53.499,47.746],[-53.605,47.539],[-53.847,47.707],[-53.622,48.005],[-53.684,48.08],[-53.905,48.085],[-53.941,48.177],[-53.639,48.169],[-53.187,48.355],[-53.058,48.436],[-52.983,48.604],[-53.143,48.636],[-53.259,48.527],[-53.414,48.624],[-53.521,48.462],[-53.774,48.551],[-53.704,48.661],[-53.878,48.748],[-53.924,48.918],[-53.609,49.044],[-53.454,49.242],[-53.679,49.367],[-54.041,49.481],[-54.479,49.401],[-54.545,49.529],[-54.743,49.32],[-55.223,49.265],[-55.156,49.549],[-55.582,49.472],[-55.645,49.39],[-55.939,49.61],[-55.723,49.931],[-56.149,50.156],[-56.317,50.039],[-56.725,49.69],[-56.802,49.801],[-56.739,50.027],[-56.523,50.196],[-56.428,50.376],[-55.873,50.917],[-55.743,51.07],[-55.719,51.184],[-56.018,51.218],[-55.967,51.347],[-55.617,51.304],[-55.492,51.388],[-55.409,51.579],[-55.514,51.604],[-56.106,51.529],[-56.72,51.319],[-56.795,51.138],[-56.98,50.988],[-56.977,50.881],[-57.3,50.649],[-57.457,50.483],[-57.61,50.166],[-57.94,49.705],[-57.926,49.589],[-58.186,49.443],[-58.229,49.268],[-58.101,49.183],[-58.136,49.095],[-58.443,49.057],[-58.667,48.726],[-58.703,48.555],[-58.536,48.454],[-59.002,48.123],[-59.242,48.016],[-59.399,47.88],[-59.283,47.759],[-59.301,47.614],[-59.112,47.561],[-58.098,47.695],[-57.847,47.652],[-57.33,47.633],[-57.121,47.568],[-56.984,47.587],[-56.777,47.533],[-56.672,47.627],[-56.39,47.606],[-56.235,47.632],[-55.968,47.76],[-55.863,47.599],[-56.046,47.536],[-55.774,47.458],[-55.438,47.471],[-55.376,47.686],[-55.072,47.597],[-54.948,47.51],[-55.184,47.46],[-55.301,47.268],[-55.487,47.14],[-55.87,47.075],[-55.98,46.97],[-55.851,46.871],[-55.589,46.903],[-55.418,46.867],[-55.251,46.919],[-55.095,47.06],[-54.989,47.28],[-54.866,47.38],[-54.603,47.41],[-54.458,47.499],[-54.141,47.836],[-54.013,47.807],[-53.886,47.527],[-53.911,47.373],[-54.15,47.005],[-54.189,46.828],[-54.05,46.808],[-53.573,47.162],[-53.643,46.985],[-53.599,46.906],[-53.623,46.656],[-53.555,46.618],[-53.374,46.735],[-53.211,46.635],[-53.067,46.666],[-52.941,46.791],[-52.786,47.311],[-52.629,47.527]]],[[[-57.871,54.818],[-57.941,54.926],[-58.225,54.853],[-58.157,54.764],[-57.871,54.818]]],[[[-61.63,56.846],[-61.647,56.744],[-61.373,56.692],[-61.352,56.86],[-61.462,56.956],[-61.63,56.846]]]]},"properties":{"country":"CA","code":"NL","name":"Newfoundland and Labrador","label":[-56.2169,48.6598]}},{"type":"Feature","geometry":{"type":"MultiPolygon","coordinates":[[[[-64.273,45.836],[-64.649,45.559],[-64.833,45.484],[-64.936,45.351],[-64.717,45.325],[-64.576,45.416],[-64.388,45.367],[-64.066,45.413],[-63.593,45.395],[-63.825,45.28],[-64.115,45.216],[-64.223,45.108],[-64.511,45.229],[-64.863,45.14],[-65.786,44.696],[-65.848,44.557],[-66.114,44.343],[-66.21,44.106],[-66.149,44.003],[-66.122,43.744],[-65.963,43.737],[-65.772,43.669],[-65.778,43.568],[-65.668,43.5],[-65.463,43.528],[-65.25,43.673],[-65.034,43.712],[-64.816,43.954],[-64.561,44.08],[-64.34,44.333],[-64.354,44.456],[-63.943,44.621],[-63.929,44.511],[-63.716,44.456],[-63.523,44.518],[-63.588,44.664],[-63.281,44.643],[-63.024,44.697],[-62.552,44.868],[-61.882,45.034],[-61.81,45.101],[-61.64,45.087],[-61.389,45.164],[-61.332,45.231],[-61.071,45.224],[-61.137,45.354],[-61.267,45.443],[-61.471,45.683],[-61.62,45.614],[-61.894,45.704],[-61.924,45.889],[-62.47,45.614],[-62.739,45.763],[-63.07,45.778],[-63.19,45.736],[-63.448,45.821],[-63.806,45.889],[-63.905,45.98],[-64.043,45.992],[-64.16,45.964],[-64.273,45.836]]],[[[-60.081,45.792],[-59.862,45.936],[-59.882,46.177],[-60.174,46.231],[-60.351,46.312],[-60.621,46.101],[-60.722,45.895],[-60.73,45.714],[-60.982,45.821],[-60.962,45.915],[-60.815,45.937],[-60.701,46.088],[-60.427,46.284],[-60.509,46.368],[-60.35,46.616],[-60.311,46.854],[-60.49,46.905],[-60.462,47.003],[-60.603,47.034],[-60.77,46.844],[-60.869,46.8],[-61.095,46.454],[-61.289,46.243],[-61.459,46.145],[-61.541,46.04],[-61.455,45.71],[-61.335,45.566],[-61.131,45.56],[-61.01,45.608],[-60.727,45.566],[-60.395,45.643],[-60.081,45.792]]]]},"properties":{"country":"CA","code":"NS","name":"Nova Scotia","label":[-62.8113,45.2293]}},{"type":"Feature","geometry":{"type":"MultiPolygon","coordinates":[[[[-120,60],[-118.75,60],[-117.5,60],[-116.25,60],[-115,60],[-113.125,60],[-111.875,60],[-110,60],[-109,60],[-107.5,60],[-105.501,60],[-103.501,60],[-102.002,60],[-102.003,61.22],[-102.004,62.144],[-102.005,63.181],[-101.999,64.227],[-103.974,64.389],[-105.19,64.485],[-107.445,64.663],[-108.973,64.778],[-109.215,64.812],[-109.58,64.933],[-110.633,65.483],[-110.706,65.501],[-112.504,65.501],[-114.414,66.086],[-115.414,66.392],[-116.594,66.754],[-117.773,67.115],[-119.759,67.723],[-120.681,68.016],[-120.681,68.902],[-120.681,69.557],[-120.807,69.624],[-121.428,69.767],[-122.036,69.819],[-122.481,69.802],[-122.951,69.839],[-123.157,69.77],[-123.178,69.496],[-123.545,69.377],[-124.438,69.37],[-124.429,69.473],[-124.072,69.666],[-124.507,69.736],[-124.507,69.916],[-124.384,70.14],[-124.988,70.046],[-124.897,69.942],[-125.032,69.747],[-125.37,69.695],[-125.416,69.603],[-125.151,69.454],[-125.449,69.319],[-125.939,69.414],[-126.245,69.525],[-126.702,69.767],[-126.867,70.002],[-127.136,70.253],[-127.445,70.406],[-127.928,70.567],[-128.196,70.447],[-128.032,70.294],[-128.111,70.189],[-128.37,70.097],[-128.31,69.989],[-128.994,69.679],[-129.174,69.832],[-130.338,69.702],[-130.457,69.579],[-130.75,69.454],[-131.161,69.496],[-131.595,69.474],[-131.88,69.285],[-132.373,69.149],[-132.862,69.073],[-132.833,68.921],[-132.55,68.92],[-132.514,68.805],[-132.94,68.863],[-133.209,68.948],[-133.203,69.038],[-132.908,69.131],[-132.771,69.256],[-132.114,69.361],[-131.984,69.537],[-131.086,69.633],[-130.941,69.566],[-130.571,69.76],[-129.6,69.991],[-129.406,70.121],[-129.653,70.222],[-129.932,70.076],[-130.324,70.14],[-130.943,70.079],[-131.257,69.942],[-131.62,69.876],[-132.139,69.688],[-132.548,69.743],[-132.887,69.661],[-132.97,69.517],[-133.196,69.414],[-133.632,69.399],[-133.788,69.491],[-134.121,69.544],[-134.41,69.657],[-134.641,69.482],[-135.155,69.48],[-135.284,69.415],[-135.838,69.309],[-135.968,69.222],[-135.991,69.016],[-135.868,68.907],[-135.628,68.893],[-135.636,68.763],[-136.068,68.885],[-136.445,68.91],[-136.445,67.726],[-136.189,67.564],[-136.201,67.408],[-136.095,67.297],[-136.23,67.187],[-136.162,67.004],[-134.65,67.003],[-134.03,66.987],[-133.763,66.799],[-133.834,66.726],[-133.601,66.559],[-133.819,66.31],[-133.584,66.293],[-133.612,65.962],[-133.425,65.944],[-132.92,66.026],[-132.807,65.928],[-132.561,66.029],[-132.347,65.941],[-132.569,65.844],[-132.371,65.771],[-132.182,65.584],[-132.322,65.44],[-132.713,65.229],[-132.354,65.069],[-132.513,64.943],[-132.569,64.775],[-132.321,64.769],[-132.054,64.696],[-131.849,64.556],[-131.806,64.427],[-131.619,64.369],[-131.403,64.463],[-131.146,64.424],[-131.003,64.325],[-130.941,64.15],[-130.74,63.973],[-130.098,63.782],[-129.823,63.478],[-129.919,63.373],[-130.129,63.317],[-129.892,63.183],[-129.845,63.091],[-129.614,63.072],[-129.765,62.852],[-129.495,62.608],[-129.197,62.507],[-129.309,62.321],[-129.13,62.116],[-128.762,62.061],[-128.547,62.122],[-127.973,61.689],[-127.535,61.51],[-127.146,61.465],[-126.935,61.052],[-126.885,60.782],[-126.66,60.75],[-126.094,60.815],[-125.826,60.883],[-125.715,60.834],[-125.322,60.788],[-125.158,60.852],[-124.869,60.863],[-124.828,60.961],[-124.566,60.939],[-124.479,60.788],[-124.603,60.718],[-124.416,60.479],[-124.216,60.461],[-124.196,60.33],[-123.981,60.098],[-123.819,60],[-122.387,60],[-121.432,60],[-120,60]]],[[[-110.004,72.985],[-110.704,73.009],[-110.484,72.839],[-110.004,72.755],[-110.004,72.985]]],[[[-110.004,72.458],[-110.24,72.528],[-110.729,72.571],[-111.086,72.408],[-111.407,72.426],[-111.665,72.292],[-111.904,72.347],[-111.289,72.566],[-111.22,72.724],[-112.077,72.898],[-113.015,73.016],[-113.192,72.993],[-113.604,72.778],[-114.322,72.592],[-114.356,72.746],[-114.023,72.798],[-113.962,73.123],[-114.265,73.336],[-114.584,73.385],[-115.57,73.202],[-117.369,72.918],[-117.867,72.701],[-118.19,72.635],[-118.593,72.429],[-118.125,72.31],[-118.128,72.227],[-118.678,72.142],[-119.054,71.935],[-119.138,71.774],[-119.051,71.627],[-118.076,71.665],[-118.309,71.432],[-118.162,71.379],[-117.551,71.374],[-116.185,71.5],[-115.904,71.394],[-116.806,71.291],[-117.475,71.185],[-117.798,71.17],[-118.386,71.022],[-118.187,70.839],[-117.709,70.695],[-117.585,70.606],[-116.989,70.602],[-116.233,70.64],[-116.039,70.579],[-115.581,70.58],[-114.183,70.668],[-113.988,70.716],[-113.561,70.643],[-113.207,70.648],[-112.926,70.565],[-112.144,70.494],[-111.809,70.352],[-111.937,70.264],[-112.261,70.309],[-112.586,70.2],[-113.477,70.284],[-113.643,70.262],[-114.185,70.316],[-116.033,70.22],[-116.965,70.129],[-117.442,69.989],[-117.252,69.764],[-116.856,69.648],[-117.144,69.888],[-117.124,70.001],[-115.402,70],[-112.899,70],[-112.875,69.832],[-112.65,69.833],[-112.5,70],[-110,70],[-110.001,70.695],[-110.003,71.646],[-110.004,72.458]]],[[[-110.004,76.486],[-110.397,76.397],[-110.384,76.301],[-110.004,76.226],[-110.004,76.486]]],[[[-110.004,75.545],[-110.514,75.573],[-111.274,75.527],[-111.361,75.715],[-111.856,75.954],[-112.365,76.034],[-112.432,76.171],[-112.994,76.273],[-113.963,76.191],[-114.206,76.471],[-114.451,76.501],[-115.512,76.456],[-115.875,76.364],[-115.841,76.185],[-116.526,76.16],[-116.706,76.058],[-116.708,75.9],[-116.203,75.868],[-114.858,75.911],[-114.875,75.867],[-116.885,75.789],[-117.198,75.576],[-115.59,75.588],[-116.042,75.485],[-117.202,75.481],[-117.675,75.293],[-117.51,75.201],[-116.767,75.122],[-116.545,75.185],[-116.166,75.04],[-115.715,74.97],[-115.406,75.103],[-114.958,74.971],[-114.441,75.068],[-114.046,75.366],[-113.784,75.34],[-113.94,75.183],[-113.887,75.058],[-111.028,75.177],[-111.555,75.013],[-112.798,74.985],[-113.496,74.839],[-114.234,74.759],[-114.44,74.684],[-114.173,74.567],[-113.693,74.444],[-113.024,74.396],[-112.437,74.414],[-111.658,74.501],[-111.001,74.616],[-110.004,74.853],[-110.004,75.545]]],[[[-110.004,78.099],[-110.712,78.104],[-112.271,78.015],[-113.241,77.905],[-113.323,77.808],[-113.2,77.528],[-112.601,77.454],[-112.109,77.326],[-111.281,77.431],[-110.881,77.412],[-110.235,77.504],[-110.056,77.632],[-110.13,77.781],[-110.72,77.766],[-110.841,77.87],[-110.004,77.931],[-110.004,78.099]]],[[[-110.004,78.687],[-110.427,78.766],[-111.276,78.67],[-111.816,78.549],[-112.15,78.557],[-113.214,78.407],[-113.062,78.274],[-112.176,78.377],[-111.778,78.27],[-110.004,78.329],[-110.004,78.687]]],[[[-115.324,73.509],[-115.646,73.676],[-115.923,73.73],[-116.867,74.088],[-117.416,74.232],[-118.066,74.281],[-118.725,74.221],[-119.662,74.225],[-120.157,74.279],[-120.935,74.424],[-121.132,74.51],[-121.581,74.556],[-122.623,74.463],[-123.304,74.449],[-124.756,74.349],[-124.546,74.265],[-124.466,74.074],[-124.145,73.851],[-123.774,73.766],[-124.056,73.662],[-124.068,73.54],[-124.445,73.419],[-124.672,73.183],[-124.86,73.09],[-124.49,72.925],[-125.038,72.832],[-124.946,72.703],[-125.061,72.566],[-125.299,72.489],[-125.752,72.148],[-125.79,71.949],[-125.232,71.941],[-124.662,71.805],[-124.065,71.7],[-123.624,71.462],[-123.436,71.249],[-123.1,71.085],[-122.798,71.088],[-122.63,71.175],[-122.156,71.261],[-121.701,71.468],[-121.423,71.38],[-120.635,71.491],[-120.383,71.701],[-120.434,71.964],[-120.198,72.085],[-120.197,72.217],[-119.773,72.23],[-119.34,72.347],[-119.164,72.63],[-117.215,73.066],[-116.459,73.261],[-115.754,73.357],[-115.324,73.509]]],[[[-117.785,75.896],[-117.463,76.088],[-117.66,76.126],[-118.141,75.988],[-118.621,75.922],[-119.409,75.602],[-118.614,75.504],[-117.932,75.74],[-117.785,75.896]]],[[[-114.837,76.76],[-113.831,76.726],[-113.453,76.774],[-113.846,76.899],[-114.435,76.882],[-114.837,76.76]]],[[[-119.317,76.2],[-118.652,76.291],[-118.646,76.432],[-118.946,76.523],[-118.302,76.568],[-118.007,76.402],[-117.352,76.26],[-116.934,76.356],[-117.075,76.526],[-116.325,76.582],[-115.893,76.698],[-116.04,76.828],[-115.831,76.973],[-116.222,77.042],[-116.247,77.196],[-115.404,77.318],[-116.407,77.562],[-116.914,77.474],[-116.86,77.318],[-117.231,77.286],[-117.852,77.39],[-118.821,77.361],[-119.29,77.289],[-119.387,77.193],[-120.091,77.006],[-120.368,76.815],[-121.204,76.678],[-121.554,76.437],[-122.381,76.409],[-122.862,76.182],[-122.493,76.144],[-122.732,75.978],[-122.426,75.933],[-121.847,76.045],[-121.437,75.944],[-120.717,76.027],[-120.388,75.972],[-120.489,75.847],[-119.863,75.859],[-119.492,76.037],[-119.684,76.094],[-119.317,76.2]]],[[[-113.686,77.867],[-114.115,78],[-114.68,78.034],[-115.118,77.96],[-114.301,77.713],[-113.722,77.769],[-113.686,77.867]]]]},"properties":{"country":"CA","code":"NT","name":"Northwest Territories","label":[-119.942,64.0831]}},{"type":"Feature","geometry":{"type":"MultiPolygon","coordinates":[[[[-154.9,19.567],[-155.087,19.86],[-155.332,20.047],[-155.586,20.123],[-155.738,20.244],[-155.867,20.263],[-155.883,20.105],[-155.824,20.02],[-156.06,19.731],[-155.982,19.608],[-155.886,19.334],[-155.92,19.139],[-155.878,19.029],[-155.683,18.933],[-155.619,18.956],[-155.503,19.138],[-155.291,19.26],[-155.203,19.256],[-154.982,19.339],[-154.817,19.48],[-154.9,19.567]]],[[[-156.848,20.877],[-156.99,20.928],[-156.982,20.759],[-156.848,20.877]]],[[[-156.002,20.8],[-156.119,20.836],[-156.298,20.953],[-156.482,20.904],[-156.598,21.033],[-156.696,20.916],[-156.62,20.807],[-156.464,20.781],[-156.408,20.587],[-156.303,20.581],[-156.003,20.686],[-156.002,20.8]]],[[[-156.749,21.171],[-156.897,21.165],[-157.26,21.222],[-157.273,21.087],[-157.072,21.099],[-156.87,21.053],[-156.749,21.171]]],[[[-157.707,21.352],[-157.842,21.461],[-157.836,21.534],[-157.962,21.705],[-158.228,21.483],[-158.094,21.294],[-157.905,21.306],[-157.795,21.255],[-157.707,21.352]]],[[[-159.301,22.151],[-159.4,22.235],[-159.59,22.221],[-159.717,22.158],[-159.785,22.057],[-159.76,21.979],[-159.61,21.9],[-159.437,21.869],[-159.334,21.958],[-159.301,22.151]]]]},"properties":{"country":"US","code":"HI","name":"Hawaii","label":[-157.999,21.4919]}},{"type":"Feature","geometry":{"type":"Polygon","coordinates":[[[-62.004,46.464],[-62.185,46.487],[-62.517,46.476],[-62.953,46.424],[-63.195,46.431],[-63.332,46.499],[-63.639,46.567],[-63.73,46.443],[-63.881,46.522],[-63.834,46.612],[-64.093,46.78],[-63.975,46.894],[-64.053,47.021],[-64.231,46.903],[-64.417,46.683],[-64.23,46.635],[-64.108,46.544],[-64.134,46.416],[-63.934,46.423],[-63.628,46.224],[-63.233,46.145],[-62.997,46.179],[-62.932,46.043],[-62.777,45.964],[-62.545,45.972],[-62.576,46.239],[-62.437,46.216],[-62.307,46.345],[-62.166,46.358],[-62.004,46.464]]]},"properties":{"country":"CA","code":"PE","name":"Prince Edward Island","label":[-63.3862,46.3417]}},{"type":"Feature","geometry":{"type":"Polygon","coordinates":[[[-114.043,42],[-114.042,40.595],[-114.041,39.189],[-114.041,38.252],[-114.04,37.003],[-112.48,37.002],[-111.231,37.001],[-109.827,37],[-109.047,37],[-109.047,38.375],[-109.046,39.75],[-109.046,41],[-109.672,41],[-111.05,41],[-111.05,42],[-112.359,42],[-114.043,42]]]},"properties":{"country":"US","code":"UT","name":"Utah","label":[-111.544,39.5007]}},{"type":"Feature","geometry":{"type":"Polygon","coordinates":[[[-111.05,42],[-111.05,41],[-109.672,41],[-109.046,41],[-108.261,41],[-106.848,41],[-105.749,41],[-104.054,41],[-104.053,42.125],[-104.053,43],[-104.055,43.875],[-104.057,45],[-105.778,45],[-107.192,45],[-108.715,45],[-109.912,45],[-111.051,45],[-111.051,44.498],[-111.051,43.093],[-111.05,42]]]},"properties":{"country":"US","code":"WY","name":"Wyoming","label":[-107.552,42.9999]}},{"type":"Feature","geometry":{"type":"Polygon","coordinates":[[[-117.017,42],[-118.695,42],[-120.001,42],[-120.001,41.45],[-120,40.351],[-120,38.999],[-118.829,38.182],[-118.126,37.691],[-117.393,37.14],[-116.66,36.589],[-116.178,36.21],[-115.194,35.438],[-114.628,35.004],[-114.573,35.191],[-114.591,35.353],[-114.668,35.517],[-114.667,35.874],[-114.74,35.986],[-114.721,36.093],[-114.555,36.161],[-114.348,36.14],[-114.234,36.024],[-114.124,36.046],[-114.042,36.22],[-114.04,37.003],[-114.041,38.252],[-114.041,39.189],[-114.042,40.595],[-114.043,42],[-115.715,42],[-117.017,42]]]},"properties":{"country":"US","code":"NV","name":"Nevada","label":[-117.02,39.4299]}},{"type":"Feature","geometry":{"type":"Polygon","coordinates":[[[-103.001,37],[-102.04,37],[-102.044,38.219],[-102.049,39.344],[-102.051,40],[-102.052,41],[-103.307,41],[-104.054,41],[-105.749,41],[-106.848,41],[-108.261,41],[-109.046,41],[-109.046,39.75],[-109.047,38.375],[-109.047,37],[-107.535,37],[-106.213,37],[-105.079,37],[-104.323,37],[-103.001,37]]]},"properties":{"country":"US","code":"CO","name":"Colorado","label":[-105.543,38.9998]}},{"type":"Feature","geometry":{"type":"Polygon","coordinates":[[[-104.057,45],[-104.055,43.875],[-104.053,43],[-103.007,43],[-101.473,43],[-100.451,43],[-99.599,43],[-98.485,43],[-98.243,42.872],[-98.007,42.784],[-97.839,42.872],[-97.661,42.854],[-97.301,42.887],[-97.127,42.79],[-96.857,42.74],[-96.709,42.677],[-96.611,42.534],[-96.483,42.518],[-96.523,42.649],[-96.638,42.751],[-96.563,42.845],[-96.455,43.122],[-96.565,43.223],[-96.536,43.386],[-96.454,43.5],[-96.454,44.599],[-96.454,45.297],[-96.566,45.394],[-96.688,45.409],[-96.863,45.601],[-96.638,45.764],[-96.556,45.942],[-97.488,45.942],[-98.42,45.942],[-99.352,45.942],[-100.284,45.942],[-101.216,45.942],[-102.613,45.942],[-104.045,45.942],[-104.039,45],[-104.057,45]]]},"properties":{"country":"US","code":"SD","name":"South Dakota","label":[-100.255,44.4711]}},{"type":"Feature","geometry":{"type":"Polygon","coordinates":[[[-104.054,41],[-103.307,41],[-102.052,41],[-102.051,40],[-100.767,40],[-99.928,40],[-98.88,40],[-97.204,40],[-96.365,40],[-95.317,40],[-95.629,40.345],[-95.768,40.6],[-95.869,40.729],[-95.828,40.794],[-95.879,41.318],[-95.931,41.465],[-96.082,41.55],[-96.064,41.796],[-96.154,41.988],[-96.26,42.058],[-96.351,42.206],[-96.397,42.497],[-96.483,42.518],[-96.611,42.534],[-96.709,42.677],[-96.857,42.74],[-97.127,42.79],[-97.301,42.887],[-97.661,42.854],[-97.839,42.872],[-98.007,42.784],[-98.243,42.872],[-98.485,43],[-99.599,43],[-100.451,43],[-101.473,43],[-103.007,43],[-104.053,43],[-104.053,42.125],[-104.054,41]]]},"properties":{"country":"US","code":"NE","name":"Nebraska","label":[-99.6855,41.5002]}},{"type":"Feature","geometry":{"type":"Polygon","coordinates":[[[-102.04,37],[-100.395,37],[-99.009,37],[-98.084,37],[-97.16,37],[-96.005,37],[-94.618,37],[-94.618,37.894],[-94.618,39.123],[-94.83,39.217],[-94.909,39.367],[-95.099,39.53],[-95.038,39.656],[-94.882,39.821],[-95.002,39.903],[-95.191,39.907],[-95.317,40],[-96.365,40],[-97.204,40],[-98.88,40],[-99.928,40],[-100.767,40],[-102.051,40],[-102.049,39.344],[-102.044,38.219],[-102.04,37]]]},"properties":{"country":"US","code":"KS","name":"Kansas","label":[-98.3309,38.5]}},{"type":"Feature","geometry":{"type":"Polygon","coordinates":[[[-103,36.5],[-101.808,36.5],[-100.748,36.5],[-100.002,36.5],[-100.001,35.428],[-99.999,34.575],[-99.882,34.565],[-99.681,34.395],[-99.401,34.386],[-99.265,34.412],[-99.193,34.232],[-98.953,34.212],[-98.72,34.137],[-98.575,34.152],[-98.491,34.075],[-98.343,34.143],[-98.091,34.138],[-98.088,34.028],[-97.801,33.888],[-97.68,33.984],[-97.571,33.899],[-97.372,33.83],[-97.212,33.91],[-97.201,33.787],[-97.078,33.808],[-96.915,33.956],[-96.856,33.875],[-96.496,33.787],[-96.203,33.764],[-96.156,33.821],[-95.938,33.896],[-95.772,33.862],[-95.598,33.952],[-95.537,33.89],[-95.357,33.868],[-95.22,33.963],[-94.982,33.862],[-94.873,33.756],[-94.484,33.647],[-94.473,34.082],[-94.439,35.386],[-94.618,36.5],[-94.618,37],[-96.005,37],[-97.16,37],[-98.084,37],[-99.009,37],[-100.395,37],[-102.04,37],[-103.001,37],[-103,36.5]]]},"properties":{"country":"US","code":"OK","name":"Oklahoma","label":[-97.1309,35.452]}},{"type":"Feature","geometry":{"type":"Polygon","coordinates":[[[-96.454,43.5],[-96.536,43.386],[-96.565,43.223],[-96.455,43.122],[-96.563,42.845],[-96.638,42.751],[-96.523,42.649],[-96.483,42.518],[-96.397,42.497],[-96.351,42.206],[-96.26,42.058],[-96.154,41.988],[-96.064,41.796],[-96.082,41.55],[-95.931,41.465],[-95.879,41.318],[-95.828,40.794],[-95.869,40.729],[-95.768,40.6],[-94.478,40.573],[-93.095,40.581],[-91.944,40.606],[-91.731,40.619],[-91.442,40.38],[-91.383,40.393],[-91.383,40.599],[-91.188,40.653],[-91.094,40.824],[-90.967,40.946],[-90.952,41.075],[-91.082,41.19],[-91.055,41.383],[-90.992,41.434],[-90.705,41.451],[-90.346,41.605],[-90.305,41.749],[-90.201,41.814],[-90.14,42.031],[-90.17,42.116],[-90.403,42.245],[-90.463,42.376],[-90.641,42.512],[-90.703,42.655],[-91.045,42.742],[-91.131,42.911],[-91.168,43.16],[-91.085,43.28],[-91.197,43.366],[-91.25,43.501],[-92.876,43.501],[-93.852,43.5],[-94.828,43.5],[-96.454,43.5]]]},"properties":{"country":"US","code":"IA","name":"Iowa","label":[-93.3891,42.0423]}},{"type":"Feature","geometry":{"type":"Polygon","coordinates":[[[-95.317,40],[-95.191,39.907],[-95.002,39.903],[-94.882,39.821],[-95.038,39.656],[-95.099,39.53],[-94.909,39.367],[-94.83,39.217],[-94.618,39.123],[-94.618,37.894],[-94.618,37],[-94.618,36.5],[-93.522,36.5],[-92.425,36.5],[-91.054,36.5],[-90.162,36.5],[-90.063,36.369],[-90.067,36.287],[-90.343,36.061],[-90.373,35.986],[-89.724,36],[-89.614,36.142],[-89.695,36.247],[-89.531,36.384],[-89.56,36.5],[-89.494,36.501],[-89.424,36.499],[-89.359,36.638],[-89.253,36.569],[-89.141,36.735],[-89.124,36.98],[-89.327,37.014],[-89.523,37.268],[-89.451,37.44],[-89.55,37.698],[-89.923,37.953],[-90.111,38.017],[-90.346,38.207],[-90.382,38.3],[-90.196,38.638],[-90.184,38.883],[-90.428,38.967],[-90.585,38.878],[-90.703,38.995],[-90.73,39.201],[-90.82,39.32],[-91.051,39.452],[-91.104,39.533],[-91.355,39.711],[-91.449,39.866],[-91.519,40.175],[-91.442,40.38],[-91.731,40.619],[-91.944,40.606],[-93.095,40.581],[-94.478,40.573],[-95.768,40.6],[-95.629,40.345],[-95.317,40]]]},"properties":{"country":"US","code":"MO","name":"Missouri","label":[-92.446,38.5487]}},{"type":"Feature","geometry":{"type":"Polygon","coordinates":[[[-91.25,43.501],[-91.197,43.366],[-91.085,43.28],[-91.168,43.16],[-91.131,42.911],[-91.045,42.742],[-90.703,42.655],[-90.641,42.512],[-89.751,42.506],[-88.687,42.498],[-87.801,42.492],[-87.019,42.496],[-87.147,43.38],[-87.114,43.765],[-87,44.168],[-86.852,44.563],[-86.715,44.845],[-86.449,45.115],[-86.251,45.236],[-86.764,45.444],[-87.092,45.444],[-87.199,45.323],[-87.403,45.205],[-87.436,45.079],[-87.654,45.121],[-87.727,45.244],[-87.655,45.361],[-87.882,45.377],[-87.812,45.485],[-87.803,45.687],[-88.073,45.787],[-88.115,45.925],[-88.537,46.026],[-88.837,46.036],[-89.119,46.148],[-90.118,46.341],[-90.23,46.509],[-90.413,46.584],[-89.958,47.286],[-90.654,47.308],[-91.468,46.924],[-91.965,46.729],[-92.11,46.769],[-92.292,46.66],[-92.293,46.083],[-92.363,46.027],[-92.704,45.913],[-92.882,45.716],[-92.883,45.576],[-92.751,45.559],[-92.668,45.445],[-92.751,45.3],[-92.802,45.078],[-92.758,44.926],[-92.82,44.758],[-92.585,44.608],[-92.394,44.58],[-92.273,44.466],[-92.103,44.437],[-91.95,44.336],[-91.837,44.182],[-91.663,44.073],[-91.426,44.023],[-91.295,43.919],[-91.249,43.769],[-91.25,43.501]]]},"properties":{"country":"US","code":"WI","name":"Wisconsin","label":[-89.5831,44.3709]}},{"type":"Feature","geometry":{"type":"Polygon","coordinates":[[[-87.019,42.496],[-87.801,42.492],[-88.687,42.498],[-89.751,42.506],[-90.641,42.512],[-90.463,42.376],[-90.403,42.245],[-90.17,42.116],[-90.14,42.031],[-90.201,41.814],[-90.305,41.749],[-90.346,41.605],[-90.705,41.451],[-90.992,41.434],[-91.055,41.383],[-91.082,41.19],[-90.952,41.075],[-90.967,40.946],[-91.094,40.824],[-91.188,40.653],[-91.383,40.599],[-91.383,40.393],[-91.442,40.38],[-91.519,40.175],[-91.449,39.866],[-91.355,39.711],[-91.104,39.533],[-91.051,39.452],[-90.82,39.32],[-90.73,39.201],[-90.703,38.995],[-90.585,38.878],[-90.428,38.967],[-90.184,38.883],[-90.196,38.638],[-90.382,38.3],[-90.346,38.207],[-90.111,38.017],[-89.923,37.953],[-89.55,37.698],[-89.451,37.44],[-89.523,37.268],[-89.327,37.014],[-89.124,36.98],[-89.179,37.062],[-89.044,37.209],[-88.907,37.22],[-88.484,37.072],[-88.434,37.169],[-88.503,37.267],[-88.465,37.409],[-88.123,37.475],[-88.163,37.64],[-88.045,37.807],[-88.045,38.052],[-87.934,38.16],[-87.946,38.299],[-87.844,38.318],[-87.647,38.52],[-87.615,38.652],[-87.511,38.763],[-87.663,39.157],[-87.625,39.3],[-87.533,39.362],[-87.526,40.703],[-87.521,41.76],[-87.208,41.76],[-87.019,42.496]]]},"properties":{"country":"US","code":"IL","name":"Illinois","label":[-89.1991,39.946]}},{"type":"Feature","geometry":{"type":"Polygon","coordinates":[[[-84.824,39.097],[-84.784,38.893],[-84.819,38.789],[-84.999,38.772],[-85.186,38.694],[-85.436,38.735],[-85.41,38.572],[-85.62,38.432],[-85.665,38.31],[-85.816,38.289],[-85.891,38.202],[-85.915,38.064],[-86.032,37.994],[-86.416,38.115],[-86.536,37.929],[-86.742,37.904],[-86.819,37.995],[-87.043,37.892],[-87.087,37.805],[-87.427,37.946],[-87.797,37.878],[-87.946,37.789],[-88.045,37.807],[-88.163,37.64],[-88.123,37.475],[-88.465,37.409],[-88.503,37.267],[-88.434,37.169],[-88.484,37.072],[-88.907,37.22],[-89.044,37.209],[-89.179,37.062],[-89.124,36.98],[-89.141,36.735],[-89.253,36.569],[-89.359,36.638],[-89.424,36.499],[-88.043,36.499],[-88.067,36.69],[-87.833,36.644],[-86.464,36.663],[-86.067,36.634],[-85.427,36.619],[-85.121,36.625],[-83.73,36.586],[-83.667,36.604],[-83.137,36.75],[-83.082,36.835],[-82.884,36.894],[-82.633,37.164],[-82.351,37.278],[-81.965,37.539],[-82.116,37.563],[-82.296,37.688],[-82.631,38.153],[-82.572,38.248],[-82.589,38.419],[-82.698,38.535],[-82.827,38.586],[-82.886,38.745],[-83.031,38.716],[-83.134,38.628],[-83.305,38.601],[-83.534,38.707],[-83.714,38.639],[-83.866,38.762],[-84.196,38.811],[-84.322,39.029],[-84.444,39.102],[-84.637,39.077],[-84.824,39.097]]]},"properties":{"country":"US","code":"KY","name":"Kentucky","label":[-85.5729,37.3994]}},{"type":"Feature","geometry":{"type":"Polygon","coordinates":[[[-94.041,33.011],[-93.147,33.012],[-91.896,33.013],[-91.166,33.014],[-91.099,33.15],[-91.182,33.32],[-91.127,33.478],[-91.216,33.534],[-91.192,33.708],[-91.045,33.815],[-91.085,33.997],[-90.909,34.035],[-90.821,34.286],[-90.594,34.425],[-90.594,34.642],[-90.464,34.828],[-90.272,34.923],[-90.304,35],[-90.085,35.189],[-90.103,35.386],[-90.012,35.512],[-89.918,35.548],[-89.938,35.736],[-89.722,35.833],[-89.724,36],[-90.373,35.986],[-90.343,36.061],[-90.067,36.287],[-90.063,36.369],[-90.162,36.5],[-91.054,36.5],[-92.425,36.5],[-93.522,36.5],[-94.618,36.5],[-94.439,35.386],[-94.473,34.082],[-94.484,33.647],[-94.387,33.562],[-94.3,33.595],[-94.047,33.554],[-94.041,33.011]]]},"properties":{"country":"US","code":"AR","name":"Arkansas","label":[-92.1428,34.7563]}},{"type":"Feature","geometry":{"type":"Polygon","coordinates":[[[-88.179,34.998],[-87.514,35.005],[-86.726,34.99],[-85.606,34.985],[-84.325,34.987],[-84.301,35.208],[-84.095,35.258],[-84.011,35.425],[-83.728,35.567],[-83.499,35.57],[-83.075,35.789],[-82.983,35.788],[-82.878,35.956],[-82.63,36.057],[-82.489,35.994],[-82.395,36.096],[-82.199,36.159],[-82.087,36.101],[-81.924,36.294],[-81.74,36.409],[-81.659,36.61],[-81.952,36.597],[-82.834,36.601],[-83.667,36.604],[-83.73,36.586],[-85.121,36.625],[-85.427,36.619],[-86.067,36.634],[-86.464,36.663],[-87.833,36.644],[-88.067,36.69],[-88.043,36.499],[-89.424,36.499],[-89.494,36.501],[-89.56,36.5],[-89.531,36.384],[-89.695,36.247],[-89.614,36.142],[-89.724,36],[-89.722,35.833],[-89.938,35.736],[-89.918,35.548],[-90.012,35.512],[-90.103,35.386],[-90.085,35.189],[-90.304,35],[-89.264,34.999],[-88.179,34.998]]]},"properties":{"country":"US","code":"TN","name":"Tennessee","label":[-86.3415,35.7514]}},{"type":"Feature","geometry":{"type":"Polygon","coordinates":[[[-82.589,38.419],[-82.572,38.248],[-82.631,38.153],[-82.296,37.688],[-82.116,37.563],[-81.965,37.539],[-81.933,37.38],[-81.824,37.286],[-81.546,37.213],[-81.343,37.334],[-81.224,37.244],[-80.948,37.295],[-80.528,37.468],[-80.452,37.429],[-80.294,37.509],[-80.231,37.611],[-80.285,37.685],[-80.207,37.815],[-80,38.002],[-79.917,38.179],[-79.792,38.28],[-79.636,38.592],[-79.504,38.479],[-79.297,38.425],[-78.988,38.846],[-78.862,38.793],[-78.743,38.93],[-78.661,38.934],[-78.414,39.166],[-78.322,39.451],[-77.836,39.144],[-77.735,39.331],[-77.791,39.484],[-78.133,39.701],[-78.28,39.635],[-78.434,39.624],[-78.469,39.534],[-78.745,39.575],[-78.969,39.45],[-79.065,39.482],[-79.18,39.386],[-79.488,39.21],[-79.477,39.722],[-80.519,39.721],[-80.52,40.647],[-80.677,40.589],[-80.602,40.471],[-80.601,40.323],[-80.739,40.061],[-80.875,39.629],[-81.227,39.398],[-81.388,39.362],[-81.479,39.401],[-81.569,39.288],[-81.746,39.193],[-81.784,38.933],[-81.848,38.913],[-82.058,39.003],[-82.209,38.786],[-82.332,38.444],[-82.589,38.419]]]},"properties":{"country":"US","code":"WV","name":"West Virginia","label":[-80.7128,38.6422]}},{"type":"Feature","geometry":{"type":"Polygon","coordinates":[[[-87.208,41.76],[-87.521,41.76],[-87.526,40.703],[-87.533,39.362],[-87.625,39.3],[-87.663,39.157],[-87.511,38.763],[-87.615,38.652],[-87.647,38.52],[-87.844,38.318],[-87.946,38.299],[-87.934,38.16],[-88.045,38.052],[-88.045,37.807],[-87.946,37.789],[-87.797,37.878],[-87.427,37.946],[-87.087,37.805],[-87.043,37.892],[-86.819,37.995],[-86.742,37.904],[-86.536,37.929],[-86.416,38.115],[-86.032,37.994],[-85.915,38.064],[-85.891,38.202],[-85.816,38.289],[-85.665,38.31],[-85.62,38.432],[-85.41,38.572],[-85.436,38.735],[-85.186,38.694],[-84.999,38.772],[-84.819,38.789],[-84.784,38.893],[-84.824,39.097],[-84.814,39.992],[-84.806,40.724],[-84.806,41.697],[-84.806,41.758],[-86.27,41.759],[-87.208,41.76]]]},"properties":{"country":"US","code":"IN","name":"Indiana","label":[-86.1396,39.8874]}}]}
