{"type":"FeatureCollection", "features": [
{"type":"Feature","geometry":{"type":"MultiPolygon","coordinates":[[[[124.451,-9.18],[124.03,-9.342],[123.689,-9.611],[123.515,-10.336],[124.418,-10.164],[125.062,-9.486],[124.92,-8.962],[124.451,-9.18]]],[[[117.567,4.16],[117.165,4.333],[115.879,4.352],[115.647,4.169],[115.464,3.031],[115.067,2.828],[115.127,2.479],[114.779,2.247],[114.832,1.903],[114.501,1.436],[113.91,1.442],[113.65,1.233],[113.023,1.537],[112.18,1.449],[111.823,1.008],[111.198,1.075],[110.554,0.851],[109.677,1.573],[109.645,2.083],[109.096,1.561],[108.855,0.832],[108.921,0.34],[109.167,0.112],[109.123,-0.5],[109.273,-0.854],[109.734,-0.954],[110.069,-1.433],[110.075,-1.922],[110.263,-3.003],[110.508,-2.875],[110.907,-3.083],[111.296,-2.936],[111.833,-3.062],[111.822,-3.545],[112.303,-3.314],[112.618,-3.424],[113.183,-3.077],[114.108,-3.347],[114.611,-3.684],[114.713,-4.171],[115.968,-3.609],[116.603,-2.224],[116.325,-1.704],[117.024,-1.203],[117.596,-0.423],[117.434,-0.264],[117.517,0.291],[117.811,0.812],[118.798,0.805],[119.003,0.962],[117.924,1.819],[118.063,2.367],[117.353,3.183],[117.219,3.647],[117.749,3.637],[117.567,4.16]]],[[[140.974,-2.601],[140.105,-2.32],[139.865,-2.372],[137.794,-1.484],[137.143,-1.787],[137.226,-2.074],[136.404,-2.22],[136.266,-2.56],[135.47,-3.363],[134.985,-3.33],[134.701,-2.959],[134.658,-2.563],[134.193,-2.379],[134.087,-1.683],[134.282,-1.35],[133.977,-0.723],[133.392,-0.723],[132.709,-0.36],[132.1,-0.47],[131.884,-0.682],[131.243,-0.819],[131.206,-1.524],[131.573,-1.48],[131.927,-1.706],[132.073,-2.105],[132.699,-2.305],[133.863,-2.218],[133.735,-2.517],[133.034,-2.479],[132.737,-2.81],[132.326,-2.947],[132.832,-3.461],[132.792,-3.927],[133.269,-4.052],[133.586,-3.567],[134.43,-3.908],[135.186,-4.449],[135.97,-4.52],[136.822,-4.928],[137.706,-5.222],[138.271,-5.887],[138.466,-6.402],[138.822,-6.806],[138.688,-7.193],[139.093,-7.56],[138.994,-7.865],[138.911,-7.923],[138.906,-8.044],[138.921,-8.08],[138.859,-8.101],[138.839,-8.138],[139.932,-8.109],[140.977,-9.106],[140.977,-6.897],[140.976,-4.596],[140.974,-2.601]]],[[[109.906,-7.838],[110.477,-8.112],[111.673,-8.368],[111.792,-8.257],[112.673,-8.447],[113.198,-8.277],[114.197,-8.646],[114.467,-7.831],[114.016,-7.618],[113.299,-7.789],[112.761,-7.531],[112.583,-6.99],[111.493,-6.623],[111.157,-6.692],[110.73,-6.457],[110.356,-6.973],[108.605,-6.762],[108.216,-6.238],[106.495,-6.035],[106.053,-5.881],[105.824,-6.435],[105.96,-6.818],[106.283,-6.983],[106.523,-7.411],[107.411,-7.496],[108.327,-7.817],[108.54,-7.692],[109.369,-7.713],[109.906,-7.838]]],[[[119.847,-0.875],[119.328,-1.214],[119.354,-1.935],[119.141,-2.442],[118.757,-2.776],[118.927,-3.566],[119.298,-3.428],[119.627,-4.315],[119.353,-5.356],[119.648,-5.679],[120.323,-5.51],[120.447,-3.729],[120.232,-2.95],[120.776,-2.615],[121.067,-2.752],[120.894,-3.539],[121.536,-4.231],[121.485,-4.656],[121.992,-4.856],[122.108,-4.52],[122.599,-4.397],[122.675,-4.123],[122.201,-3.557],[122.386,-3.132],[122.016,-2.694],[121.692,-1.908],[122.369,-1.493],[122.812,-0.924],[123.383,-1.004],[123.24,-0.57],[122.912,-0.763],[121.501,-0.859],[121.073,-1.421],[120.089,-0.657],[119.996,-0.209],[120.375,0.478],[120.892,0.423],[121.69,0.524],[122.978,0.483],[123.239,0.325],[124.322,0.399],[124.899,0.973],[125.144,1.421],[124.548,1.36],[123.948,0.839],[122.454,1.021],[121.631,1.062],[120.967,1.346],[120.568,0.782],[120.063,0.743],[119.794,0.197],[119.847,-0.875]]],[[[100.947,1.825],[100.561,2.157],[99.751,3.18],[98.306,4.08],[98.276,4.425],[97.497,5.252],[96.126,5.282],[95.888,5.512],[95.197,5.546],[95.426,4.827],[96.43,3.825],[96.761,3.749],[97.603,2.866],[97.658,2.412],[98.535,1.936],[99.09,0.622],[99.139,0.274],[99.611,0.099],[99.814,-0.295],[100.301,-0.816],[100.406,-1.264],[100.887,-2.037],[101.105,-2.587],[101.637,-3.251],[102.222,-3.643],[102.313,-3.991],[103.415,-4.869],[103.705,-4.955],[104.298,-5.643],[104.623,-5.491],[105.118,-5.782],[105.311,-5.466],[105.783,-5.829],[105.906,-4.469],[105.82,-3.673],[106.063,-3.267],[105.624,-2.402],[104.883,-2.285],[104.454,-1.531],[104.377,-1.032],[103.839,-1.033],[103.376,-0.727],[103.711,0.311],[103.362,0.536],[102.24,0.982],[102.118,1.387],[101.378,1.773],[100.947,1.825]]],[[[120.792,-9.961],[120.436,-9.631],[119.629,-9.342],[119.477,-9.749],[120.156,-10.221],[120.711,-10.207],[120.792,-9.961]]],[[[116.633,-8.275],[116.028,-8.445],[116.002,-8.899],[116.5,-8.803],[116.633,-8.275]]],[[[119.204,-8.611],[118.988,-8.309],[118.115,-8.114],[117.805,-8.72],[117.558,-8.405],[117.195,-8.358],[116.79,-8.584],[117.01,-9.107],[118.299,-8.758],[118.465,-8.865],[119.204,-8.611]]],[[[123.026,-8.289],[122.288,-8.634],[121.835,-8.474],[121.51,-8.602],[120.976,-8.337],[120.277,-8.269],[119.824,-8.78],[120.594,-8.796],[120.923,-8.926],[121.794,-8.884],[122.807,-8.611],[123.026,-8.289]]],[[[115.619,-8.289],[115.216,-8.06],[114.691,-8.135],[114.639,-8.399],[115.254,-8.715],[115.619,-8.289]]],[[[99.274,-1.635],[98.883,-0.913],[98.594,-1.198],[98.885,-1.679],[99.274,-1.635]]],[[[125.134,-8.217],[124.451,-8.149],[124.418,-8.465],[125.134,-8.217]]],[[[138.939,-7.542],[138.805,-7.374],[138.028,-7.61],[137.637,-8.389],[138.444,-8.379],[138.661,-8.169],[138.818,-8.093],[138.904,-8.076],[138.884,-7.933],[138.983,-7.83],[139.046,-7.562],[138.939,-7.542]]],[[[131.699,-7.227],[131.529,-7.17],[131.12,-7.734],[131.361,-7.947],[131.699,-7.227]]],[[[114.046,-6.915],[112.915,-6.892],[112.743,-7.161],[113.549,-7.234],[114.046,-6.915]]],[[[134.758,-6.158],[134.697,-5.534],[134.276,-6.084],[134.758,-6.158]]],[[[122.78,-4.917],[122.405,-4.738],[122.275,-5.328],[122.543,-5.429],[122.78,-4.917]]],[[[127.241,-3.471],[127.094,-3.201],[126.421,-3.07],[125.992,-3.248],[126.174,-3.603],[126.742,-3.859],[127.241,-3.471]]],[[[130.873,-3.574],[130.578,-3.123],[129.444,-2.785],[129.122,-2.958],[128.175,-2.857],[128.484,-3.462],[128.877,-3.203],[129.545,-3.298],[130.818,-3.869],[130.873,-3.574]]],[[[108.294,-2.848],[107.67,-2.561],[107.581,-3.011],[108.188,-3.137],[108.294,-2.848]]],[[[125.315,-1.779],[124.633,-1.631],[124.406,-2.004],[125.315,-1.779]]],[[[106.769,-2.56],[106.354,-2.463],[106.175,-1.879],[105.876,-1.489],[105.46,-1.563],[105.306,-2.135],[105.796,-2.172],[105.987,-2.821],[106.613,-2.943],[106.769,-2.56]]],[[[128.145,-1.594],[127.625,-1.33],[127.533,-1.731],[128.145,-1.594]]],[[[97.928,0.996],[97.35,1.545],[97.389,0.952],[97.928,0.996]]],[[[127.666,-0.209],[127.892,-0.017],[127.96,0.483],[128.315,0.902],[128.701,1.071],[128.719,1.571],[128.187,1.374],[127.852,1.825],[127.581,1.752],[127.406,1.23],[127.666,-0.209]]]]},"properties":{"iso2":"ID"}},
{"type":"Feature","geometry":{"type":"MultiPolygon","coordinates":[[[[117.567,4.16],[118.543,4.36],[118.136,4.882],[119.156,5.106],[118.971,5.428],[118.411,5.796],[117.655,5.959],[117.744,6.39],[116.974,6.708],[116.201,6.218],[115.849,5.56],[115.36,5.32],[115.146,4.909],[115.03,4.821],[114.982,4.889],[114.587,4.021],[113.999,4.601],[113.947,4.274],[112.974,3.144],[111.44,2.68],[110.968,1.503],[110.366,1.716],[109.928,1.692],[109.645,2.083],[109.677,1.573],[110.554,0.851],[111.198,1.075],[111.823,1.008],[112.18,1.449],[113.023,1.537],[113.65,1.233],[113.91,1.442],[114.501,1.436],[114.832,1.903],[114.779,2.247],[115.127,2.479],[115.067,2.828],[115.464,3.031],[115.647,4.169],[115.879,4.352],[117.165,4.333],[117.567,4.16]]],[[[102.073,6.258],[101.8,5.74],[101.535,5.906],[101.105,5.638],[101.082,6.246],[100.387,6.522],[100.127,6.442],[100.349,6.013],[100.577,4.854],[100.565,4.319],[100.721,3.868],[101.298,3.275],[101.283,2.911],[102.188,2.216],[103.367,1.538],[104.295,1.447],[103.949,2.34],[103.435,2.962],[103.339,3.758],[103.494,4.337],[103.449,4.795],[103.12,5.381],[102.073,6.258]]]]},"properties":{"iso2":"MY"}},
{"type":"Feature","geometry":{"type":"MultiPolygon","coordinates":[[[[-69.51,-17.507],[-69.858,-17.734],[-69.97,-18.251],[-70.395,-18.338],[-70.123,-20.072],[-70.206,-20.739],[-70.059,-21.433],[-70.297,-22.918],[-70.562,-23.06],[-70.499,-23.785],[-70.583,-24.525],[-70.445,-25.345],[-70.71,-25.835],[-70.642,-26.315],[-70.912,-27.622],[-71.174,-28.361],[-71.522,-28.94],[-71.287,-29.91],[-71.713,-30.615],[-71.412,-32.37],[-71.641,-33.501],[-72.027,-34.163],[-72.231,-35.116],[-72.647,-35.567],[-73.002,-36.714],[-73.283,-37.214],[-73.672,-37.363],[-73.463,-38.092],[-73.543,-38.421],[-73.242,-39.49],[-73.683,-39.942],[-73.947,-40.973],[-73.66,-41.758],[-72.864,-41.906],[-72.761,-43.009],[-73.111,-43.461],[-72.979,-43.761],[-73.278,-44.11],[-72.687,-44.488],[-72.728,-44.759],[-73.461,-45.266],[-73.555,-45.878],[-74.189,-45.794],[-74.713,-45.984],[-75.705,-46.639],[-74.267,-46.782],[-74.325,-47.219],[-74.736,-47.705],[-74.415,-47.984],[-74.424,-49.371],[-74.126,-50.762],[-74.256,-50.939],[-73.54,-52.055],[-73.531,-52.457],[-72.954,-53.024],[-72.656,-52.522],[-72.161,-52.652],[-73.199,-53.241],[-72.467,-53.283],[-72.053,-53.707],[-70.974,-53.756],[-70.812,-52.821],[-69.235,-52.203],[-68.449,-52.347],[-69.953,-52.007],[-71.918,-51.99],[-72.281,-51.701],[-72.303,-50.649],[-73.096,-50.771],[-73.531,-50.141],[-73.465,-49.76],[-73.098,-49.273],[-72.326,-48.286],[-72.544,-47.915],[-71.687,-46.69],[-71.799,-45.74],[-71.312,-45.299],[-71.589,-44.978],[-71.123,-44.53],[-71.822,-44.403],[-71.66,-43.926],[-72.149,-42.999],[-72.125,-42.263],[-71.736,-42.084],[-71.926,-41.623],[-71.956,-40.72],[-71.402,-39.236],[-71.416,-38.935],[-70.874,-38.691],[-71.185,-37.706],[-71.145,-36.688],[-70.38,-36.046],[-70.387,-35.167],[-70.228,-34.585],[-69.833,-34.243],[-69.788,-33.379],[-70.322,-32.28],[-70.242,-31.961],[-70.591,-31.55],[-70.217,-30.515],[-69.903,-30.313],[-70.043,-29.363],[-69.804,-29.099],[-69.653,-28.398],[-69.173,-27.924],[-68.801,-27.113],[-68.33,-27.045],[-68.57,-26.551],[-68.42,-26.179],[-68.606,-25.437],[-68.367,-25.103],[-68.572,-24.77],[-68.244,-24.385],[-67.362,-24.03],[-67.014,-23.001],[-67.194,-22.822],[-67.876,-22.834],[-68.208,-21.284],[-68.776,-20.09],[-68.496,-19.458],[-68.99,-18.946],[-69.141,-18.031],[-69.51,-17.507]]],[[[-68.628,-52.64],[-69.584,-52.51],[-70.474,-53.309],[-70.137,-53.739],[-70.073,-54.249],[-70.86,-54.318],[-71.29,-54.676],[-69.067,-54.949],[-68.642,-54.783],[-68.628,-52.64]]],[[[-67.999,-55.628],[-68.441,-54.94],[-69.886,-55.064],[-69.608,-55.365],[-67.999,-55.628]]],[[[-72.53,-54.075],[-72.656,-53.537],[-73.585,-53.583],[-72.53,-54.075]]],[[[-75.198,-49.771],[-74.421,-49.69],[-74.526,-48.723],[-75.052,-48.857],[-74.93,-49.314],[-75.198,-49.771]]],[[[-74.335,-43.282],[-73.877,-43.422],[-73.517,-42.789],[-73.809,-42.609],[-73.489,-42.146],[-74.055,-41.945],[-74.335,-43.282]]]]},"properties":{"iso2":"CL"}},
{"type":"Feature","geometry":{"type":"Polygon","coordinates":[[[-67.194,-22.822],[-66.736,-22.225],[-66.24,-21.792],[-65.745,-22.114],[-65.02,-22.097],[-64.587,-22.213],[-64.294,-22.691],[-63.948,-22.008],[-62.804,-22.004],[-62.65,-22.234],[-62.276,-21.067],[-62.277,-20.58],[-61.761,-19.658],[-60.006,-19.298],[-59.09,-19.287],[-58.175,-19.821],[-58.159,-20.165],[-58.125,-19.73],[-57.789,-19.059],[-57.551,-18.184],[-57.791,-17.556],[-58.381,-17.267],[-58.465,-16.331],[-60.13,-16.273],[-60.292,-14.63],[-60.465,-13.817],[-60.897,-13.553],[-61.848,-13.531],[-62.222,-13.121],[-62.807,-12.989],[-63.801,-12.455],[-64.396,-12.457],[-64.997,-11.996],[-65.353,-11.391],[-65.45,-10.468],[-65.304,-9.826],[-65.789,-9.733],[-66.632,-9.904],[-67.338,-10.326],[-67.756,-10.714],[-68.098,-10.698],[-68.616,-11.112],[-69.578,-10.952],[-68.684,-12.502],[-68.981,-12.868],[-69.016,-13.753],[-68.884,-14.211],[-69.391,-14.964],[-69.148,-15.233],[-69.424,-15.656],[-69.002,-16.423],[-69.427,-17.087],[-69.51,-17.507],[-69.141,-18.031],[-68.99,-18.946],[-68.496,-19.458],[-68.776,-20.09],[-68.208,-21.284],[-67.876,-22.834],[-67.194,-22.822]]]},"properties":{"iso2":"BO"}},
{"type":"Feature","geometry":{"type":"Polygon","coordinates":[[[-69.51,-17.507],[-69.427,-17.087],[-69.002,-16.423],[-69.424,-15.656],[-69.148,-15.233],[-69.391,-14.964],[-68.884,-14.211],[-69.016,-13.753],[-68.981,-12.868],[-68.684,-12.502],[-69.578,-10.952],[-70.641,-11.011],[-70.681,-9.528],[-71.391,-10.007],[-72.196,-10.006],[-72.43,-9.482],[-73.215,-9.409],[-72.959,-9.086],[-73.527,-8.372],[-73.712,-7.788],[-73.765,-6.904],[-73.132,-6.435],[-73.235,-6.078],[-73.001,-5.709],[-72.918,-5.132],[-71.774,-4.482],[-70.969,-4.385],[-70.832,-4.179],[-69.965,-4.236],[-70.311,-3.829],[-70.734,-3.782],[-70.051,-2.715],[-70.874,-2.23],[-71.22,-2.342],[-71.768,-2.142],[-72.397,-2.447],[-72.943,-2.419],[-73.195,-2.187],[-73.186,-1.8],[-73.531,-1.674],[-73.637,-1.255],[-74.289,-0.943],[-74.413,-0.573],[-74.825,-0.17],[-75.283,-0.107],[-75.272,-0.526],[-75.56,-1.503],[-76.091,-2.129],[-76.685,-2.574],[-77.849,-2.981],[-78.363,-3.489],[-79.009,-4.96],[-79.303,-4.961],[-79.507,-4.532],[-80.08,-4.309],[-80.341,-3.393],[-81.253,-4.239],[-81.338,-4.678],[-81.198,-5.208],[-80.856,-5.65],[-81.101,-6.072],[-79.965,-6.787],[-79.613,-7.266],[-79.466,-7.716],[-78.986,-8.217],[-78.497,-9.19],[-78.056,-10.348],[-77.671,-10.928],[-77.647,-11.292],[-77.32,-11.494],[-77.175,-12.072],[-76.221,-13.358],[-76.282,-14.141],[-75.931,-14.649],[-75.551,-14.885],[-75.161,-15.393],[-74.047,-15.96],[-73.7,-16.221],[-72.692,-16.661],[-71.515,-17.285],[-71.36,-17.633],[-70.395,-18.338],[-69.97,-18.251],[-69.858,-17.734],[-69.51,-17.507]]]},"properties":{"iso2":"PE"}},
{"type":"Feature","geometry":{"type":"MultiPolygon","coordinates":[[[[-73.098,-49.273],[-73.465,-49.76],[-73.531,-50.141],[-73.096,-50.771],[-72.303,-50.649],[-72.281,-51.701],[-71.918,-51.99],[-69.953,-52.007],[-68.449,-52.347],[-68.936,-51.646],[-69.168,-50.978],[-68.876,-50.331],[-68.076,-50.087],[-67.732,-49.781],[-67.557,-49.016],[-65.847,-47.944],[-65.745,-47.204],[-66.786,-47.007],[-67.423,-46.567],[-67.622,-46.164],[-67.332,-45.613],[-66.869,-45.236],[-66.2,-44.993],[-65.217,-44.366],[-65.334,-43.673],[-64.513,-42.936],[-63.62,-42.751],[-63.81,-42.07],[-64.566,-42.436],[-65.07,-41.986],[-64.993,-41.553],[-65.175,-41.01],[-64.947,-40.711],[-63.779,-41.159],[-63.1,-41.155],[-62.338,-40.873],[-62.484,-40.288],[-62.056,-39.452],[-62.027,-38.938],[-60.866,-38.976],[-59.063,-38.694],[-57.594,-38.153],[-57.512,-37.872],[-56.665,-36.851],[-56.698,-36.396],[-57.248,-36.17],[-57.353,-35.728],[-57.145,-35.484],[-57.522,-35.013],[-58.155,-34.75],[-58.549,-33.683],[-58.2,-32.447],[-58.169,-31.846],[-57.807,-30.908],[-57.85,-30.485],[-57.611,-30.187],[-56.416,-29.051],[-55.773,-28.232],[-55.026,-27.84],[-54.828,-27.545],[-53.819,-27.14],[-53.667,-26.219],[-53.91,-25.629],[-54.6,-25.575],[-54.706,-26.442],[-54.975,-26.788],[-55.414,-26.98],[-55.755,-27.444],[-56.125,-27.299],[-57.18,-27.487],[-58.653,-27.156],[-58.248,-26.758],[-58.087,-26.127],[-57.557,-25.46],[-57.754,-25.181],[-58.809,-24.777],[-60.034,-24.007],[-61.006,-23.805],[-61.956,-23.034],[-62.287,-22.484],[-62.65,-22.234],[-62.804,-22.004],[-63.948,-22.008],[-64.294,-22.691],[-64.587,-22.213],[-65.02,-22.097],[-65.745,-22.114],[-66.24,-21.792],[-66.736,-22.225],[-67.194,-22.822],[-67.014,-23.001],[-67.362,-24.03],[-68.244,-24.385],[-68.572,-24.77],[-68.367,-25.103],[-68.606,-25.437],[-68.42,-26.179],[-68.57,-26.551],[-68.33,-27.045],[-68.801,-27.113],[-69.173,-27.924],[-69.653,-28.398],[-69.804,-29.099],[-70.043,-29.363],[-69.903,-30.313],[-70.217,-30.515],[-70.591,-31.55],[-70.242,-31.961],[-70.322,-32.28],[-69.788,-33.379],[-69.833,-34.243],[-70.228,-34.585],[-70.387,-35.167],[-70.38,-36.046],[-71.145,-36.688],[-71.185,-37.706],[-70.874,-38.691],[-71.416,-38.935],[-71.402,-39.236],[-71.956,-40.72],[-71.926,-41.623],[-71.736,-42.084],[-72.125,-42.263],[-72.149,-42.999],[-71.66,-43.926],[-71.822,-44.403],[-71.123,-44.53],[-71.589,-44.978],[-71.312,-45.299],[-71.799,-45.74],[-71.687,-46.69],[-72.544,-47.915],[-72.326,-48.286],[-73.098,-49.273]]],[[[-68.642,-54.783],[-67.031,-54.905],[-66.541,-55.051],[-65.844,-54.647],[-66.482,-54.466],[-67.984,-53.601],[-68.628,-52.64],[-68.642,-54.783]]]]},"properties":{"iso2":"AR"}},
{"type":"Feature","geometry":{"type":"Polygon","coordinates":[[[33.703,34.988],[33.416,35.16],[32.554,35.178],[32.413,34.753],[33.026,34.651],[33.703,34.988]]]},"properties":{"iso2":"CY"}},
{"type":"Feature","geometry":{"type":"Polygon","coordinates":[[[77.8,35.495],[77.049,35.11],[76.553,34.726],[75.777,34.504],[74.286,34.769],[73.998,34.197],[74.142,33.549],[74.002,33.178],[75.024,32.466],[74.489,31.711],[74.612,31.44],[74.33,30.9],[73.37,29.927],[72.902,29.023],[72.382,28.784],[71.861,27.95],[70.832,27.701],[70.342,28.011],[69.576,27.188],[69.465,26.808],[70.158,26.53],[70.065,25.98],[70.647,25.431],[71.064,24.683],[69.972,24.165],[68.726,24.289],[68.724,23.965],[68.183,23.842],[68.552,23.26],[69.239,22.842],[70.178,22.562],[68.994,22.204],[70.054,21.153],[70.542,20.808],[70.982,20.71],[72.105,21.205],[72.296,21.654],[72.317,22.185],[72.553,22.282],[72.606,21.267],[72.945,20.77],[72.65,19.842],[72.977,18.295],[73.235,17.302],[73.447,16.069],[73.886,15.435],[74.615,13.836],[74.818,12.862],[75.131,12.208],[75.531,11.694],[76.178,10.171],[76.544,8.913],[76.996,8.368],[77.511,8.076],[78.063,8.373],[78.178,8.861],[78.957,9.275],[78.981,9.667],[79.398,10.325],[79.864,10.379],[79.752,11.577],[80.156,12.475],[80.333,13.198],[80.119,13.501],[80.237,13.84],[80.055,15.014],[80.263,15.675],[80.999,15.847],[81.317,16.367],[81.763,16.323],[82.307,16.58],[82.299,17.03],[83.239,17.593],[83.614,18.045],[84.077,18.272],[84.872,19.22],[85.549,19.691],[86.269,19.91],[87.004,20.657],[86.844,21.082],[87.201,21.552],[87.97,21.836],[88.762,21.556],[89.06,22.13],[88.843,22.965],[88.54,23.65],[88.738,24.287],[88.022,24.646],[88.431,25.173],[88.899,25.169],[88.074,25.908],[88.656,26.415],[89.351,25.997],[89.83,25.908],[89.795,25.374],[90.365,25.15],[92.002,25.183],[92.458,24.953],[92.108,24.406],[91.363,24.1],[91.141,23.612],[91.537,22.982],[92.151,23.732],[92.357,23.289],[92.576,21.978],[93.169,22.247],[93.08,22.773],[93.375,23.13],[93.457,23.96],[93.998,23.917],[94.709,25.026],[94.608,25.395],[95.14,26.03],[95.119,26.604],[96.143,27.258],[96.759,27.342],[97.323,28.217],[96.598,28.71],[96.142,29.368],[95.225,29.059],[94.63,29.319],[93.863,28.705],[93.446,28.672],[92.655,28.106],[92.575,27.848],[91.628,27.853],[91.975,27.472],[92.036,26.855],[89.822,26.701],[88.955,26.913],[88.892,27.316],[88.854,27.844],[88.61,28.106],[88.118,27.861],[87.971,27.103],[88.074,26.454],[87.326,26.353],[86.284,26.612],[85.822,26.572],[84.802,27.014],[84.577,27.329],[82.752,27.495],[82.052,27.905],[81.307,28.124],[81.146,28.372],[80.036,28.837],[80.369,29.758],[80.996,30.197],[80.253,30.565],[79.238,31.33],[78.738,31.335],[78.745,31.964],[78.458,32.23],[79.443,32.535],[79.456,33.25],[78.824,33.461],[78.73,34.079],[78.985,34.286],[78.273,34.659],[77.8,35.495]]]},"properties":{"iso2":"IN"}},
{"type":"Feature","geometry":{"type":"MultiPolygon","coordinates":[[[[80.996,30.197],[81.592,30.414],[82.837,29.66],[83.162,29.625],[83.517,29.192],[84.099,29.247],[84.235,28.9],[85.08,28.319],[85.675,28.306],[85.98,27.885],[86.662,28.107],[87.156,27.826],[88.118,27.861],[88.61,28.106],[88.854,27.844],[88.892,27.316],[89.561,28.135],[90.262,28.335],[90.684,28.087],[91.27,28.073],[91.628,27.853],[92.575,27.848],[92.655,28.106],[93.446,28.672],[93.863,28.705],[94.63,29.319],[95.225,29.059],[96.142,29.368],[96.598,28.71],[97.323,28.217],[97.528,28.53],[98.119,28.141],[98.679,27.577],[98.749,26.771],[98.692,25.879],[97.738,25.091],[97.536,24.745],[97.708,24.125],[98.503,24.121],[99.217,23.057],[99.358,22.495],[99.166,22.205],[99.942,22.046],[99.95,21.721],[100.622,21.469],[101.159,21.553],[101.275,21.174],[101.723,21.304],[101.752,21.806],[101.518,22.228],[102.119,22.398],[102.443,22.765],[102.989,22.438],[103.31,22.788],[103.867,22.575],[104.728,22.839],[104.798,23.086],[105.332,23.318],[105.854,22.905],[106.667,22.868],[106.527,22.428],[106.722,22.007],[107.348,21.599],[107.991,21.486],[108.448,21.658],[109.136,21.603],[109.67,21.123],[109.746,20.63],[110.128,20.248],[110.534,20.478],[110.157,20.986],[111.206,21.532],[111.63,21.53],[111.992,21.764],[112.608,21.775],[114.082,22.529],[114.23,22.556],[114.717,22.791],[115.374,22.694],[116.495,22.939],[117.078,23.565],[117.894,24.028],[118.131,24.62],[118.571,24.569],[119.11,25.407],[119.558,25.564],[119.675,26.619],[120.08,26.646],[120.518,27.202],[120.835,27.956],[121.237,28.306],[121.841,29.161],[121.983,29.823],[120.978,30.543],[121.977,30.915],[121.32,31.505],[121.822,31.952],[121.354,32.415],[120.911,32.63],[120.896,33.014],[120.257,34.312],[119.641,34.551],[119.207,35.048],[119.648,35.584],[120.697,36.144],[120.751,36.459],[122.04,36.985],[122.13,37.483],[121.477,37.468],[120.738,37.834],[119.441,37.121],[118.972,37.281],[119.243,37.769],[118.84,38.153],[118.085,38.139],[117.566,38.613],[117.718,39.093],[118.94,39.139],[119.536,39.891],[120.436,40.194],[120.991,40.831],[121.361,40.94],[122.049,40.746],[122.302,40.502],[121.436,39.509],[121.674,39.088],[123.623,39.872],[124.37,40.098],[124.896,40.484],[126.008,40.899],[126.887,41.785],[127.269,41.505],[128.186,41.404],[128.035,41.994],[128.964,42.089],[129.703,42.442],[129.88,42.996],[130.531,42.53],[130.992,42.849],[131.281,43.38],[131.264,44.054],[131.066,44.682],[131.818,45.333],[132.953,45.024],[133.902,46.259],[134.154,47.258],[134.773,47.711],[134.386,48.381],[133.092,48.107],[132.525,47.708],[131.023,47.682],[130.663,48.116],[130.533,48.636],[129.711,49.274],[128.666,49.609],[128.092,49.542],[127.508,49.822],[127.287,50.751],[126.446,51.983],[126.531,52.153],[125.621,53.062],[124.72,53.149],[123.64,53.551],[122.338,53.491],[120.874,53.28],[120.28,52.866],[120.779,52.118],[120.108,51.665],[119.294,50.599],[119.316,50.093],[118.644,49.955],[117.759,49.513],[116.684,49.823],[115.515,48.122],[115.853,47.706],[116.853,47.872],[117.317,47.654],[117.742,47.978],[118.542,47.966],[119.7,47.16],[119.68,46.592],[118.816,46.758],[118.238,46.715],[117.302,46.35],[116.604,46.309],[115.638,45.444],[114.534,45.386],[113.635,44.746],[112.011,45.087],[111.406,44.416],[111.933,43.697],[110.934,43.288],[110.407,42.769],[109.485,42.449],[108.177,42.454],[106.768,42.287],[105.015,41.596],[104.501,41.871],[103.721,41.756],[103.073,42.005],[102.034,42.185],[101.638,42.515],[100.017,42.677],[99.474,42.564],[97.193,42.787],[96.351,42.741],[95.908,43.215],[95.379,44.287],[94.698,44.343],[93.525,44.951],[91.663,45.06],[90.905,45.186],[90.651,45.493],[91.002,46.022],[91.047,46.566],[90.441,47.493],[89.542,48.031],[89.046,47.993],[87.943,48.599],[87.816,49.166],[87.324,49.085],[86.887,49.107],[86.565,48.527],[85.784,48.408],[85.515,47.92],[85.67,47.384],[85.499,47.052],[84.916,46.851],[83.905,46.974],[83.15,47.212],[82.291,45.533],[81.739,45.338],[80.062,45.019],[80.376,44.671],[80.345,44.103],[80.773,43.113],[80.368,43.028],[80.14,42.623],[80.21,42.19],[78.36,41.378],[78.075,41.04],[76.861,41.013],[76.449,40.416],[75.682,40.292],[74.835,40.512],[74.37,40.106],[74.004,40.061],[73.633,39.448],[73.797,38.603],[74.776,38.511],[74.791,38.081],[75.164,37.401],[74.892,37.231],[74.542,37.022],[75.351,36.916],[75.977,36.463],[75.894,36.097],[76.166,35.806],[76.777,35.646],[77.8,35.495],[78.273,34.659],[78.985,34.286],[78.73,34.079],[78.824,33.461],[79.456,33.25],[79.443,32.535],[78.458,32.23],[78.745,31.964],[78.738,31.335],[79.238,31.33],[80.253,30.565],[80.996,30.197]]],[[[111.011,19.684],[110.64,20.108],[109.304,19.922],[108.632,19.286],[108.695,18.505],[109.44,18.289],[110.427,18.681],[110.698,19.417],[111.011,19.684]]]]},"properties":{"iso2":"CN"}},
{"type":"Feature","geometry":{"type":"Polygon","coordinates":[[[34.248,31.211],[34.887,29.49],[34.956,29.559],[35.14,30.43],[35.438,31.104],[35.458,31.492],[34.867,31.396],[34.958,32.186],[35.209,32.543],[35.561,32.385],[35.758,32.744],[35.821,33.407],[35.48,33.087],[35.105,33.089],[34.838,32.281],[34.481,31.583],[34.248,31.211]]]},"properties":{"iso2":"IL"}},
{"type":"Feature","geometry":{"type":"MultiPolygon","coordinates":[[[[34.481,31.583],[34.2,31.314],[34.248,31.211],[34.481,31.583]]],[[[35.458,31.492],[35.561,32.385],[35.209,32.543],[34.958,32.186],[34.867,31.396],[35.458,31.492]]]]},"properties":{"iso2":"PS"}},
{"type":"Feature","geometry":{"type":"Polygon","coordinates":[[[35.821,33.407],[36.05,33.816],[36.604,34.199],[35.97,34.65],[35.105,33.089],[35.48,33.087],[35.821,33.407]]]},"properties":{"iso2":"LB"}},
{"type":"Feature","geometry":{"type":"Polygon","coordinates":[[[34.071,9.455],[34.112,8.627],[33.971,8.445],[33.174,8.404],[33.051,7.801],[33.716,7.657],[34.525,6.753],[34.734,6.638],[35.099,5.622],[35.804,5.318],[35.921,4.619],[36.041,4.444],[36.844,4.432],[38.102,3.613],[39.436,3.462],[39.848,3.867],[40.764,4.285],[41.115,3.962],[41.885,3.977],[42.135,4.2],[42.79,4.286],[43.119,4.648],[43.969,4.954],[44.942,4.911],[46.424,6.497],[47.979,7.997],[46.979,7.997],[44.024,8.986],[43.419,9.413],[42.836,10.208],[42.7,10.659],[42.924,10.999],[42.616,11.09],[41.799,10.971],[41.749,11.538],[42.379,12.466],[41.712,13.248],[41.192,13.616],[40.833,14.106],[40.105,14.466],[39.489,14.524],[38.427,14.417],[37.891,14.88],[37.565,14.117],[37.073,14.285],[36.526,14.264],[36.124,12.721],[35.617,12.575],[34.947,11.275],[34.279,10.566],[34.325,10.269],[34.071,9.455]]]},"properties":{"iso2":"ET"}},
{"type":"Feature","geometry":{"type":"Polygon","coordinates":[[[34.071,9.455],[33.902,10.192],[33.182,10.843],[33.083,11.585],[33.209,12.21],[32.345,11.709],[32.414,11.051],[31.943,10.656],[31.235,9.792],[30.749,9.736],[30.013,10.27],[29.483,9.762],[29.009,9.603],[28.844,9.325],[28.045,9.331],[27.895,9.595],[26.557,9.52],[25.901,10.191],[25.843,10.418],[25.084,10.293],[24.793,9.798],[24.558,8.887],[24.17,8.689],[24.131,8.343],[24.832,8.166],[25.279,7.659],[25.36,7.336],[26.026,6.997],[26.378,6.653],[26.528,6.043],[27.17,5.72],[27.441,5.071],[27.772,4.596],[28.404,4.278],[28.755,4.554],[29.304,4.387],[29.494,4.668],[30.84,3.49],[31.141,3.785],[31.944,3.591],[33.017,3.877],[33.533,3.774],[33.977,4.22],[34.381,4.62],[35.246,4.982],[35.921,4.619],[35.804,5.318],[35.099,5.622],[34.734,6.638],[34.525,6.753],[33.716,7.657],[33.051,7.801],[33.174,8.404],[33.971,8.445],[34.112,8.627],[34.071,9.455]]]},"properties":{"iso2":"SS"}},
{"type":"Feature","geometry":{"type":"Polygon","coordinates":[[[41.885,3.977],[41.343,3.201],[40.965,2.814],[40.968,0.622],[40.98,-0.871],[41.535,-1.696],[42.081,-0.863],[43.468,0.621],[44.55,1.559],[46.027,2.438],[46.626,3.024],[47.948,4.457],[49.036,6.144],[49.367,7.026],[49.842,7.963],[50.29,8.487],[50.84,9.456],[50.927,10.328],[51.138,10.677],[51.121,11.505],[51.293,11.833],[50.798,11.989],[50.268,11.589],[48.939,11.249],[48.939,9.451],[47.979,7.997],[46.424,6.497],[44.942,4.911],[43.969,4.954],[43.119,4.648],[42.79,4.286],[42.135,4.2],[41.885,3.977]]]},"properties":{"iso2":"SO"}},
{"type":"Feature","geometry":{"type":"Polygon","coordinates":[[[35.921,4.619],[35.246,4.982],[34.381,4.62],[33.977,4.22],[34.434,3.182],[34.924,2.477],[34.979,1.676],[34.798,1.232],[34.507,1.103],[33.894,0.11],[33.904,-1.003],[35.416,-1.801],[37.645,-3.046],[37.771,-3.655],[39.191,-4.678],[39.551,-4.402],[39.849,-3.625],[40.129,-3.252],[40.175,-2.763],[40.829,-2.375],[40.904,-2.08],[41.535,-1.696],[40.98,-0.871],[40.968,0.622],[40.965,2.814],[41.343,3.201],[41.885,3.977],[41.115,3.962],[40.764,4.285],[39.848,3.867],[39.436,3.462],[38.102,3.613],[36.844,4.432],[36.041,4.444],[35.921,4.619]]]},"properties":{"iso2":"KE"}},
{"type":"Feature","geometry":{"type":"Polygon","coordinates":[[[34.965,-11.574],[34.593,-11.016],[34.672,-10.739],[34.483,-9.946],[34.013,-9.477],[33.404,-9.605],[32.921,-9.408],[33.217,-9.727],[33.674,-10.577],[33.319,-10.818],[33.23,-11.417],[33.373,-12.519],[33.025,-12.613],[32.995,-13.191],[32.723,-13.573],[33.203,-14.014],[33.604,-14.524],[34.344,-14.387],[34.502,-14.576],[34.569,-15.271],[34.233,-15.89],[34.385,-16.186],[35.305,-17.104],[35.214,-16.484],[35.375,-16.141],[35.796,-16.005],[35.853,-14.667],[34.894,-13.535],[34.545,-13.326],[34.354,-12.199],[34.651,-11.57],[34.965,-11.574]]]},"properties":{"iso2":"MW"}},
{"type":"Feature","geometry":{"type":"Polygon","coordinates":[[[33.904,-1.003],[30.828,-1.003],[30.472,-1.067],[30.831,-1.594],[30.834,-2.345],[30.555,-2.401],[30.416,-2.852],[30.832,-3.173],[30.469,-3.513],[30.003,-4.272],[29.404,-4.45],[29.321,-4.836],[29.594,-5.62],[29.476,-6.002],[29.739,-6.652],[30.37,-7.31],[30.752,-8.194],[30.96,-8.55],[31.353,-8.587],[31.673,-8.913],[32.921,-9.408],[33.404,-9.605],[34.013,-9.477],[34.483,-9.946],[34.672,-10.739],[34.593,-11.016],[34.965,-11.574],[36.2,-11.702],[37.044,-11.596],[37.428,-11.723],[37.875,-11.319],[38.492,-11.413],[38.896,-11.168],[39.287,-11.154],[40.008,-10.811],[40.437,-10.475],[39.779,-9.93],[39.644,-9.189],[39.493,-9.08],[39.28,-8.309],[39.454,-8.01],[39.304,-7.448],[39.465,-6.858],[38.852,-6.349],[38.778,-6.031],[39.139,-5.103],[39.191,-4.678],[37.771,-3.655],[37.645,-3.046],[35.416,-1.801],[33.904,-1.003]]]},"properties":{"iso2":"TZ"}},
{"type":"Feature","geometry":{"type":"Polygon","coordinates":[[[35.758,32.744],[36.373,32.386],[36.819,32.317],[38.775,33.372],[40.69,34.331],[41.196,34.768],[41.364,35.655],[41.241,36.043],[41.415,36.527],[41.844,36.618],[42.357,37.11],[40.709,37.1],[39.765,36.742],[38.664,36.72],[38.19,36.906],[37.446,36.634],[36.659,36.828],[36.588,36.325],[35.911,35.918],[35.778,35.541],[35.97,34.65],[36.604,34.199],[36.05,33.816],[35.821,33.407],[35.758,32.744]]]},"properties":{"iso2":"SY"}},
{"type":"Feature","geometry":{"type":"MultiPolygon","coordinates":[[[[-54.615,2.326],[-54.135,2.111],[-53.867,2.305],[-53.344,2.35],[-52.96,2.175],[-52.708,2.359],[-51.988,3.705],[-51.683,4.039],[-51.931,4.59],[-52.995,5.458],[-53.944,5.745],[-54.171,5.348],[-54.482,4.913],[-54.355,4.067],[-53.989,3.611],[-54.213,2.776],[-54.615,2.326]]],[[[2.522,51.088],[1.581,50.869],[1.521,50.215],[1.173,49.961],[0.236,49.729],[-0.219,49.28],[-1.072,49.397],[-1.61,49.216],[-1.58,48.643],[-3.077,48.828],[-4.564,48.63],[-4.435,47.976],[-2.502,47.527],[-1.993,47.052],[-1.805,46.504],[-1.049,46.039],[-1.247,44.505],[-1.477,43.58],[-1.794,43.386],[-1.275,43.047],[-0.039,42.685],[1.429,42.595],[1.707,42.503],[2.052,42.352],[3.181,42.431],[3.039,42.943],[3.939,43.533],[5.339,43.334],[6.027,43.078],[7.366,43.723],[7.407,43.764],[7.437,43.743],[7.502,43.792],[7.692,44.085],[7.033,44.243],[7.022,45.925],[6.763,46.429],[6.064,46.471],[7.044,47.34],[7.586,47.585],[7.573,48.095],[8.189,48.966],[6.843,49.211],[6.345,49.455],[5.791,49.538],[4.023,50.338],[2.787,50.723],[2.522,51.088]]],[[[8.566,42.209],[8.696,41.729],[9.211,41.441],[9.553,42.113],[9.528,42.564],[9.107,42.726],[8.566,42.209]]]]},"properties":{"iso2":"FR"}},
{"type":"Feature","geometry":{"type":"Polygon","coordinates":[[[-54.171,5.348],[-54.037,5.842],[-54.774,5.985],[-55.844,5.976],[-55.999,5.811],[-56.957,6.012],[-57.248,5.485],[-57.315,5.026],[-57.72,4.99],[-58.068,4.151],[-57.565,3.35],[-57.284,3.344],[-57.175,2.819],[-56.705,2.03],[-56.482,1.942],[-56.02,1.834],[-56.117,2.333],[-55.018,2.591],[-54.615,2.326],[-54.213,2.776],[-53.989,3.611],[-54.355,4.067],[-54.482,4.913],[-54.171,5.348]]]},"properties":{"iso2":"SR"}},
{"type":"Feature","geometry":{"type":"Polygon","coordinates":[[[-57.248,5.485],[-57.167,6.085],[-58.068,6.822],[-58.398,6.883],[-58.464,7.312],[-59.165,8.059],[-60.021,8.558],[-59.816,8.288],[-60.503,7.821],[-60.731,7.525],[-60.421,6.942],[-61.205,6.596],[-61.122,6.187],[-61.38,5.905],[-60.74,5.202],[-60.213,5.267],[-59.983,5.086],[-60.088,4.608],[-59.687,4.381],[-59.529,3.932],[-59.838,3.609],[-60,2.694],[-59.742,2.264],[-59.765,1.921],[-59.242,1.378],[-58.519,1.267],[-58.332,1.593],[-57.561,1.709],[-57.104,2.021],[-56.482,1.942],[-56.705,2.03],[-57.175,2.819],[-57.284,3.344],[-57.565,3.35],[-58.068,4.151],[-57.72,4.99],[-57.315,5.026],[-57.248,5.485]]]},"properties":{"iso2":"GY"}},
{"type":"Feature","geometry":{"type":"Polygon","coordinates":[[[128.365,38.624],[128.04,38.304],[127.157,38.307],[126.667,37.828],[126.755,37.049],[126.336,36.825],[126.733,35.886],[126.362,35.269],[126.271,34.642],[127.316,34.445],[128.019,34.999],[129.194,35.156],[129.455,35.513],[129.471,36.772],[129.331,37.282],[128.632,38.145],[128.365,38.624]]]},"properties":{"iso2":"KR"}},
{"type":"Feature","geometry":{"type":"Polygon","coordinates":[[[124.37,40.098],[124.434,39.831],[125.225,39.591],[125.432,39.301],[124.884,38.355],[125.013,37.906],[125.609,37.806],[126.667,37.828],[127.157,38.307],[128.04,38.304],[128.365,38.624],[127.378,39.371],[127.521,39.747],[128.302,40.033],[129.206,40.676],[129.753,40.91],[129.691,41.65],[130.073,42.078],[130.7,42.295],[130.531,42.53],[129.88,42.996],[129.703,42.442],[128.964,42.089],[128.035,41.994],[128.186,41.404],[127.269,41.505],[126.887,41.785],[126.008,40.899],[124.896,40.484],[124.37,40.098]]]},"properties":{"iso2":"KP"}},
{"type":"Feature","geometry":{"type":"Polygon","coordinates":[[[-2.223,35.089],[-3.674,35.288],[-4.376,35.152],[-5.249,35.585],[-5.399,35.925],[-5.927,35.781],[-6.292,34.881],[-6.822,34.04],[-7.497,33.65],[-8.243,33.405],[-9.26,32.577],[-9.366,32.026],[-9.848,31.402],[-9.655,30.127],[-10.574,28.99],[-11.048,28.762],[-11.486,28.326],[-12.061,28.089],[-12.968,27.915],[-13.171,27.685],[-13.62,26.689],[-14.41,26.26],[-14.782,25.447],[-14.908,24.685],[-15.62,24.026],[-16.29,22.9],[-16.522,22.315],[-16.967,21.781],[-17.014,21.42],[-15.75,21.49],[-14.84,21.45],[-14.22,22.31],[-14.02,23.41],[-13.77,23.79],[-13.31,23.981],[-13.06,24.4],[-12.43,24.83],[-12.03,26.03],[-11.717,26.104],[-10.922,27.01],[-9.734,26.86],[-9.412,27.088],[-8.753,27.19],[-8.682,27.661],[-8.682,28.666],[-7.619,29.389],[-7.147,29.509],[-5.756,29.614],[-4.372,30.509],[-3.646,30.711],[-3.815,31.221],[-3.66,31.648],[-2.828,31.795],[-2.516,32.132],[-1.25,32.082],[-1.218,32.393],[-1.674,33.238],[-1.788,34.757],[-2.223,35.089]]]},"properties":{"iso2":"MA"}},
{"type":"Feature","geometry":{"type":"Polygon","coordinates":[[[-83.696,10.937],[-83.933,10.718],[-84.676,11.07],[-84.931,10.942],[-85.702,11.081],[-85.632,10.621],[-85.862,10.347],[-85.639,9.905],[-85.146,9.613],[-84.865,9.823],[-84.522,9.519],[-83.918,9.295],[-83.63,9.035],[-83.74,8.624],[-83.151,8.369],[-82.898,8.035],[-82.749,8.974],[-82.944,9.437],[-82.574,9.576],[-83.204,10.129],[-83.696,10.937]]]},"properties":{"iso2":"CR"}},
{"type":"Feature","geometry":{"type":"Polygon","coordinates":[[[-83.696,10.937],[-83.868,11.375],[-83.653,11.612],[-83.767,12.547],[-83.508,12.903],[-83.57,13.287],[-83.431,13.957],[-83.192,14.387],[-83.13,14.997],[-84.483,14.619],[-84.77,14.805],[-85.824,13.848],[-86.097,14.044],[-86.702,13.314],[-87.314,12.982],[-87.647,12.872],[-86.798,12.219],[-86.496,11.759],[-85.702,11.081],[-84.931,10.942],[-84.676,11.07],[-83.933,10.718],[-83.696,10.937]]]},"properties":{"iso2":"NI"}},
{"type":"Feature","geometry":{"type":"Polygon","coordinates":[[[18.626,3.477],[17.334,3.619],[16.568,3.464],[16.479,2.836],[16.197,2.236],[15.765,1.909],[15.092,1.984],[14.562,2.209],[13.295,2.161],[13.13,1.592],[13.25,1.222],[13.795,1.434],[14.184,1.381],[14.468,0.913],[13.871,0.196],[13.921,-0.053],[14.499,-0.631],[14.482,-1.389],[14.227,-2.323],[13.771,-2.119],[13.361,-2.429],[13.011,-2.288],[12.805,-1.919],[12.423,-1.898],[12.459,-2.33],[11.558,-2.349],[11.828,-3.548],[11.213,-3.697],[11.114,-3.937],[11.806,-4.577],[12.01,-5.02],[12.762,-4.391],[13.074,-4.635],[13.359,-4.795],[14.369,-4.278],[14.396,-4.856],[14.831,-4.815],[15.204,-4.339],[15.883,-3.945],[16.208,-3.362],[16.231,-2.129],[16.523,-1.862],[16.84,-1.263],[17.298,-1.021],[17.75,-0.523],[17.716,-0.196],[17.94,0.361],[17.867,1.017],[18.071,1.551],[18.072,2.16],[18.613,3.128],[18.626,3.477]]]},"properties":{"iso2":"CG"}},
{"type":"Feature","geometry":{"type":"Polygon","coordinates":[[[27.441,5.071],[27.116,5.2],[26.463,5.06],[25.581,5.375],[25.308,5.032],[24.664,4.924],[24.46,5.107],[23.388,4.587],[22.898,4.824],[22.493,4.174],[21.538,4.245],[20.603,4.41],[20.339,4.772],[19.72,5.136],[19.083,4.909],[18.721,4.377],[18.626,3.477],[18.613,3.128],[18.072,2.16],[18.071,1.551],[17.867,1.017],[17.94,0.361],[17.716,-0.196],[17.75,-0.523],[17.298,-1.021],[16.84,-1.263],[16.523,-1.862],[16.231,-2.129],[16.208,-3.362],[15.883,-3.945],[15.204,-4.339],[14.831,-4.815],[14.396,-4.856],[14.369,-4.278],[13.359,-4.795],[13.074,-4.635],[12.531,-5.163],[12.509,-5.726],[12.211,-5.763],[12.449,-6.052],[13.184,-5.856],[14.704,-5.881],[16.316,-5.855],[16.597,-5.925],[16.996,-7.298],[17.537,-8.015],[19.356,-8.002],[19.522,-7.002],[20.294,-7.002],[20.521,-7.286],[21.785,-7.283],[21.758,-8.015],[21.936,-8.413],[21.854,-9.618],[22.313,-10.369],[22.165,-10.852],[23.014,-11.102],[23.967,-10.872],[24.382,-11.121],[24.31,-11.407],[25.279,-11.2],[25.352,-11.646],[25.994,-11.905],[26.644,-11.986],[27.421,-11.922],[27.638,-12.294],[28.423,-12.521],[29.169,-13.434],[29.574,-13.225],[29.798,-13.424],[29.799,-12.154],[29.03,-12.376],[28.497,-11.857],[28.44,-11.348],[28.635,-10.519],[28.668,-9.822],[28.372,-9.235],[28.765,-8.934],[28.915,-8.473],[30.752,-8.194],[30.37,-7.31],[29.739,-6.652],[29.476,-6.002],[29.594,-5.62],[29.321,-4.836],[29.404,-4.45],[29.215,-3.9],[29.235,-3.047],[29.015,-2.721],[28.859,-2.418],[29.151,-2.15],[29.149,-1.799],[29.578,-1.388],[29.556,-0.919],[29.712,0.1],[29.928,0.785],[30.478,1.239],[31.243,2.051],[31.178,2.303],[30.725,2.441],[30.84,3.49],[29.494,4.668],[29.304,4.387],[28.755,4.554],[28.404,4.278],[27.772,4.596],[27.441,5.071]]]},"properties":{"iso2":"CD"}},
{"type":"Feature","geometry":{"type":"Polygon","coordinates":[[[91.628,27.853],[91.27,28.073],[90.684,28.087],[90.262,28.335],[89.561,28.135],[88.892,27.316],[88.955,26.913],[89.822,26.701],[92.036,26.855],[91.975,27.472],[91.628,27.853]]]},"properties":{"iso2":"BT"}},
{"type":"Feature","geometry":{"type":"Polygon","coordinates":[[[31.764,52.101],[30.941,52.02],[30.149,51.484],[29.16,51.603],[28.347,51.525],[25.768,51.929],[24.391,51.88],[23.606,51.517],[24.106,50.539],[23.101,49.957],[22.641,49.529],[22.54,49.072],[22.133,48.405],[22.878,47.947],[25.262,47.899],[26.173,47.993],[26.618,48.259],[27.752,48.452],[29.124,47.976],[29.117,47.533],[29.557,47.324],[29.727,46.456],[28.946,46.455],[28.932,45.993],[28.199,45.462],[28.71,45.227],[29.322,45.444],[29.659,45.216],[29.969,45.839],[30.494,46.08],[30.991,46.601],[31.858,46.629],[32.262,46.128],[33.629,46.125],[34.689,45.974],[35.002,45.729],[34.811,46.166],[35.902,46.653],[36.886,46.804],[37.581,47.09],[38.217,47.103],[38.353,47.607],[38.877,47.861],[39.759,47.833],[39.993,48.273],[39.759,48.895],[40.142,49.246],[39.57,49.713],[38.344,49.992],[37.995,49.921],[37.435,50.425],[36.683,50.261],[35.425,50.5],[34.962,51.215],[34.28,51.361],[34.386,51.818],[33.804,52.355],[32.528,52.316],[31.764,52.101]]]},"properties":{"iso2":"UA"}},
{"type":"Feature","geometry":{"type":"Polygon","coordinates":[[[31.764,52.101],[31.379,53.182],[32.206,53.1],[32.72,53.439],[31.754,53.82],[31.325,54.229],[30.913,55.572],[30.218,55.855],[28.149,56.142],[27.593,55.794],[26.595,55.667],[26.139,54.969],[25.53,54.346],[24.821,54.02],[23.486,53.939],[23.894,53.152],[23.869,52.67],[23.166,52.289],[23.637,52.084],[23.606,51.517],[24.391,51.88],[25.768,51.929],[28.347,51.525],[29.16,51.603],[30.149,51.484],[30.941,52.02],[31.764,52.101]]]},"properties":{"iso2":"BY"}},
{"type":"Feature","geometry":{"type":"Polygon","coordinates":[[[16.487,-28.573],[16.893,-28.083],[17.346,-28.228],[17.404,-28.704],[18.166,-28.902],[19.082,-28.959],[19.569,-28.531],[19.982,-28.422],[19.983,-26.896],[19.981,-24.752],[19.978,-22.001],[20.972,-22.001],[20.978,-19.876],[20.975,-18.319],[21.476,-18.3],[23.311,-18.01],[23.645,-18.466],[24.183,-18.029],[24.578,-18.044],[25.26,-17.794],[24.958,-17.552],[24.22,-17.479],[23.382,-17.641],[21.381,-18.013],[20.806,-18.031],[18.762,-17.748],[18.454,-17.39],[16.34,-17.389],[13.943,-17.408],[13.364,-16.964],[12.555,-17.236],[11.766,-17.253],[11.849,-18.143],[12.287,-18.698],[13.155,-20.154],[13.387,-20.816],[13.952,-21.784],[14.509,-22.548],[14.474,-24.159],[14.781,-24.803],[14.843,-25.764],[15.295,-27.322],[15.684,-27.95],[16.487,-28.573]]]},"properties":{"iso2":"NA"}},
{"type":"Feature","geometry":{"type":"Polygon","coordinates":[[[16.487,-28.573],[16.809,-29.078],[17.282,-30.348],[18.173,-31.663],[18.349,-32.26],[18.273,-32.648],[17.852,-32.83],[18.475,-33.9],[19.953,-34.809],[20.524,-34.454],[21.703,-34.391],[22.63,-33.996],[23.408,-34.11],[23.636,-33.98],[24.584,-34.178],[25.101,-33.961],[25.598,-34.049],[25.955,-33.711],[26.515,-33.755],[27.897,-33.04],[28.87,-32.287],[29.392,-31.736],[30.01,-31.292],[30.392,-30.847],[31.187,-29.56],[31.752,-28.966],[32.379,-28.553],[32.893,-26.846],[32.114,-26.84],[31.968,-27.316],[31.157,-27.206],[30.786,-26.717],[31.12,-25.91],[31.427,-25.744],[31.949,-25.958],[31.987,-24.423],[31.521,-23.416],[31.289,-22.397],[30.301,-22.337],[29.759,-22.131],[29.35,-22.187],[28.913,-22.454],[28.339,-22.585],[27.004,-23.646],[26.85,-24.248],[26.404,-24.633],[25.868,-24.748],[25.587,-25.62],[24.799,-25.829],[23.925,-25.629],[23.459,-25.282],[23.007,-25.311],[22.719,-25.984],[21.687,-26.855],[21.122,-26.865],[20.609,-26.686],[20.841,-26.131],[20.365,-25.033],[19.981,-24.752],[19.983,-26.896],[19.982,-28.422],[19.569,-28.531],[19.082,-28.959],[18.166,-28.902],[17.404,-28.704],[17.346,-28.228],[16.893,-28.083],[16.487,-28.573]],[[28.981,-28.909],[29.436,-29.342],[29.144,-29.92],[28.364,-30.159],[28.055,-30.65],[27.366,-30.311],[27.015,-29.626],[27.242,-29.549],[27.747,-28.909],[28.667,-28.597],[28.981,-28.909]]]},"properties":{"iso2":"ZA"}},
{"type":"Feature","geometry":{"type":"Polygon","coordinates":[[[56.383,24.978],[55.807,24.341],[55.998,24.081],[55.538,23.77],[55.191,22.995],[55.187,22.704],[55.638,21.979],[54.978,19.995],[51.979,18.996],[52.73,17.3],[53.09,16.642],[54.023,16.985],[55.027,17.011],[55.445,17.841],[56.188,17.957],[56.561,18.149],[56.66,18.595],[57.208,18.91],[57.71,18.944],[57.699,19.754],[57.856,20.261],[58.519,20.417],[58.919,21.144],[59.336,21.438],[59.792,22.198],[58.786,23.512],[57.152,23.954],[56.611,24.496],[56.383,24.978]]]},"properties":{"iso2":"OM"}},
{"type":"Feature","geometry":{"type":"Polygon","coordinates":[[[70.959,40.238],[71.673,40.148],[72.37,40.386],[72.619,40.88],[71.586,41.324],[71.276,41.113],[70.169,41.578],[70.825,41.936],[70.948,42.248],[69.871,41.7],[69.044,41.379],[68.462,40.585],[68.068,40.788],[67.937,41.2],[66.688,41.199],[66.504,41.993],[66.017,41.998],[66.101,42.99],[64.957,43.697],[64.427,43.547],[63.208,43.627],[62.026,43.481],[61.036,44.383],[58.531,45.559],[55.978,44.996],[55.977,43.616],[55.978,41.322],[57.01,41.254],[56.95,41.866],[58.612,42.781],[59.478,42.286],[59.866,42.304],[60.415,41.235],[61.878,41.125],[62.353,40.43],[62.453,40.009],[64.121,38.962],[64.337,38.971],[65.604,38.237],[66.554,38.027],[66.52,37.364],[67.781,37.189],[67.829,37.528],[68.361,38.174],[68.055,38.536],[68.086,38.994],[67.378,39.199],[67.765,39.623],[68.517,39.548],[68.602,40.175],[69.285,40.219],[69.198,40.546],[70.28,40.878],[70.354,40.456],[70.959,40.238]]]},"properties":{"iso2":"UZ"}},
{"type":"Feature","geometry":{"type":"Polygon","coordinates":[[[87.324,49.085],[86.61,49.796],[86.112,49.52],[85.263,49.582],[84.976,50.075],[84.25,50.26],[84.102,50.629],[83.434,50.993],[82.073,50.716],[80.683,51.302],[79.99,50.788],[79.47,51.493],[77.867,53.272],[76.526,53.961],[75.64,54.099],[74.214,53.597],[72.067,54.222],[71.182,54.102],[71.18,54.727],[70.666,55.309],[68.723,55.353],[68.166,54.956],[65.977,54.612],[65.213,54.343],[64.579,54.386],[62.551,54.027],[61.194,54.018],[61.008,53.636],[61.19,53.013],[60.696,52.735],[61.04,52.335],[60.138,51.889],[60.515,51.618],[61.474,51.426],[61.372,50.782],[60.718,50.653],[60.021,50.854],[59.775,50.534],[58.926,50.678],[58.595,51.023],[57.769,51.12],[56.508,51.066],[55.66,50.53],[54.638,51.028],[54.177,50.968],[53.61,51.388],[50.582,51.635],[50.325,51.303],[48.673,50.58],[48.886,50.02],[48.418,49.812],[47.625,50.441],[46.9,49.82],[46.754,48.914],[46.479,48.41],[47.078,48.275],[47.051,47.975],[48.044,47.77],[48.525,47.41],[49.227,46.328],[51.187,47.117],[52.239,46.807],[52.92,46.957],[53.188,46.718],[53.087,46.02],[52.567,45.401],[51.397,45.333],[50.971,44.847],[50.299,44.655],[50.23,44.391],[50.847,44.189],[51.32,43.443],[51.933,42.835],[52.745,42.657],[52.402,42.093],[52.438,41.749],[52.979,42.127],[54.047,42.345],[54.738,42.048],[55.43,41.291],[55.978,41.322],[55.977,43.616],[55.978,44.996],[58.531,45.559],[61.036,44.383],[62.026,43.481],[63.208,43.627],[64.427,43.547],[64.957,43.697],[66.101,42.99],[66.017,41.998],[66.504,41.993],[66.688,41.199],[67.937,41.2],[68.068,40.788],[68.462,40.585],[69.044,41.379],[69.871,41.7],[70.948,42.248],[71.003,42.564],[71.848,42.834],[73.41,42.59],[73.634,43.062],[74.259,43.216],[75.179,42.85],[75.771,42.926],[78.496,42.876],[80.21,42.19],[80.14,42.623],[80.368,43.028],[80.773,43.113],[80.345,44.103],[80.376,44.671],[80.062,45.019],[81.739,45.338],[82.291,45.533],[83.15,47.212],[83.905,46.974],[84.916,46.851],[85.499,47.052],[85.67,47.384],[85.515,47.92],[85.784,48.408],[86.565,48.527],[86.887,49.107],[87.324,49.085]],[[63.384,45.566],[62.9,45.748],[62.9,46.209],[63.755,46.297],[63.868,45.748],[63.384,45.566]]]},"properties":{"iso2":"KZ"}},
{"type":"Feature","geometry":{"type":"Polygon","coordinates":[[[73.633,39.448],[72.316,39.329],[71.46,39.612],[71.009,39.408],[70.622,39.564],[69.286,39.54],[69.314,39.987],[69.97,40.212],[70.627,39.994],[70.959,40.238],[70.354,40.456],[70.28,40.878],[69.198,40.546],[69.285,40.219],[68.602,40.175],[68.517,39.548],[67.765,39.623],[67.378,39.199],[68.086,38.994],[68.055,38.536],[68.361,38.174],[67.829,37.528],[67.781,37.189],[68.307,37.114],[69.529,37.586],[70.158,37.541],[70.165,37.89],[70.974,38.474],[71.598,37.898],[71.431,37.067],[71.611,36.705],[73.276,37.459],[74.66,37.394],[74.892,37.231],[75.164,37.401],[74.791,38.081],[74.776,38.511],[73.797,38.603],[73.633,39.448]]]},"properties":{"iso2":"TJ"}},
{"type":"Feature","geometry":{"type":"Polygon","coordinates":[[[26.595,55.667],[25.65,56.144],[22.094,56.417],[21.053,56.073],[21.268,55.249],[22.809,54.894],[22.767,54.356],[23.486,53.939],[24.821,54.02],[25.53,54.346],[26.139,54.969],[26.595,55.667]]]},"properties":{"iso2":"LT"}},
{"type":"Feature","geometry":{"type":"MultiPolygon","coordinates":[[[[-58.159,-20.165],[-57.86,-20.73],[-57.987,-22.035],[-56.843,-22.289],[-56.422,-22.074],[-55.893,-22.307],[-55.631,-22.627],[-55.638,-23.001],[-55.398,-23.977],[-54.613,-23.811],[-54.245,-24.051],[-54.6,-25.575],[-53.91,-25.629],[-53.667,-26.219],[-53.819,-27.14],[-54.828,-27.545],[-55.026,-27.84],[-55.773,-28.232],[-56.416,-29.051],[-57.611,-30.187],[-57.213,-30.287],[-56.831,-30.102],[-56.011,-30.798],[-55.592,-30.848],[-55.26,-31.229],[-54.592,-31.471],[-53.127,-32.755],[-53.512,-33.099],[-53.379,-33.741],[-52.622,-33.102],[-52.127,-32.178],[-52.246,-31.841],[-51.923,-31.307],[-51.443,-31.081],[-51.123,-30.256],[-50.316,-30.462],[-49.811,-29.443],[-49.343,-28.924],[-48.815,-28.61],[-48.566,-27.86],[-48.682,-26.719],[-48.433,-25.622],[-47.826,-24.894],[-46.966,-24.299],[-45.864,-23.756],[-45.08,-23.498],[-44.436,-22.997],[-43.864,-22.896],[-43.542,-23.049],[-42.058,-22.954],[-41.966,-22.535],[-40.967,-21.948],[-41.072,-21.523],[-40.732,-20.844],[-40.349,-20.5],[-40.027,-19.764],[-39.71,-19.416],[-39.725,-18.519],[-39.184,-17.601],[-39.209,-17.162],[-38.864,-15.843],[-39.067,-14.675],[-38.924,-14.004],[-39.062,-13.4],[-38.738,-12.737],[-38.32,-12.935],[-37.655,-12.05],[-36.903,-10.773],[-36.408,-10.502],[-35.853,-9.731],[-35.147,-8.912],[-34.812,-7.906],[-34.797,-7.158],[-35.262,-5.483],[-35.511,-5.144],[-36.59,-5.103],[-37.183,-4.911],[-38.66,-3.676],[-39.986,-2.848],[-40.5,-2.786],[-41.343,-2.92],[-42.453,-2.752],[-43.312,-2.346],[-43.477,-2.538],[-44.368,-2.55],[-44.522,-1.847],[-45.091,-1.464],[-45.81,-1.275],[-46.614,-0.813],[-47.585,-0.578],[-48.154,-0.782],[-48.34,-1.316],[-48.966,-1.6],[-50.373,-1.974],[-50.819,-1.436],[-50.824,-1.031],[-52.124,-1.619],[-51.724,-1.039],[-51.697,-0.747],[-51.202,-0.049],[-50.791,0.17],[-50.312,0.817],[-49.979,1.072],[-49.91,1.664],[-50.467,1.815],[-50.713,2.237],[-51.093,3.376],[-51.08,3.882],[-51.516,4.441],[-51.683,4.039],[-51.988,3.705],[-52.708,2.359],[-52.96,2.175],[-53.344,2.35],[-53.867,2.305],[-54.135,2.111],[-54.615,2.326],[-55.018,2.591],[-56.117,2.333],[-56.02,1.834],[-56.482,1.942],[-57.104,2.021],[-57.561,1.709],[-58.332,1.593],[-58.519,1.267],[-59.242,1.378],[-59.765,1.921],[-59.742,2.264],[-60,2.694],[-59.838,3.609],[-59.529,3.932],[-59.687,4.381],[-60.088,4.608],[-59.983,5.086],[-60.213,5.267],[-60.74,5.202],[-60.613,4.901],[-61.012,4.518],[-61.542,4.263],[-62.766,4.021],[-62.997,3.599],[-63.425,3.968],[-64.064,3.912],[-64.365,4.152],[-64.663,3.997],[-64.203,3.595],[-64.223,3.124],[-64.048,2.471],[-63.385,2.421],[-63.412,2.149],[-63.995,1.958],[-64.081,1.647],[-65.137,1.127],[-65.451,0.69],[-65.745,0.974],[-66.346,0.759],[-66.875,1.223],[-67.341,2.09],[-68.163,1.721],[-69.849,1.669],[-69.852,1.059],[-69.371,1.063],[-69.137,0.65],[-70.054,0.588],[-70.074,-0.125],[-69.632,-0.507],[-69.399,-1.183],[-69.965,-4.236],[-70.832,-4.179],[-70.969,-4.385],[-71.774,-4.482],[-72.918,-5.132],[-73.001,-5.709],[-73.235,-6.078],[-73.132,-6.435],[-73.765,-6.904],[-73.712,-7.788],[-73.527,-8.372],[-72.959,-9.086],[-73.215,-9.409],[-72.43,-9.482],[-72.196,-10.006],[-71.391,-10.007],[-70.681,-9.528],[-70.641,-11.011],[-69.578,-10.952],[-68.616,-11.112],[-68.098,-10.698],[-67.756,-10.714],[-67.338,-10.326],[-66.632,-9.904],[-65.789,-9.733],[-65.304,-9.826],[-65.45,-10.468],[-65.353,-11.391],[-64.997,-11.996],[-64.396,-12.457],[-63.801,-12.455],[-62.807,-12.989],[-62.222,-13.121],[-61.848,-13.531],[-60.897,-13.553],[-60.465,-13.817],[-60.292,-14.63],[-60.13,-16.273],[-58.465,-16.331],[-58.381,-17.267],[-57.791,-17.556],[-57.551,-18.184],[-57.789,-19.059],[-58.125,-19.73],[-58.159,-20.165]]],[[[-48.463,-0.576],[-48.427,-0.26],[-49.215,-0.141],[-49.653,-0.241],[-50.368,-0.106],[-50.78,-0.661],[-50.804,-1.425],[-50.405,-1.831],[-49.824,-1.817],[-48.839,-1.443],[-48.463,-0.576]]]]},"properties":{"iso2":"BR"}},
{"type":"Feature","geometry":{"type":"Polygon","coordinates":[[[-58.2,-32.447],[-58.048,-32.912],[-58.367,-33.154],[-58.389,-33.942],[-57.823,-34.475],[-57.12,-34.463],[-56.311,-34.906],[-55.792,-34.774],[-54.939,-34.97],[-53.765,-34.39],[-53.379,-33.741],[-53.512,-33.099],[-53.127,-32.755],[-54.592,-31.471],[-55.26,-31.229],[-55.592,-30.848],[-56.011,-30.798],[-56.831,-30.102],[-57.213,-30.287],[-57.611,-30.187],[-57.85,-30.485],[-57.807,-30.908],[-58.169,-31.846],[-58.2,-32.447]]]},"properties":{"iso2":"UY"}},
{"type":"Feature","geometry":{"type":"Polygon","coordinates":[[[116.684,49.823],[116.218,50.014],[115.369,49.895],[114.286,50.277],[113.212,49.822],[113.044,49.589],[111.338,49.365],[110.731,49.138],[109.287,49.339],[108.538,49.327],[108.033,49.589],[107.947,49.933],[107.225,49.997],[106.657,50.327],[105.329,50.476],[103.601,50.134],[102.328,50.546],[102.051,51.384],[100.511,51.727],[100.006,51.732],[98.856,52.107],[98.051,51.466],[97.806,51.001],[98.293,50.519],[98.106,50.064],[97.302,49.726],[95.867,50.015],[95.481,49.892],[94.625,50.015],[94.238,50.565],[91.75,50.684],[91.416,50.461],[89.624,49.903],[88.871,49.436],[88.2,49.454],[87.816,49.166],[87.943,48.599],[89.046,47.993],[89.542,48.031],[90.441,47.493],[91.047,46.566],[91.002,46.022],[90.651,45.493],[90.905,45.186],[91.663,45.06],[93.525,44.951],[94.698,44.343],[95.379,44.287],[95.908,43.215],[96.351,42.741],[97.193,42.787],[99.474,42.564],[100.017,42.677],[101.638,42.515],[102.034,42.185],[103.073,42.005],[103.721,41.756],[104.501,41.871],[105.015,41.596],[106.768,42.287],[108.177,42.454],[109.485,42.449],[110.407,42.769],[110.934,43.288],[111.933,43.697],[111.406,44.416],[112.011,45.087],[113.635,44.746],[114.534,45.386],[115.638,45.444],[116.604,46.309],[117.302,46.35],[118.238,46.715],[118.816,46.758],[119.68,46.592],[119.7,47.16],[118.542,47.966],[117.742,47.978],[117.317,47.654],[116.853,47.872],[115.853,47.706],[115.515,48.122],[116.684,49.823]]]},"properties":{"iso2":"MN"}},
{"type":"Feature","geometry":{"type":"MultiPolygon","coordinates":[[[[87.816,49.166],[88.2,49.454],[88.871,49.436],[89.624,49.903],[91.416,50.461],[91.75,50.684],[94.238,50.565],[94.625,50.015],[95.481,49.892],[95.867,50.015],[97.302,49.726],[98.106,50.064],[98.293,50.519],[97.806,51.001],[98.051,51.466],[98.856,52.107],[100.006,51.732],[100.511,51.727],[102.051,51.384],[102.328,50.546],[103.601,50.134],[105.329,50.476],[106.657,50.327],[107.225,49.997],[107.947,49.933],[108.033,49.589],[108.538,49.327],[109.287,49.339],[110.731,49.138],[111.338,49.365],[113.044,49.589],[113.212,49.822],[114.286,50.277],[115.369,49.895],[116.218,50.014],[116.684,49.823],[117.759,49.513],[118.644,49.955],[119.316,50.093],[119.294,50.599],[120.108,51.665],[120.779,52.118],[120.28,52.866],[120.874,53.28],[122.338,53.491],[123.64,53.551],[124.72,53.149],[125.621,53.062],[126.531,52.153],[126.446,51.983],[127.287,50.751],[127.508,49.822],[128.092,49.542],[128.666,49.609],[129.711,49.274],[130.533,48.636],[130.663,48.116],[131.023,47.682],[132.525,47.708],[133.092,48.107],[134.386,48.381],[134.773,47.711],[134.154,47.258],[133.902,46.259],[132.953,45.024],[131.818,45.333],[131.066,44.682],[131.264,44.054],[131.281,43.38],[130.992,42.849],[130.531,42.53],[130.7,42.295],[130.858,42.525],[132.356,43.286],[132.404,42.942],[133.158,42.688],[133.927,42.883],[135.14,43.508],[135.656,44.169],[136.123,44.476],[136.826,45.204],[138.1,46.228],[138.535,46.987],[139.39,47.904],[140.165,48.449],[140.561,49.575],[140.443,50.544],[140.706,51.335],[141.43,51.942],[141.167,52.365],[141.433,53.149],[139.816,54.215],[139.162,54.205],[138.502,53.544],[137.597,53.824],[137.451,54.318],[136.883,54.591],[135.75,54.571],[135.22,54.894],[135.869,55.174],[137.572,56.117],[138.662,56.978],[140.496,57.845],[140.904,58.383],[141.584,58.618],[142.262,59.125],[143.16,59.354],[145.001,59.37],[146.44,59.46],[147.591,59.304],[148.394,59.379],[149.598,59.758],[151.638,59.482],[151.359,58.856],[153.369,59.241],[154.049,59.053],[154.429,59.547],[154.221,59.87],[154.952,60.367],[155.921,60.755],[156.679,61.524],[157.465,61.782],[159.36,61.893],[160,61.106],[160.828,60.755],[162.417,61.676],[162.978,61.81],[163.267,62.522],[164.127,62.262],[164.029,61.347],[163.346,60.799],[161.939,60.417],[160.805,59.605],[159.864,59.141],[159.024,58.415],[158.168,58.021],[156.931,57.658],[156.832,57.213],[156.125,56.832],[155.686,56.039],[155.551,55.284],[156.111,52.935],[156.373,52.405],[156.535,51.289],[156.72,50.886],[157.759,51.544],[158.548,52.296],[158.516,52.746],[159.003,53.077],[159.922,53.284],[160.053,54.176],[160.741,54.535],[161.753,54.52],[162.153,54.85],[161.777,55.608],[162.142,56.129],[163.366,56.181],[163.281,56.688],[162.784,56.763],[162.833,57.383],[163.33,57.709],[161.993,58.087],[163.652,60.052],[165.014,59.848],[165.13,60.084],[166.25,60.384],[167.048,60.328],[168.096,60.571],[169.167,60.567],[170.401,59.966],[170.581,60.434],[172.007,60.855],[173.497,61.571],[174.49,61.815],[176.594,62.486],[178.061,62.541],[179.15,62.342],[179.609,62.706],[178.763,63.643],[178.4,64.243],[176.727,64.579],[177.298,64.838],[178.758,64.641],[180,65.066],[180,65.069],[180,65.568],[180,66.066],[180,66.565],[180,67.064],[180,67.562],[180,68.061],[180,68.56],[180,68.981],[178.773,69.415],[176.504,69.754],[171.994,69.993],[170.611,70.116],[170.584,69.6],[171.028,69.055],[170.351,68.828],[166.939,69.502],[164.834,69.567],[164.027,69.774],[160.926,69.642],[159.689,69.891],[160.106,70.264],[159.689,70.671],[158.524,70.969],[155.936,71.099],[152.613,70.835],[151.492,71.333],[149.968,71.535],[150.067,71.922],[148.402,72.311],[146.929,72.313],[145.41,72.556],[141.551,72.774],[138.756,71.643],[137.356,71.374],[135.985,71.635],[134.168,71.371],[132.264,71.682],[131.546,70.887],[130.301,70.94],[129.392,71.347],[128.192,72.228],[127.961,72.662],[128.439,73.236],[127.988,73.471],[125.652,73.525],[124.336,73.805],[123.246,73.546],[123.553,73.218],[121.055,72.932],[118.918,73.12],[118.45,73.589],[111.804,73.744],[110.021,74.014],[109.714,73.453],[107.722,73.169],[107.134,73.53],[108.492,73.773],[110,74.374],[111.744,74.663],[113.605,75.285],[113.89,75.854],[113.259,76.266],[111.555,76.684],[109.333,76.758],[107.592,76.505],[107.25,77.007],[105.984,77.438],[104.023,77.733],[100.919,76.976],[101.036,76.52],[99.509,76.469],[96.831,75.915],[95.39,76.164],[93.55,75.853],[89.132,75.453],[87.354,75.044],[86.02,74.263],[86.783,73.902],[83.484,73.655],[80.832,73.572],[80.273,73.31],[80.704,72.545],[83.361,71.841],[81.737,71.7],[79.391,72.386],[78.498,72.408],[76.946,72.044],[73.526,71.822],[73.556,71.255],[74.316,70.52],[73.516,69.746],[73.752,69.184],[75.509,69.261],[76.376,68.994],[74.454,68.694],[74.73,67.686],[73.9,67.296],[73.492,66.823],[72.494,66.619],[71.577,66.659],[72.406,67.48],[73.205,67.866],[73.644,68.502],[72.577,68.94],[72.459,70.304],[72.671,71.109],[72.106,71.29],[72.865,72.272],[72.496,72.788],[71.563,72.916],[69.277,72.841],[68.479,71.836],[66.927,71.298],[67.318,70.784],[66.771,69.741],[67.969,69.491],[68.487,68.97],[69.109,68.879],[68.383,68.228],[67.056,68.781],[63.41,69.671],[60.77,69.849],[60.139,69.578],[60.938,68.963],[59.774,68.668],[58.879,69.003],[57.33,68.565],[55.393,68.564],[54.24,68.211],[53.437,68.918],[48.256,67.683],[47.726,67.001],[45.853,66.887],[44.952,67.321],[45.35,67.73],[46.722,67.845],[45.944,68.446],[43.985,68.551],[44.244,68.256],[43.761,67.221],[44.499,66.921],[44.046,66.081],[43.252,66.437],[42.201,66.532],[41.343,66.063],[39.827,65.607],[39.712,65.402],[40.528,64.578],[39.567,64.545],[37.008,65.173],[36.569,64.902],[37.122,64.395],[38.003,64.317],[38.002,63.956],[36.292,64.01],[35.811,64.342],[34.956,64.452],[34.816,65.043],[34.369,65.392],[34.866,65.878],[33.62,66.309],[33.483,66.73],[35.381,66.418],[37.927,66.089],[39.344,66.135],[40.444,66.406],[41.36,67.014],[41.017,67.698],[38.435,68.356],[37.681,68.713],[35.33,69.276],[32.687,69.503],[32.054,69.964],[30.841,69.806],[30.512,69.536],[28.954,69.027],[28.447,68.515],[30.009,67.686],[29.089,66.838],[29.9,66.108],[29.588,64.991],[30.509,63.991],[29.981,63.742],[31.57,62.906],[31.222,62.492],[29.203,61.246],[27.808,60.553],[29.092,60.178],[28.846,59.79],[28.019,59.482],[27.411,58.755],[27.673,57.913],[27.353,57.528],[27.84,57.291],[27.649,56.879],[28.126,56.548],[28.149,56.142],[30.218,55.855],[30.913,55.572],[31.325,54.229],[31.754,53.82],[32.72,53.439],[32.206,53.1],[31.379,53.182],[31.764,52.101],[32.528,52.316],[33.804,52.355],[34.386,51.818],[34.28,51.361],[34.962,51.215],[35.425,50.5],[36.683,50.261],[37.435,50.425],[37.995,49.921],[38.344,49.992],[39.57,49.713],[40.142,49.246],[39.759,48.895],[39.993,48.273],[39.759,47.833],[38.877,47.861],[38.353,47.607],[38.217,47.103],[38.403,46.821],[37.827,46.477],[38.3,46.219],[37.159,45.326],[37.478,44.677],[38.978,44.148],[39.986,43.389],[40.652,43.539],[41.551,43.226],[42.752,43.177],[43.801,42.746],[44.859,42.76],[45.948,42.023],[46.431,41.89],[46.745,41.84],[47.268,41.303],[47.871,41.208],[48.579,41.845],[47.462,43.021],[47.503,43.781],[47.246,44.212],[46.701,44.446],[47.071,44.785],[47.609,45.639],[48.741,45.923],[49.227,46.328],[48.525,47.41],[48.044,47.77],[47.051,47.975],[47.078,48.275],[46.479,48.41],[46.754,48.914],[46.9,49.82],[47.625,50.441],[48.418,49.812],[48.886,50.02],[48.673,50.58],[50.325,51.303],[50.582,51.635],[53.61,51.388],[54.177,50.968],[54.638,51.028],[55.66,50.53],[56.508,51.066],[57.769,51.12],[58.595,51.023],[58.926,50.678],[59.775,50.534],[60.021,50.854],[60.718,50.653],[61.372,50.782],[61.474,51.426],[60.515,51.618],[60.138,51.889],[61.04,52.335],[60.696,52.735],[61.19,53.013],[61.008,53.636],[61.194,54.018],[62.551,54.027],[64.579,54.386],[65.213,54.343],[65.977,54.612],[68.166,54.956],[68.723,55.353],[70.666,55.309],[71.18,54.727],[71.182,54.102],[72.067,54.222],[74.214,53.597],[75.64,54.099],[76.526,53.961],[77.867,53.272],[79.47,51.493],[79.99,50.788],[80.683,51.302],[82.073,50.716],[83.434,50.993],[84.102,50.629],[84.25,50.26],[84.976,50.075],[85.263,49.582],[86.112,49.52],[86.61,49.796],[87.324,49.085],[87.816,49.166]]],[[[33.629,46.125],[33.709,45.91],[32.525,45.458],[33.62,44.931],[33.477,44.607],[33.958,44.383],[34.469,44.73],[35.547,45.12],[36.44,45.067],[36.3,45.473],[35.481,45.298],[35.002,45.729],[34.689,45.974],[33.629,46.125]]],[[[21.268,55.249],[21.23,54.939],[20.034,54.948],[19.61,54.457],[22.767,54.356],[22.809,54.894],[21.268,55.249]]],[[[-180,65.066],[-179.277,65.63],[-178.284,65.444],[-176.977,65.608],[-175.909,65.403],[-175.775,64.939],[-173.106,64.241],[-172.162,65.421],[-170.667,65.6],[-169.701,66.129],[-170.565,66.354],[-171.895,66.971],[-173.547,67.091],[-174.436,66.532],[-175.286,67.667],[-176.3,67.724],[-176.718,68.026],[-178.7,68.543],[-180,68.982],[-180,68.56],[-180,68.061],[-180,67.562],[-180,67.064],[-180,66.565],[-180,66.066],[-180,65.568],[-180,65.069],[-180,65.066]]],[[[-180,70.992],[-177.93,71.041],[-178.395,71.541],[-180,71.537],[-180,71.053],[-180,70.992]]],[[[142.529,54.297],[142.577,53.5],[141.769,53.372],[141.928,53.021],[141.676,51.912],[142.267,51.074],[142.045,50.528],[142.16,49.678],[141.967,48.862],[142.191,47.967],[141.966,47.612],[142.057,47.054],[141.822,46.602],[143.173,46.708],[143.016,47.254],[142.55,48.02],[143.174,49.246],[144.283,49.25],[143.79,50.309],[143.462,51.47],[143.221,51.532],[143.119,52.338],[143.29,53.152],[142.94,53.75],[143.004,54.135],[142.529,54.297]]],[[[51.41,71.806],[51.862,71.456],[53.252,71.456],[54.007,70.758],[55.818,70.613],[57.063,70.862],[56.106,71.259],[55.343,72.066],[55.739,72.784],[56.435,73.23],[54.935,73.425],[53.156,73.151],[52.332,72.071],[51.41,71.806]]],[[[56.987,74.69],[55.53,74.655],[55.623,74.19],[53.869,73.779],[55.021,73.444],[56.579,73.261],[57.254,73.457],[58.57,74.389],[59.875,74.628],[62.048,75.45],[66.179,75.962],[68.288,76.281],[68.931,76.719],[66.944,76.949],[65.169,76.475],[62.957,76.207],[61.637,76.312],[55.808,75.157],[56.987,74.69]]],[[[50.323,69.151],[49.272,69.508],[48.304,69.277],[48.592,68.731],[50.323,69.151]]],[[[60.54,69.819],[59.024,70.48],[58.696,70.003],[59.563,69.715],[60.54,69.819]]],[[[143.475,73.321],[142.045,73.917],[140.493,73.485],[143.175,73.177],[143.475,73.321]]],[[[150.828,75.163],[146.389,75.585],[146.072,75.24],[148.172,74.804],[150.609,74.894],[150.828,75.163]]],[[[145.366,75.54],[141.702,76.121],[140.15,75.801],[138.138,76.119],[137.068,75.726],[137.149,75.134],[139.343,74.687],[141.844,74.999],[144.331,75.047],[145.366,75.54]]],[[[105.416,78.583],[102.303,79.433],[100.255,78.665],[101.21,78.194],[104.787,78.336],[105.416,78.583]]],[[[99.886,79.041],[100.022,79.824],[97.592,80.175],[94.936,80.071],[93.749,79.544],[95.018,79.039],[97.761,78.809],[99.886,79.041]]],[[[97.747,80.742],[95.777,81.289],[93.053,80.995],[92.505,80.158],[93.694,79.998],[97.188,80.234],[97.747,80.742]]]]},"properties":{"iso2":"RU"}},
{"type":"Feature","geometry":{"type":"Polygon","coordinates":[[[14.81,50.858],[14.382,50.921],[12.336,50.259],[12.384,49.743],[12.798,49.328],[13.816,48.766],[14.696,48.59],[14.982,49.008],[16.945,48.604],[18.103,49.092],[18.833,49.51],[18.559,49.907],[17.839,49.974],[17.185,50.376],[16.701,50.095],[16.332,50.644],[14.81,50.858]]]},"properties":{"iso2":"CZ"}},
{"type":"Feature","geometry":{"type":"Polygon","coordinates":[[[7.586,47.585],[8.558,47.801],[9.547,47.535],[10.306,47.302],[11.62,47.59],[12.745,47.665],[12.745,48.121],[13.714,48.523],[13.816,48.766],[12.798,49.328],[12.384,49.743],[12.336,50.259],[14.382,50.921],[14.81,50.858],[15.019,51.272],[14.586,51.804],[14.645,52.577],[14.216,52.818],[14.409,53.272],[14.264,53.7],[12.502,54.474],[12.109,54.183],[11.175,54.018],[10.777,54.315],[9.438,54.81],[8.661,54.896],[9.012,54.506],[8.861,53.831],[8.168,53.553],[7.226,53.666],[7.195,53.245],[7.048,52.365],[6.193,51.509],[5.995,50.75],[6.338,50.368],[6.117,50.12],[6.5,49.794],[6.345,49.455],[6.843,49.211],[8.189,48.966],[7.573,48.095],[7.586,47.585]]]},"properties":{"iso2":"DE"}},
{"type":"Feature","geometry":{"type":"Polygon","coordinates":[[[28.019,59.482],[26.827,59.477],[25.685,59.629],[24.4,59.479],[23.471,59.212],[23.493,58.673],[24.306,57.868],[25.167,58.059],[26.5,57.516],[27.353,57.528],[27.673,57.913],[27.411,58.755],[28.019,59.482]]]},"properties":{"iso2":"EE"}},
{"type":"Feature","geometry":{"type":"Polygon","coordinates":[[[28.149,56.142],[28.126,56.548],[27.649,56.879],[27.84,57.291],[27.353,57.528],[26.5,57.516],[25.167,58.059],[24.306,57.868],[24.379,57.23],[23.695,56.967],[22.484,57.742],[21.699,57.555],[21.065,56.846],[21.053,56.073],[22.094,56.417],[25.65,56.144],[26.595,55.667],[27.593,55.794],[28.149,56.142]]]},"properties":{"iso2":"LV"}},
{"type":"Feature","geometry":{"type":"MultiPolygon","coordinates":[[[[30.841,69.806],[29.686,69.97],[31.063,70.367],[30.207,70.681],[27.569,71.097],[25.825,70.827],[24.86,70.928],[23.513,70.366],[21.209,70.208],[21.17,69.876],[19.098,69.736],[18.301,69.487],[17.234,68.756],[16.629,68.642],[15.789,67.951],[15.041,67.678],[14.223,66.982],[13.082,66.498],[13.225,66.186],[12.349,65.638],[12.602,65.432],[11.402,64.663],[10.014,64.119],[9.699,63.644],[8.792,63.431],[5.929,62.199],[5.298,62.068],[4.964,61.266],[5.304,60.191],[6.098,60.092],[5.182,59.511],[6.112,59.275],[5.478,58.755],[5.704,58.521],[6.999,58.031],[8.123,58.102],[9.428,58.893],[10.85,59.18],[11.438,58.992],[11.677,59.559],[12.511,60.118],[12.256,60.981],[12.877,61.371],[12.162,61.725],[12.317,62.234],[11.992,63.289],[12.682,63.956],[13.939,64.01],[13.643,64.584],[14.514,65.318],[14.541,66.125],[16.416,67.053],[16.127,67.423],[18.172,68.536],[19.931,68.35],[20.623,69.036],[21.663,69.263],[22.596,68.725],[23.929,68.816],[25.118,68.638],[25.652,68.883],[26.032,69.697],[27.867,70.075],[29.345,69.464],[28.954,69.027],[30.512,69.536],[30.841,69.806]]],[[[24.425,77.826],[21.662,77.918],[23.235,77.264],[24.425,77.826]]],[[[20.209,78.638],[21.522,78.854],[18.945,79.157],[18.882,79.441],[16.616,79.985],[13.797,79.882],[10.708,79.561],[11.643,78.747],[13.856,78.213],[14.374,77.199],[16.337,76.616],[18.194,77.49],[18.993,78.467],[20.209,78.638]]],[[[27.171,80.073],[24.376,80.332],[18.008,80.19],[18.784,79.723],[22.926,79.223],[25.646,79.398],[27.171,80.073]]]]},"properties":{"iso2":"NO"}},
{"type":"Feature","geometry":{"type":"MultiPolygon","coordinates":[[[[11.438,58.992],[11.225,58.371],[12.375,56.912],[12.934,56.547],[12.61,56.117],[13,55.4],[14.363,55.524],[14.686,56.147],[15.852,56.086],[16.689,57.472],[16.46,57.895],[17.093,58.661],[18.393,59.176],[18.277,59.423],[18.824,60.068],[17.238,60.698],[17.097,61.636],[17.57,62.205],[19.276,63.443],[20.503,63.822],[21.49,64.487],[21.181,64.836],[22.361,65.761],[24.163,65.823],[23.642,66.436],[24.001,66.812],[23.052,68.298],[22.072,68.477],[20.623,69.036],[19.931,68.35],[18.172,68.536],[16.127,67.423],[16.416,67.053],[14.541,66.125],[14.514,65.318],[13.643,64.584],[13.939,64.01],[12.682,63.956],[11.992,63.289],[12.317,62.234],[12.162,61.725],[12.877,61.371],[12.256,60.981],[12.511,60.118],[11.677,59.559],[11.438,58.992]]],[[[19.04,57.868],[18.463,57.803],[18.099,57.259],[18.714,57.243],[19.04,57.868]]]]},"properties":{"iso2":"SE"}},
{"type":"Feature","geometry":{"type":"Polygon","coordinates":[[[28.954,69.027],[29.345,69.464],[27.867,70.075],[26.032,69.697],[25.652,68.883],[25.118,68.638],[23.929,68.816],[22.596,68.725],[21.663,69.263],[20.623,69.036],[22.072,68.477],[23.052,68.298],[24.001,66.812],[23.642,66.436],[24.163,65.823],[25.352,65.484],[25.444,64.967],[24.773,64.866],[23.605,64.028],[21.615,63.204],[21.114,62.781],[21.237,61.985],[21.623,61.546],[21.336,61.005],[21.47,60.608],[22.628,60.375],[23.237,59.898],[25.736,60.247],[26.095,60.423],[27.808,60.553],[29.203,61.246],[31.222,62.492],[31.57,62.906],[29.981,63.742],[30.509,63.991],[29.588,64.991],[29.9,66.108],[29.089,66.838],[30.009,67.686],[28.447,68.515],[28.954,69.027]]]},"properties":{"iso2":"FI"}},
{"type":"Feature","geometry":{"type":"Polygon","coordinates":[[[102.119,22.398],[102.591,21.901],[102.948,21.737],[102.888,21.227],[103.115,20.868],[104.057,20.959],[104.601,20.661],[104.908,20.175],[104.805,19.791],[104.229,19.706],[103.857,19.317],[104.722,18.792],[105.113,18.698],[105.157,18.32],[105.476,18.127],[105.735,17.664],[106.42,16.989],[106.655,16.471],[107.117,16.255],[107.16,15.759],[107.658,15.282],[107.52,14.705],[107.32,14.12],[107.597,13.535],[107.46,13.022],[107.514,12.344],[106.702,11.971],[106.015,11.77],[105.843,11.304],[106.063,11.093],[105.066,10.746],[104.451,10.42],[104.893,9.851],[104.775,8.818],[105.101,8.634],[105.539,9.129],[106.193,9.369],[106.576,9.649],[106.788,10.393],[107.326,10.442],[109.018,11.356],[109.243,11.736],[109.205,12.646],[109.465,12.913],[109.232,13.393],[109.304,13.759],[108.883,15.336],[108.151,16.217],[107.759,16.463],[106.764,17.336],[106.525,17.95],[106.098,18.29],[105.648,18.893],[105.956,19.925],[106.57,20.232],[106.755,20.939],[107.334,21.006],[107.392,21.28],[107.991,21.486],[107.348,21.599],[106.722,22.007],[106.527,22.428],[106.667,22.868],[105.854,22.905],[105.332,23.318],[104.798,23.086],[104.728,22.839],[103.867,22.575],[103.31,22.788],[102.989,22.438],[102.443,22.765],[102.119,22.398]]]},"properties":{"iso2":"VN"}},
{"type":"Feature","geometry":{"type":"Polygon","coordinates":[[[107.52,14.705],[106.793,14.323],[106.512,14.59],[105.969,14.332],[105.873,13.937],[105.184,14.346],[104.772,14.44],[103.085,14.296],[102.328,13.275],[102.914,11.646],[103.115,11.458],[103.096,10.934],[104.451,10.42],[105.066,10.746],[106.063,11.093],[105.843,11.304],[106.015,11.77],[106.702,11.971],[107.514,12.344],[107.46,13.022],[107.597,13.535],[107.32,14.12],[107.52,14.705]]]},"properties":{"iso2":"KH"}},
{"type":"Feature","geometry":{"type":"Polygon","coordinates":[[[6.345,49.455],[6.5,49.794],[6.117,50.12],[5.791,49.538],[6.345,49.455]]]},"properties":{"iso2":"LU"}},
{"type":"Feature","geometry":{"type":"Polygon","coordinates":[[[56.077,26.061],[55.082,25.017],[54.707,24.804],[54.446,24.316],[53.581,24.049],[52.67,24.145],[51.809,24.001],[51.569,24.256],[51.594,24.078],[52.583,22.931],[55.105,22.621],[55.187,22.704],[55.191,22.995],[55.538,23.77],[55.998,24.081],[55.807,24.341],[56.383,24.978],[56.279,25.627],[56.077,26.061]]]},"properties":{"iso2":"AE"}},
{"type":"Feature","geometry":{"type":"Polygon","coordinates":[[[5.791,49.538],[6.117,50.12],[6.338,50.368],[5.995,50.75],[5.841,51.139],[4.731,51.486],[4.261,51.369],[4.221,51.368],[3.349,51.375],[2.522,51.088],[2.787,50.723],[4.023,50.338],[5.791,49.538]]]},"properties":{"iso2":"BE"}},
{"type":"Feature","geometry":{"type":"Polygon","coordinates":[[[39.986,43.389],[40.856,43.063],[41.5,42.641],[41.774,41.822],[41.521,41.514],[42.958,41.437],[43.44,41.107],[45.002,41.29],[45.465,41.43],[46.497,41.045],[46.695,41.27],[46.193,41.61],[46.431,41.89],[45.948,42.023],[44.859,42.76],[43.801,42.746],[42.752,43.177],[41.551,43.226],[40.652,43.539],[39.986,43.389]]]},"properties":{"iso2":"GE"}},
{"type":"Feature","geometry":{"type":"Polygon","coordinates":[[[20.567,41.873],[20.478,41.32],[20.965,40.849],[21.582,40.866],[21.909,41.097],[22.727,41.166],[22.917,41.336],[22.844,42.014],[22.345,42.313],[21.564,42.246],[21.098,42.196],[20.567,41.873]]]},"properties":{"iso2":"MK"}},
{"type":"Feature","geometry":{"type":"Polygon","coordinates":[[[20.567,41.873],[20.501,42.211],[20.065,42.547],[19.605,42.585],[19.272,42.181],[19.365,41.852],[19.517,41.256],[19.31,40.644],[19.476,40.214],[20,39.694],[20.64,40.09],[20.965,40.849],[20.478,41.32],[20.567,41.873]]]},"properties":{"iso2":"AL"}},
{"type":"Feature","geometry":{"type":"MultiPolygon","coordinates":[[[[46.431,41.89],[46.193,41.61],[46.695,41.27],[46.497,41.045],[45.465,41.43],[45.002,41.29],[45.556,40.777],[45.526,40.441],[45.979,40.224],[45.862,39.805],[46.598,39.225],[46.514,38.882],[47.847,39.685],[48.339,39.379],[48.059,38.948],[48.608,38.396],[48.874,38.434],[48.968,39.184],[49.318,39.621],[49.59,40.625],[49.042,41.414],[48.579,41.845],[47.871,41.208],[47.268,41.303],[46.745,41.84],[46.431,41.89]]],[[[46.136,38.864],[45.767,39.354],[44.775,39.703],[44.807,39.64],[45.439,39.004],[46.136,38.864]]]]},"properties":{"iso2":"AZ"}},
{"type":"Feature","geometry":{"type":"MultiPolygon","coordinates":[[[[42.357,37.11],[42.772,37.375],[43.48,37.243],[44.766,37.142],[44.596,37.716],[44.22,37.875],[44.275,38.844],[44.061,39.4],[44.807,39.64],[44.775,39.703],[44.032,40.009],[43.594,40.345],[43.729,40.677],[43.44,41.107],[42.958,41.437],[41.521,41.514],[40.143,40.923],[38.928,41.043],[38.331,40.918],[37.505,41.043],[35.894,41.707],[35.53,41.634],[35.105,42.022],[34.694,41.946],[33.324,42.019],[32.263,41.72],[31.249,41.106],[29.232,41.241],[29.264,40.87],[28.638,40.365],[27.452,40.322],[26.736,40.404],[26.153,39.943],[26.153,39.459],[26.67,39.306],[27.013,38.871],[26.939,38.434],[27.239,37.988],[27.263,36.963],[27.987,37.035],[29.096,36.665],[29.322,36.247],[29.795,36.145],[30.441,36.239],[30.687,36.891],[31.341,36.809],[32.026,36.543],[32.671,36.047],[33.544,36.144],[34.771,36.816],[35.348,36.544],[36.02,36.926],[36.189,36.604],[35.789,36.32],[35.911,35.918],[36.588,36.325],[36.659,36.828],[37.446,36.634],[38.19,36.906],[38.664,36.72],[39.765,36.742],[40.709,37.1],[42.357,37.11]]],[[[28.017,41.973],[27.273,42.092],[26.624,41.969],[26.333,41.713],[26.637,41.378],[26.044,40.738],[27.178,40.633],[27.524,40.989],[28.237,41.085],[28.982,41.002],[29.109,41.235],[28.113,41.612],[28.017,41.973]]]]},"properties":{"iso2":"TR"}},
{"type":"Feature","geometry":{"type":"MultiPolygon","coordinates":[[[[1.707,42.503],[1.448,42.435],[1.429,42.595],[-0.039,42.685],[-1.275,43.047],[-1.794,43.386],[-3.112,43.354],[-3.554,43.517],[-4.735,43.417],[-5.424,43.561],[-7.23,43.569],[-8.059,43.709],[-8.506,43.332],[-9.218,43.155],[-8.823,42.57],[-8.751,41.969],[-8.222,42.154],[-8.049,41.816],[-7.145,41.987],[-6.657,41.933],[-6.206,41.57],[-6.818,41.054],[-6.88,40.009],[-7.314,39.457],[-7.167,39.113],[-7.359,38.446],[-7.269,37.949],[-7.53,37.567],[-7.414,37.193],[-6.5,36.96],[-6.037,36.19],[-5.612,36.006],[-5.187,36.411],[-4.433,36.711],[-3.415,36.696],[-2.071,36.775],[-1.671,37.363],[-0.925,37.556],[-0.329,38.47],[0.234,38.758],[-0.21,39.079],[-0.323,39.516],[0.99,41.04],[2.06,41.275],[3.15,41.845],[3.181,42.431],[2.052,42.352],[1.707,42.503]]],[[[3.355,39.784],[2.933,39.914],[2.358,39.612],[3.061,39.269],[3.355,39.784]]]]},"properties":{"iso2":"ES"}},
{"type":"Feature","geometry":{"type":"Polygon","coordinates":[[[101.159,21.553],[100.725,21.312],[100.099,20.318],[100.543,20.067],[100.462,19.537],[101.193,19.453],[101.24,18.674],[101.03,18.428],[101.165,18.053],[101.132,17.462],[102.079,18.214],[102.596,17.85],[103.038,17.991],[103.261,18.4],[104,18.318],[104.481,17.64],[104.816,17.373],[104.755,16.529],[105.042,16.141],[105.405,16.019],[105.651,15.635],[105.416,14.428],[105.184,14.346],[105.873,13.937],[105.969,14.332],[106.512,14.59],[106.793,14.323],[107.52,14.705],[107.658,15.282],[107.16,15.759],[107.117,16.255],[106.655,16.471],[106.42,16.989],[105.735,17.664],[105.476,18.127],[105.157,18.32],[105.113,18.698],[104.722,18.792],[103.857,19.317],[104.229,19.706],[104.805,19.791],[104.908,20.175],[104.601,20.661],[104.057,20.959],[103.115,20.868],[102.888,21.227],[102.948,21.737],[102.591,21.901],[102.119,22.398],[101.518,22.228],[101.752,21.806],[101.723,21.304],[101.275,21.174],[101.159,21.553]]]},"properties":{"iso2":"LA"}},
{"type":"Feature","geometry":{"type":"Polygon","coordinates":[[[80.21,42.19],[78.496,42.876],[75.771,42.926],[75.179,42.85],[74.259,43.216],[73.634,43.062],[73.41,42.59],[71.848,42.834],[71.003,42.564],[70.948,42.248],[70.825,41.936],[70.169,41.578],[71.276,41.113],[71.586,41.324],[72.619,40.88],[72.37,40.386],[71.673,40.148],[70.959,40.238],[70.627,39.994],[69.97,40.212],[69.314,39.987],[69.286,39.54],[70.622,39.564],[71.009,39.408],[71.46,39.612],[72.316,39.329],[73.633,39.448],[74.004,40.061],[74.37,40.106],[74.835,40.512],[75.682,40.292],[76.449,40.416],[76.861,41.013],[78.075,41.04],[78.36,41.378],[80.21,42.19]]]},"properties":{"iso2":"KG"}},
{"type":"Feature","geometry":{"type":"Polygon","coordinates":[[[43.44,41.107],[43.729,40.677],[43.594,40.345],[44.032,40.009],[44.775,39.703],[45.767,39.354],[46.136,38.864],[46.514,38.882],[46.598,39.225],[45.862,39.805],[45.979,40.224],[45.526,40.441],[45.556,40.777],[45.002,41.29],[43.44,41.107]]]},"properties":{"iso2":"AM"}},
{"type":"Feature","geometry":{"type":"MultiPolygon","coordinates":[[[[9.438,54.81],[9.587,55.427],[10.245,55.915],[10.266,56.908],[10.539,57.237],[9.967,57.591],[9.113,57.039],[8.601,56.501],[8.122,56.552],[8.29,55.584],[8.661,54.896],[9.438,54.81]]],[[[12.04,54.893],[12.602,55.709],[12.245,56.129],[11.071,55.677],[11.245,55.215],[12.04,54.893]]]]},"properties":{"iso2":"DK"}},
{"type":"Feature","geometry":{"type":"Polygon","coordinates":[[[11.505,33.181],[11.444,32.368],[10.873,32.137],[10.108,31.412],[10.27,30.916],[9.871,30.355],[9.52,30.229],[9.826,29.129],[9.777,28.268],[9.936,27.867],[9.721,27.292],[9.836,26.504],[9.401,26.113],[9.97,25.395],[10.032,24.856],[10.45,24.477],[10.721,24.552],[11.567,24.267],[11.969,23.517],[13.482,23.18],[14.232,22.618],[14.98,22.996],[15.985,23.445],[17.435,22.729],[19.164,21.875],[21.634,20.655],[23.981,19.496],[23.981,19.995],[24.968,19.995],[24.981,21.995],[24.981,25.205],[24.981,27.667],[24.981,29.181],[24.688,30.144],[24.995,30.785],[24.861,31.38],[25.151,31.656],[24.982,31.968],[24.091,32.006],[23.096,32.324],[23.086,32.646],[22.096,32.923],[21.609,32.931],[20.563,32.558],[20.072,32.176],[19.921,31.718],[20.147,31.217],[19.749,30.511],[19.057,30.266],[18.175,30.786],[17.366,31.087],[16.045,31.276],[15.49,31.665],[15.196,32.39],[14.469,32.519],[14.176,32.718],[13.352,32.904],[12.348,32.833],[11.505,33.181]]]},"properties":{"iso2":"LY"}},
{"type":"Feature","geometry":{"type":"Polygon","coordinates":[[[11.505,33.181],[11.108,33.55],[10.33,33.703],[10.127,34.326],[10.597,34.545],[11.112,35.206],[11.012,35.658],[10.609,35.856],[10.519,36.337],[10.8,36.452],[10.146,37.237],[9.666,37.335],[8.603,36.94],[8.444,36.796],[8.241,35.828],[8.236,34.648],[7.832,34.414],[7.48,33.894],[7.751,33.208],[8.087,33.094],[8.32,32.561],[9.045,32.072],[9.52,30.229],[9.871,30.355],[10.27,30.916],[10.108,31.412],[10.873,32.137],[11.444,32.368],[11.505,33.181]]]},"properties":{"iso2":"TN"}},
{"type":"Feature","geometry":{"type":"Polygon","coordinates":[[[28.199,45.462],[28.086,46.001],[28.246,46.428],[28.037,47.016],[27.272,47.715],[27.048,48.122],[26.618,48.259],[26.173,47.993],[25.262,47.899],[22.878,47.947],[22.262,47.716],[21.165,46.318],[20.243,46.108],[20.761,45.493],[21.493,45.145],[21.656,44.688],[22.32,44.685],[22.692,44.228],[22.92,43.834],[23.325,43.887],[25.36,43.654],[26.151,44.012],[27.027,44.177],[28.578,43.741],[28.789,44.706],[29.611,44.849],[29.659,45.216],[29.322,45.444],[28.71,45.227],[28.199,45.462]]]},"properties":{"iso2":"RO"}},
{"type":"Feature","geometry":{"type":"Polygon","coordinates":[[[22.133,48.405],[21.425,48.561],[20.482,48.526],[19.884,48.13],[18.838,48.04],[18.768,47.822],[17.826,47.75],[17.148,48.005],[16.425,47.351],[16.094,46.863],[16.515,46.502],[17.345,45.956],[18.412,45.743],[18.901,45.931],[19.55,46.164],[20.243,46.108],[21.165,46.318],[22.262,47.716],[22.878,47.947],[22.133,48.405]]]},"properties":{"iso2":"HU"}},
{"type":"Feature","geometry":{"type":"Polygon","coordinates":[[[22.54,49.072],[21.82,49.377],[20.942,49.296],[20.33,49.392],[19.752,49.219],[19.443,49.602],[18.833,49.51],[18.103,49.092],[16.945,48.604],[17.148,48.005],[17.826,47.75],[18.768,47.822],[18.838,48.04],[19.884,48.13],[20.482,48.526],[21.425,48.561],[22.133,48.405],[22.54,49.072]]]},"properties":{"iso2":"SK"}},
{"type":"Feature","geometry":{"type":"Polygon","coordinates":[[[23.606,51.517],[23.637,52.084],[23.166,52.289],[23.869,52.67],[23.894,53.152],[23.486,53.939],[22.767,54.356],[19.61,54.457],[18.588,54.434],[17.885,54.824],[16.57,54.557],[16.22,54.277],[14.21,53.938],[14.264,53.7],[14.409,53.272],[14.216,52.818],[14.645,52.577],[14.586,51.804],[15.019,51.272],[14.81,50.858],[16.332,50.644],[16.701,50.095],[17.185,50.376],[17.839,49.974],[18.559,49.907],[18.833,49.51],[19.443,49.602],[19.752,49.219],[20.33,49.392],[20.942,49.296],[21.82,49.377],[22.54,49.072],[22.641,49.529],[23.101,49.957],[24.106,50.539],[23.606,51.517]]]},"properties":{"iso2":"PL"}},
{"type":"Feature","geometry":{"type":"Polygon","coordinates":[[[-7.247,55.069],[-7.333,55.373],[-8.263,55.161],[-8.597,54.619],[-8.486,54.289],[-9.786,54.338],[-10.026,53.385],[-9.272,53.147],[-10.235,51.851],[-9.77,51.592],[-8.539,51.648],[-7.435,52.126],[-6.37,52.18],[-5.997,52.965],[-6.27,54.098],[-7.049,54.412],[-7.31,54.115],[-8.156,54.439],[-7.247,55.069]]]},"properties":{"iso2":"IE"}},
{"type":"Feature","geometry":{"type":"MultiPolygon","coordinates":[[[[-6.27,54.098],[-5.613,54.256],[-5.537,54.657],[-6.476,55.249],[-7.247,55.069],[-8.156,54.439],[-7.31,54.115],[-7.049,54.412],[-6.27,54.098]]],[[[-2.665,51.617],[-3.058,51.208],[-4.152,51.212],[-4.792,50.595],[-3.646,50.226],[-3.467,50.586],[-2.865,50.734],[-1.984,50.597],[-1.317,50.8],[0.271,50.747],[1.357,51.131],[0.924,51.588],[1.582,52.081],[1.771,52.486],[1.275,52.929],[0.33,53.086],[0.133,53.643],[-0.563,54.477],[-1.275,54.748],[-1.631,55.585],[-2.964,56.206],[-2.22,56.873],[-1.759,57.474],[-2.108,57.705],[-3.492,57.713],[-4.03,57.953],[-3.221,58.306],[-3.204,58.661],[-4.382,58.525],[-4.988,58.628],[-5.293,57.981],[-5.807,57.844],[-5.599,57.279],[-6.003,56.619],[-5.667,56.498],[-5.581,55.758],[-4.983,55.871],[-4.618,55.496],[-5.171,55.009],[-3.964,54.772],[-3.018,53.932],[-3.058,53.435],[-4.152,53.228],[-4.197,52.279],[-5.289,51.917],[-3.539,51.399],[-2.665,51.617]]]]},"properties":{"iso2":"GB"}},
{"type":"Feature","geometry":{"type":"MultiPolygon","coordinates":[[[[20.965,40.849],[20.64,40.09],[20,39.694],[20.687,39.072],[21.156,38.304],[21.988,38.411],[23.11,38.21],[22.867,37.94],[21.956,38.337],[21.122,37.837],[21.55,37.561],[21.707,36.818],[22.153,37.021],[22.371,36.674],[23.096,36.807],[22.723,37.542],[23.169,37.614],[23.45,38.021],[23.951,38.291],[23.205,38.683],[22.826,39.221],[23.102,39.497],[22.571,40.054],[22.711,40.512],[23.299,40.235],[23.868,40.414],[24.416,40.946],[25.3,40.952],[26.044,40.738],[26.637,41.378],[26.333,41.713],[26.121,41.358],[25.286,41.239],[24.531,41.548],[22.917,41.336],[22.727,41.166],[21.909,41.097],[21.582,40.866],[20.965,40.849]]],[[[26.321,35.315],[25.83,35.122],[24.721,35.427],[24.739,34.932],[26.241,35.039],[26.321,35.315]]]]},"properties":{"iso2":"GR"}},
{"type":"Feature","geometry":{"type":"Polygon","coordinates":[[[32.921,-9.408],[31.673,-8.913],[31.353,-8.587],[30.96,-8.55],[30.752,-8.194],[28.915,-8.473],[28.765,-8.934],[28.372,-9.235],[28.668,-9.822],[28.635,-10.519],[28.44,-11.348],[28.497,-11.857],[29.03,-12.376],[29.799,-12.154],[29.798,-13.424],[29.574,-13.225],[29.169,-13.434],[28.423,-12.521],[27.638,-12.294],[27.421,-11.922],[26.644,-11.986],[25.994,-11.905],[25.352,-11.646],[25.279,-11.2],[24.31,-11.407],[24.382,-11.121],[23.967,-10.872],[24.031,-12.385],[24.001,-13.001],[21.98,-13.001],[21.984,-16.166],[22.152,-16.598],[23.382,-17.641],[24.22,-17.479],[24.958,-17.552],[25.26,-17.794],[26.203,-17.887],[26.712,-18.066],[27.048,-17.944],[27.777,-17.001],[28.823,-16.471],[28.871,-16.087],[29.186,-15.813],[29.837,-15.615],[30.396,-15.636],[30.214,-14.981],[33.203,-14.014],[32.723,-13.573],[32.995,-13.191],[33.025,-12.613],[33.373,-12.519],[33.23,-11.417],[33.319,-10.818],[33.674,-10.577],[33.217,-9.727],[32.921,-9.408]]]},"properties":{"iso2":"ZM"}},
{"type":"Feature","geometry":{"type":"Polygon","coordinates":[[[-10.282,8.485],[-10.639,8.52],[-10.675,9.306],[-11.273,9.996],[-12.508,9.86],[-12.702,9.42],[-13.301,9.041],[-12.876,7.829],[-12.507,7.39],[-11.476,6.919],[-11.373,7.139],[-10.615,7.769],[-10.282,8.485]]]},"properties":{"iso2":"SL"}},
{"type":"Feature","geometry":{"type":"Polygon","coordinates":[[[-10.282,8.485],[-9.684,8.487],[-9.422,8.016],[-9.438,7.422],[-8.925,7.249],[-8.485,7.558],[-8.229,7.544],[-8.022,8.118],[-7.692,8.606],[-7.959,8.782],[-8.174,9.942],[-7.99,10.162],[-8.296,10.537],[-8.311,11.001],[-8.847,11.658],[-8.994,12.388],[-9.723,12.025],[-10.267,12.218],[-10.711,11.89],[-11.191,12.014],[-11.388,12.404],[-12.361,12.306],[-13.076,12.636],[-13.728,12.673],[-13.73,11.71],[-14.687,11.511],[-15.021,10.967],[-14.463,10.33],[-13.624,9.72],[-13.301,9.041],[-12.702,9.42],[-12.508,9.86],[-11.273,9.996],[-10.675,9.306],[-10.639,8.52],[-10.282,8.485]]]},"properties":{"iso2":"GN"}},
{"type":"Feature","geometry":{"type":"Polygon","coordinates":[[[-11.476,6.919],[-11.353,6.701],[-10.396,6.177],[-9.279,5.146],[-8.257,4.58],[-7.541,4.353],[-7.605,4.897],[-7.394,5.524],[-7.447,5.846],[-7.935,6.271],[-8.566,6.551],[-8.284,7.018],[-8.485,7.558],[-8.925,7.249],[-9.438,7.422],[-9.422,8.016],[-9.684,8.487],[-10.282,8.485],[-10.615,7.769],[-11.373,7.139],[-11.476,6.919]]]},"properties":{"iso2":"LR"}},
{"type":"Feature","geometry":{"type":"Polygon","coordinates":[[[24.17,8.689],[23.482,8.783],[23.632,9.278],[23.624,9.908],[22.861,10.919],[22.46,11.001],[21.723,10.637],[21.656,10.234],[21.257,9.976],[20.826,9.418],[20.359,9.116],[19.101,9.015],[19.124,8.675],[18.589,8.048],[17.68,7.985],[16.769,7.55],[16.371,7.673],[15.794,7.458],[15.481,7.523],[15.224,7.248],[14.719,6.258],[14.524,5.28],[14.717,4.622],[15.001,4.403],[15.171,3.759],[16.092,2.863],[16.197,2.236],[16.479,2.836],[16.568,3.464],[17.334,3.619],[18.626,3.477],[18.721,4.377],[19.083,4.909],[19.72,5.136],[20.339,4.772],[20.603,4.41],[21.538,4.245],[22.493,4.174],[22.898,4.824],[23.388,4.587],[24.46,5.107],[24.664,4.924],[25.308,5.032],[25.581,5.375],[26.463,5.06],[27.116,5.2],[27.441,5.071],[27.17,5.72],[26.528,6.043],[26.378,6.653],[26.026,6.997],[25.36,7.336],[25.279,7.659],[24.832,8.166],[24.131,8.343],[24.17,8.689]]]},"properties":{"iso2":"CF"}},
{"type":"Feature","geometry":{"type":"Polygon","coordinates":[[[36.526,14.264],[36.424,15.112],[36.944,16.253],[37,17.073],[38.344,17.656],[38.602,18.005],[38.152,18.249],[37.926,18.585],[37.434,18.862],[37.238,19.655],[37.149,21.171],[36.884,21.996],[34.084,21.995],[33.561,21.709],[33.181,21.995],[31.248,21.994],[28.29,21.995],[24.981,21.995],[24.968,19.995],[23.981,19.995],[23.981,19.496],[23.983,17.87],[23.984,15.721],[23.095,15.704],[22.966,15.224],[22.465,14.629],[22.441,14.25],[22.074,13.771],[22.268,13.335],[21.809,12.794],[22.205,12.743],[22.593,11.989],[22.628,11.51],[22.915,11.396],[22.861,10.919],[23.624,9.908],[23.632,9.278],[23.482,8.783],[24.17,8.689],[24.558,8.887],[24.793,9.798],[25.084,10.293],[25.843,10.418],[25.901,10.191],[26.557,9.52],[27.895,9.595],[28.045,9.331],[28.844,9.325],[29.009,9.603],[29.483,9.762],[30.013,10.27],[30.749,9.736],[31.235,9.792],[31.943,10.656],[32.414,11.051],[32.345,11.709],[33.209,12.21],[33.083,11.585],[33.182,10.843],[33.902,10.192],[34.071,9.455],[34.325,10.269],[34.279,10.566],[34.947,11.275],[35.617,12.575],[36.124,12.721],[36.526,14.264]]]},"properties":{"iso2":"SD"}},
{"type":"Feature","geometry":{"type":"Polygon","coordinates":[[[42.924,10.999],[43.241,11.488],[43.042,11.799],[43.411,12.242],[43.118,12.708],[42.678,12.36],[42.379,12.466],[41.749,11.538],[41.799,10.971],[42.616,11.09],[42.924,10.999]]]},"properties":{"iso2":"DJ"}},
{"type":"Feature","geometry":{"type":"Polygon","coordinates":[[[42.379,12.466],[42.678,12.36],[43.118,12.708],[42.774,12.862],[42.288,13.575],[41.677,13.94],[41.156,14.642],[40.554,14.99],[40.159,14.982],[39.718,15.264],[39.236,16.109],[38.929,17.397],[38.602,18.005],[38.344,17.656],[37,17.073],[36.944,16.253],[36.424,15.112],[36.526,14.264],[37.073,14.285],[37.565,14.117],[37.891,14.88],[38.427,14.417],[39.489,14.524],[40.105,14.466],[40.833,14.106],[41.192,13.616],[41.712,13.248],[42.379,12.466]]]},"properties":{"iso2":"ER"}},
{"type":"Feature","geometry":{"type":"Polygon","coordinates":[[[13.816,48.766],[13.714,48.523],[12.745,48.121],[12.745,47.665],[11.62,47.59],[10.306,47.302],[9.547,47.535],[9.521,47.263],[9.581,47.057],[10.454,46.864],[12.111,46.993],[12.405,46.69],[13.701,46.52],[14.502,46.418],[16.094,46.863],[16.425,47.351],[17.148,48.005],[16.945,48.604],[14.982,49.008],[14.696,48.59],[13.816,48.766]]]},"properties":{"iso2":"AT"}},
{"type":"Feature","geometry":{"type":"Polygon","coordinates":[[[38.775,33.372],[39.146,32.118],[40.424,31.921],[42.075,31.08],[42.859,30.495],[44.692,29.202],[46.532,29.096],[47.11,29.961],[47.948,29.994],[48.531,29.961],[48.014,30.464],[48.015,30.976],[47.673,30.995],[47.831,31.762],[47.396,32.337],[46.273,32.959],[45.886,33.631],[45.659,33.682],[45.501,34.592],[46.165,35.19],[45.814,35.809],[45.348,36.088],[44.991,36.534],[44.766,37.142],[43.48,37.243],[42.772,37.375],[42.357,37.11],[41.844,36.618],[41.415,36.527],[41.241,36.043],[41.364,35.655],[41.196,34.768],[40.69,34.331],[38.775,33.372]]]},"properties":{"iso2":"IQ"}},
{"type":"Feature","geometry":{"type":"MultiPolygon","coordinates":[[[[7.502,43.792],[7.96,43.853],[8.762,44.432],[10.106,44.017],[10.547,43.147],[10.5,42.94],[11.658,42.279],[11.827,42.034],[13.045,41.228],[13.722,41.252],[14.052,40.838],[14.752,40.677],[14.911,40.242],[15.61,40.073],[16.22,38.899],[15.651,38.241],[16.09,37.949],[16.57,38.43],[16.539,38.723],[17.128,38.929],[17.159,39.406],[16.516,39.69],[16.605,40.084],[17.05,40.519],[18.517,40.114],[18.007,40.651],[16.022,41.428],[16.027,41.944],[15.123,41.934],[14.075,42.599],[13.617,43.531],[12.369,44.251],[12.254,44.751],[12.488,45.457],[13.131,45.769],[13.712,45.593],[13.365,46.29],[13.701,46.52],[12.405,46.69],[12.111,46.993],[10.454,46.864],[10.133,46.414],[9.225,46.231],[8.427,46.251],[7.831,45.914],[7.022,45.925],[7.033,44.243],[7.692,44.085],[7.502,43.792]],[[12.429,43.892],[12.386,43.925],[12.421,43.967],[12.49,43.939],[12.429,43.892]],[[12.453,41.903],[12.453,41.904],[12.454,41.904],[12.454,41.903],[12.453,41.903]]],[[[15.529,38.303],[13.791,37.974],[13.31,38.22],[12.427,37.797],[14.487,36.793],[15.074,36.659],[15.329,37.028],[15.111,37.322],[15.529,38.303]]],[[[9.792,40.557],[9.546,41.121],[9.231,41.263],[8.764,40.914],[8.134,40.729],[8.555,39.853],[8.372,39.231],[8.643,38.89],[9.079,39.212],[9.558,39.14],[9.792,40.557]]]]},"properties":{"iso2":"IT"}},
{"type":"Feature","geometry":{"type":"Polygon","coordinates":[[[7.022,45.925],[7.831,45.914],[8.427,46.251],[9.225,46.231],[10.133,46.414],[10.454,46.864],[9.581,47.057],[9.485,47.176],[9.521,47.263],[9.547,47.535],[8.558,47.801],[7.586,47.585],[7.044,47.34],[6.064,46.471],[6.763,46.429],[7.022,45.925]]]},"properties":{"iso2":"CH"}},
{"type":"Feature","geometry":{"type":"Polygon","coordinates":[[[46.514,38.882],[46.136,38.864],[45.439,39.004],[44.807,39.64],[44.061,39.4],[44.275,38.844],[44.22,37.875],[44.596,37.716],[44.766,37.142],[44.991,36.534],[45.348,36.088],[45.814,35.809],[46.165,35.19],[45.501,34.592],[45.659,33.682],[45.886,33.631],[46.273,32.959],[47.396,32.337],[47.831,31.762],[47.673,30.995],[48.015,30.976],[48.014,30.464],[48.531,29.961],[48.935,30.08],[50.145,29.938],[50.655,29.449],[50.644,29.143],[51.059,28.736],[51.38,27.991],[52.011,27.833],[52.601,27.353],[53.412,26.994],[53.716,26.709],[54.308,26.715],[54.802,26.498],[55.685,27.003],[56.353,27.202],[56.973,26.969],[57.326,25.777],[58.073,25.564],[58.814,25.564],[60.363,25.331],[61.412,25.059],[61.588,25.202],[61.857,26.242],[62.754,26.644],[63.141,26.625],[63.252,27.219],[62.801,27.225],[62.736,27.995],[62.363,28.419],[61.653,28.756],[61.279,29.407],[60.844,29.858],[61.785,30.831],[61.661,31.382],[60.855,31.483],[60.83,32.249],[60.568,33.151],[60.487,34.094],[61.065,34.815],[61.27,35.618],[61.075,36.648],[60.342,36.637],[60.019,37.026],[59.509,37.19],[59.352,37.494],[58.861,37.668],[57.352,37.968],[57.038,38.187],[55.423,38.076],[54.784,37.517],[53.914,37.343],[54.014,36.821],[53.492,36.888],[51.909,36.583],[51.089,36.737],[50.479,37.035],[50.149,37.404],[49.442,37.495],[49.014,37.739],[48.874,38.434],[48.608,38.396],[48.059,38.948],[48.339,39.379],[47.847,39.685],[46.514,38.882]]]},"properties":{"iso2":"IR"}},
{"type":"Feature","geometry":{"type":"Polygon","coordinates":[[[7.195,53.245],[6.73,53.461],[5.592,53.303],[4.745,52.968],[4.508,52.336],[4.142,52.006],[4.261,51.369],[4.731,51.486],[5.841,51.139],[5.995,50.75],[6.193,51.509],[7.048,52.365],[7.195,53.245]]]},"properties":{"iso2":"NL"}},
{"type":"Feature","geometry":{"type":"Polygon","coordinates":[[[9.521,47.263],[9.485,47.176],[9.581,47.057],[9.521,47.263]]]},"properties":{"iso2":"LI"}},
{"type":"Feature","geometry":{"type":"Polygon","coordinates":[[[-8.485,7.558],[-8.284,7.018],[-8.566,6.551],[-7.935,6.271],[-7.447,5.846],[-7.394,5.524],[-7.605,4.897],[-7.541,4.353],[-6.914,4.656],[-5.851,5.03],[-4.785,5.144],[-4.125,5.307],[-3.312,5.12],[-2.844,5.149],[-3.263,6.617],[-2.84,7.82],[-2.506,8.209],[-2.689,9.489],[-3.137,9.83],[-3.662,9.949],[-4.27,9.744],[-4.966,9.901],[-5.112,10.279],[-5.523,10.425],[-6.181,10.216],[-6.521,10.564],[-6.959,10.186],[-7.709,10.402],[-7.99,10.162],[-8.174,9.942],[-7.959,8.782],[-7.692,8.606],[-8.022,8.118],[-8.229,7.544],[-8.485,7.558]]]},"properties":{"iso2":"CI"}},
{"type":"Feature","geometry":{"type":"Polygon","coordinates":[[[22.345,42.313],[22.506,42.87],[22.935,43.086],[22.349,43.808],[22.692,44.228],[22.32,44.685],[21.656,44.688],[21.493,45.145],[20.761,45.493],[20.243,46.108],[19.55,46.164],[18.901,45.931],[19.016,44.866],[19.177,44.287],[19.619,44.036],[19.195,43.533],[19.619,43.168],[20.345,42.827],[20.839,43.17],[21.379,42.744],[21.564,42.246],[22.345,42.313]]]},"properties":{"iso2":"RS"}},
{"type":"Feature","geometry":{"type":"Polygon","coordinates":[[[-7.99,10.162],[-7.709,10.402],[-6.959,10.186],[-6.521,10.564],[-6.181,10.216],[-5.523,10.425],[-5.218,11.422],[-5.168,11.944],[-4.807,11.996],[-4.406,12.307],[-3.984,13.396],[-3.597,13.199],[-3.249,13.293],[-2.841,14.043],[-2.462,14.281],[-2.023,14.199],[-1.697,14.496],[-0.753,15.07],[0.218,14.911],[0.974,14.991],[1.332,15.284],[3.507,15.354],[3.871,15.715],[4.184,16.416],[4.236,16.996],[4.229,19.142],[3.308,18.982],[3.217,19.794],[1.778,20.304],[1.145,20.796],[1.147,21.102],[-0.964,22.481],[-2.523,23.501],[-4.822,24.995],[-6.593,24.994],[-6.219,21.823],[-5.964,19.621],[-5.623,16.528],[-5.353,16.312],[-5.511,15.496],[-6.674,15.495],[-9.349,15.496],[-9.836,15.371],[-10.736,15.423],[-10.915,15.103],[-11.41,15.602],[-11.727,15.541],[-11.837,14.893],[-12.264,14.775],[-11.998,14.166],[-11.997,13.544],[-11.45,13.075],[-11.388,12.404],[-11.191,12.014],[-10.711,11.89],[-10.267,12.218],[-9.723,12.025],[-8.994,12.388],[-8.847,11.658],[-8.311,11.001],[-8.296,10.537],[-7.99,10.162]]]},"properties":{"iso2":"ML"}},
{"type":"Feature","geometry":{"type":"Polygon","coordinates":[[[-11.388,12.404],[-11.45,13.075],[-11.997,13.544],[-11.998,14.166],[-12.264,14.775],[-13.238,15.623],[-13.485,16.155],[-13.811,16.122],[-14.343,16.637],[-14.931,16.643],[-15.672,16.481],[-16.327,16.475],[-16.542,15.809],[-17.139,14.928],[-17.178,14.653],[-16.561,13.587],[-15.518,13.583],[-15.833,13.157],[-16.754,13.065],[-16.728,12.333],[-15.677,12.439],[-15.195,12.679],[-13.728,12.673],[-13.076,12.636],[-12.361,12.306],[-11.388,12.404]]]},"properties":{"iso2":"SN"}},
{"type":"Feature","geometry":{"type":"Polygon","coordinates":[[[3.596,11.696],[3.837,10.6],[3.513,9.847],[2.769,9.057],[2.672,7.89],[2.774,7.051],[2.704,6.368],[3.541,6.455],[4.406,6.359],[5.007,5.849],[5.34,5.344],[5.595,4.636],[6.097,4.278],[6.969,4.375],[7.17,4.606],[8.298,4.553],[8.594,4.815],[8.799,5.16],[8.856,5.847],[10.119,6.994],[10.603,7.058],[11.056,6.7],[11.51,6.612],[12.198,7.975],[12.25,8.419],[12.806,8.832],[12.862,9.383],[13.195,9.542],[13.248,10.079],[13.982,11.276],[14.594,11.496],[14.67,12.167],[14.18,12.386],[14.065,13.078],[13.607,13.704],[12.884,13.496],[12.473,13.064],[11.44,13.364],[10.675,13.375],[9.93,13.146],[9.641,12.823],[8.679,12.924],[8.078,13.31],[7.756,13.327],[6.907,13.007],[6.369,13.626],[5.554,13.873],[4.507,13.695],[4.126,13.473],[4.089,12.996],[3.646,12.529],[3.596,11.696]]]},"properties":{"iso2":"NG"}},
{"type":"Feature","geometry":{"type":"Polygon","coordinates":[[[3.596,11.696],[2.844,12.399],[2.361,12.219],[2.39,11.897],[2.011,11.427],[1.434,11.459],[0.901,10.993],[0.769,10.367],[1.331,9.996],[1.425,9.284],[1.601,9.05],[1.62,6.214],[2.704,6.368],[2.774,7.051],[2.672,7.89],[2.769,9.057],[3.513,9.847],[3.837,10.6],[3.596,11.696]]]},"properties":{"iso2":"BJ"}},
{"type":"Feature","geometry":{"type":"MultiPolygon","coordinates":[[[[12.01,-5.02],[12.211,-5.763],[12.509,-5.726],[12.531,-5.163],[13.074,-4.635],[12.762,-4.391],[12.01,-5.02]]],[[[13.184,-5.856],[12.279,-6.148],[12.815,-6.947],[12.85,-7.266],[13.369,-8.323],[13.38,-8.755],[12.996,-9.094],[13.199,-9.709],[13.753,-10.646],[13.847,-11.114],[13.64,-12.249],[12.513,-13.442],[12.273,-14.751],[11.992,-15.617],[11.737,-15.9],[11.822,-16.479],[11.766,-17.253],[12.555,-17.236],[13.364,-16.964],[13.943,-17.408],[16.34,-17.389],[18.454,-17.39],[18.762,-17.748],[20.806,-18.031],[21.381,-18.013],[23.382,-17.641],[22.152,-16.598],[21.984,-16.166],[21.98,-13.001],[24.001,-13.001],[24.031,-12.385],[23.967,-10.872],[23.014,-11.102],[22.165,-10.852],[22.313,-10.369],[21.854,-9.618],[21.936,-8.413],[21.758,-8.015],[21.785,-7.283],[20.521,-7.286],[20.294,-7.002],[19.522,-7.002],[19.356,-8.002],[17.537,-8.015],[16.996,-7.298],[16.597,-5.925],[16.316,-5.855],[14.704,-5.881],[13.184,-5.856]]]]},"properties":{"iso2":"AO"}},
{"type":"Feature","geometry":{"type":"MultiPolygon","coordinates":[[[[16.515,46.502],[15.661,46.215],[15.666,45.832],[14.668,45.534],[13.59,45.489],[13.973,44.827],[14.33,45.354],[14.827,45.114],[15.145,44.195],[16.098,43.48],[16.881,43.406],[17.581,42.942],[17.085,43.513],[16.216,44.208],[15.717,44.786],[15.78,45.16],[16.933,45.279],[17.836,45.064],[18.617,45.098],[19.016,44.866],[18.901,45.931],[18.412,45.743],[17.345,45.956],[16.515,46.502]]],[[[18.437,42.559],[17.653,42.891],[18.496,42.416],[18.437,42.559]]]]},"properties":{"iso2":"HR"}},
{"type":"Feature","geometry":{"type":"Polygon","coordinates":[[[16.094,46.863],[14.502,46.418],[13.701,46.52],[13.365,46.29],[13.712,45.593],[13.59,45.489],[14.668,45.534],[15.666,45.832],[15.661,46.215],[16.515,46.502],[16.094,46.863]]]},"properties":{"iso2":"SI"}},
{"type":"Feature","geometry":{"type":"Polygon","coordinates":[[[50.808,24.747],[51.215,24.626],[51.617,25.137],[51.577,25.881],[51.047,26.053],[50.751,25.42],[50.808,24.747]]]},"properties":{"iso2":"QA"}},
{"type":"Feature","geometry":{"type":"Polygon","coordinates":[[[55.187,22.704],[55.105,22.621],[52.583,22.931],[51.594,24.078],[51.569,24.256],[51.215,24.626],[50.808,24.747],[50.101,25.989],[50.216,26.215],[49.942,26.858],[49.699,26.958],[48.606,28.126],[48.433,28.54],[47.668,28.534],[47.434,28.995],[46.532,29.096],[44.692,29.202],[42.859,30.495],[42.075,31.08],[40.424,31.921],[39.146,32.118],[38.963,31.994],[36.96,31.491],[37.981,30.499],[37.47,29.995],[36.756,29.866],[36.016,29.19],[34.949,29.352],[34.627,28.161],[35.052,28.12],[36.23,26.626],[36.663,25.856],[37.23,25.194],[37.149,24.851],[37.457,24.441],[38.453,23.784],[39.143,22.391],[38.979,21.862],[39.081,21.315],[39.646,20.462],[40.523,19.972],[40.956,19.343],[41.21,18.698],[41.719,17.909],[42.302,17.454],[42.339,17.174],[42.737,16.671],[42.789,16.371],[43.209,16.773],[43.165,17.326],[45.165,17.428],[46.323,17.224],[46.71,17.275],[46.97,16.957],[47.428,17.092],[47.589,17.463],[48.162,18.149],[49.129,18.612],[51.979,18.996],[54.978,19.995],[55.638,21.979],[55.187,22.704]]]},"properties":{"iso2":"SA"}},
{"type":"Feature","geometry":{"type":"Polygon","coordinates":[[[19.981,-24.752],[20.365,-25.033],[20.841,-26.131],[20.609,-26.686],[21.122,-26.865],[21.687,-26.855],[22.719,-25.984],[23.007,-25.311],[23.459,-25.282],[23.925,-25.629],[24.799,-25.829],[25.587,-25.62],[25.868,-24.748],[26.404,-24.633],[26.85,-24.248],[27.004,-23.646],[28.339,-22.585],[28.913,-22.454],[29.35,-22.187],[29.039,-21.798],[27.99,-21.552],[27.675,-21.09],[27.698,-20.509],[27.341,-20.473],[27.215,-20.11],[26.731,-19.936],[26.13,-19.501],[25.941,-18.921],[25.508,-18.399],[25.26,-17.794],[24.578,-18.044],[24.183,-18.029],[23.645,-18.466],[23.311,-18.01],[21.476,-18.3],[20.975,-18.319],[20.978,-19.876],[20.972,-22.001],[19.978,-22.001],[19.981,-24.752]]]},"properties":{"iso2":"BW"}},
{"type":"Feature","geometry":{"type":"Polygon","coordinates":[[[31.289,-22.397],[32.409,-21.29],[32.469,-20.687],[32.845,-20.287],[33.033,-19.784],[32.769,-19.364],[32.996,-18.467],[33.022,-17.361],[32.893,-16.712],[31.91,-16.429],[31.26,-16.023],[30.403,-16.001],[30.396,-15.636],[29.837,-15.615],[29.186,-15.813],[28.871,-16.087],[28.823,-16.471],[27.777,-17.001],[27.048,-17.944],[26.712,-18.066],[26.203,-17.887],[25.26,-17.794],[25.508,-18.399],[25.941,-18.921],[26.13,-19.501],[26.731,-19.936],[27.215,-20.11],[27.341,-20.473],[27.698,-20.509],[27.675,-21.09],[27.99,-21.552],[29.039,-21.798],[29.35,-22.187],[29.759,-22.131],[30.301,-22.337],[31.289,-22.397]]]},"properties":{"iso2":"ZW"}},
{"type":"Feature","geometry":{"type":"Polygon","coordinates":[[[77.049,35.11],[76.777,35.646],[76.166,35.806],[75.894,36.097],[75.977,36.463],[75.351,36.916],[74.542,37.022],[74.094,36.831],[72.565,36.821],[71.629,36.46],[71.171,36.027],[71.593,35.549],[71.634,35.203],[71.081,34.673],[71.047,34.042],[70.522,33.939],[70.003,34.044],[70.294,33.319],[69.548,33.075],[69.228,32.421],[69.299,31.938],[69.004,31.651],[68.126,31.811],[67.346,31.208],[66.697,31.196],[66.366,30.923],[66.196,29.835],[65.036,29.54],[64.478,29.57],[64.086,29.387],[63.569,29.497],[62.478,29.408],[60.844,29.858],[61.279,29.407],[61.653,28.756],[62.363,28.419],[62.736,27.995],[62.801,27.225],[63.252,27.219],[63.141,26.625],[62.754,26.644],[61.857,26.242],[61.588,25.202],[61.881,25.103],[62.477,25.259],[63.5,25.194],[63.573,25.365],[64.663,25.229],[65.672,25.347],[66.437,25.598],[66.718,25.231],[66.68,24.831],[67.176,24.758],[67.3,24.186],[67.632,23.803],[68.183,23.842],[68.724,23.965],[68.726,24.289],[69.972,24.165],[71.064,24.683],[70.647,25.431],[70.065,25.98],[70.158,26.53],[69.465,26.808],[69.576,27.188],[70.342,28.011],[70.832,27.701],[71.861,27.95],[72.382,28.784],[72.902,29.023],[73.37,29.927],[74.33,30.9],[74.612,31.44],[74.489,31.711],[75.024,32.466],[74.002,33.178],[74.142,33.549],[73.998,34.197],[74.286,34.769],[75.777,34.504],[76.553,34.726],[77.049,35.11]]]},"properties":{"iso2":"PK"}},
{"type":"Feature","geometry":{"type":"Polygon","coordinates":[[[22.917,41.336],[24.531,41.548],[25.286,41.239],[26.121,41.358],[26.333,41.713],[26.624,41.969],[27.273,42.092],[28.017,41.973],[27.511,42.553],[27.892,42.711],[28.092,43.364],[28.578,43.741],[27.027,44.177],[26.151,44.012],[25.36,43.654],[23.325,43.887],[22.92,43.834],[22.692,44.228],[22.349,43.808],[22.935,43.086],[22.506,42.87],[22.345,42.313],[22.844,42.014],[22.917,41.336]]]},"properties":{"iso2":"BG"}},
{"type":"Feature","geometry":{"type":"Polygon","coordinates":[[[102.073,6.258],[101.566,6.832],[100.998,6.857],[100.396,7.211],[100.22,8.449],[99.959,8.638],[99.854,9.295],[99.475,9.201],[99.181,9.643],[99.152,10.357],[100.02,12.193],[99.961,12.625],[100.29,13.505],[100.951,13.468],[100.837,12.708],[101.83,12.673],[102.296,12.19],[102.75,12.04],[102.914,11.646],[102.328,13.275],[103.085,14.296],[104.772,14.44],[105.184,14.346],[105.416,14.428],[105.651,15.635],[105.405,16.019],[105.042,16.141],[104.755,16.529],[104.816,17.373],[104.481,17.64],[104,18.318],[103.261,18.4],[103.038,17.991],[102.596,17.85],[102.079,18.214],[101.132,17.462],[101.165,18.053],[101.03,18.428],[101.24,18.674],[101.193,19.453],[100.462,19.537],[100.543,20.067],[100.099,20.318],[99.942,20.444],[99.009,19.846],[97.84,19.555],[97.752,18.582],[97.438,18.488],[97.769,17.679],[98.313,17.052],[98.632,16.463],[98.56,15.355],[98.165,15.126],[98.548,14.378],[99.153,13.715],[99.214,12.735],[99.394,12.59],[99.63,11.816],[99.243,11.198],[98.767,10.689],[98.747,10.351],[98.327,9.204],[98.278,8.241],[98.599,8.375],[99.693,7.116],[100.127,6.442],[100.387,6.522],[101.082,6.246],[101.105,5.638],[101.535,5.906],[101.8,5.74],[102.073,6.258]]]},"properties":{"iso2":"TH"}},
{"type":"Feature","geometry":{"type":"Polygon","coordinates":[[[12.429,43.892],[12.49,43.939],[12.421,43.967],[12.386,43.925],[12.429,43.892]]]},"properties":{"iso2":"SM"}},
{"type":"Feature","geometry":{"type":"Polygon","coordinates":[[[-71.757,19.71],[-72.33,19.752],[-72.776,19.944],[-72.814,19.053],[-72.55,18.786],[-72.755,18.429],[-73.605,18.498],[-74.256,18.67],[-74.489,18.429],[-73.968,18.141],[-73.377,18.258],[-72.886,18.141],[-72.072,18.238],[-71.776,18.039],[-71.912,18.431],[-71.639,19.212],[-71.757,19.71]]]},"properties":{"iso2":"HT"}},
{"type":"Feature","geometry":{"type":"Polygon","coordinates":[[[-71.776,18.039],[-71.417,17.605],[-71.061,18.142],[-70.158,18.243],[-69.884,18.471],[-68.85,18.375],[-68.356,18.657],[-68.74,18.964],[-69.608,19.093],[-69.898,19.636],[-70.301,19.658],[-71.001,19.938],[-71.649,19.897],[-71.757,19.71],[-71.639,19.212],[-71.912,18.431],[-71.776,18.039]]]},"properties":{"iso2":"DO"}},
{"type":"Feature","geometry":{"type":"Polygon","coordinates":[[[14.98,22.996],[15.18,21.507],[15.954,20.375],[15.736,19.904],[15.452,16.876],[14.369,15.75],[13.449,14.38],[13.607,13.704],[14.065,13.078],[14.418,13.081],[14.831,12.618],[15.136,11.531],[15.066,10.793],[15.536,10.081],[14.732,9.924],[14.182,9.978],[13.948,9.638],[14.35,9.168],[15.184,8.479],[15.481,7.523],[15.794,7.458],[16.371,7.673],[16.769,7.55],[17.68,7.985],[18.589,8.048],[19.124,8.675],[19.101,9.015],[20.359,9.116],[20.826,9.418],[21.257,9.976],[21.656,10.234],[21.723,10.637],[22.46,11.001],[22.861,10.919],[22.915,11.396],[22.628,11.51],[22.593,11.989],[22.205,12.743],[21.809,12.794],[22.268,13.335],[22.074,13.771],[22.441,14.25],[22.465,14.629],[22.966,15.224],[23.095,15.704],[23.984,15.721],[23.983,17.87],[23.981,19.496],[21.634,20.655],[19.164,21.875],[17.435,22.729],[15.985,23.445],[14.98,22.996]]]},"properties":{"iso2":"TD"}},
{"type":"Feature","geometry":{"type":"Polygon","coordinates":[[[46.532,29.096],[47.434,28.995],[47.668,28.534],[48.433,28.54],[47.966,29.576],[47.948,29.994],[47.11,29.961],[46.532,29.096]]]},"properties":{"iso2":"KW"}},
{"type":"Feature","geometry":{"type":"Polygon","coordinates":[[[-90.098,13.731],[-89.808,13.527],[-89.251,13.472],[-88.786,13.245],[-87.928,13.159],[-87.817,13.407],[-87.713,13.8],[-88.088,13.981],[-88.488,13.865],[-89.027,14.311],[-89.362,14.415],[-90.098,13.731]]]},"properties":{"iso2":"SV"}},
{"type":"Feature","geometry":{"type":"Polygon","coordinates":[[[-89.362,14.415],[-89.173,15.042],[-88.221,15.726],[-88.914,15.894],[-89.237,15.894],[-89.16,17.814],[-90.991,17.802],[-91.067,16.918],[-90.399,16.348],[-90.486,16.071],[-91.724,16.069],[-92.205,15.29],[-92.246,14.546],[-91.316,13.956],[-90.707,13.929],[-90.098,13.731],[-89.362,14.415]]]},"properties":{"iso2":"GT"}},
{"type":"Feature","geometry":{"type":"Polygon","coordinates":[[[125.062,-9.486],[125.609,-9.186],[126.43,-8.955],[127.009,-8.677],[126.967,-8.309],[125.144,-8.631],[124.92,-8.962],[125.062,-9.486]]]},"properties":{"iso2":"TL"}},
{"type":"Feature","geometry":{"type":"Polygon","coordinates":[[[114.982,4.889],[113.999,4.601],[114.587,4.021],[114.982,4.889]]]},"properties":{"iso2":"BN"}},
{"type":"Feature","geometry":{"type":"Polygon","coordinates":[[[7.366,43.723],[7.437,43.743],[7.407,43.764],[7.366,43.723]]]},"properties":{"iso2":"MC"}},
{"type":"Feature","geometry":{"type":"Polygon","coordinates":[[[-8.682,27.661],[-8.682,27.285],[-7.297,26.471],[-4.822,24.995],[-2.523,23.501],[-0.964,22.481],[1.147,21.102],[1.145,20.796],[1.778,20.304],[3.217,19.794],[3.308,18.982],[4.229,19.142],[5.838,19.479],[7.483,20.873],[9.723,22.193],[11.969,23.517],[11.567,24.267],[10.721,24.552],[10.45,24.477],[10.032,24.856],[9.97,25.395],[9.401,26.113],[9.836,26.504],[9.721,27.292],[9.936,27.867],[9.777,28.268],[9.826,29.129],[9.52,30.229],[9.045,32.072],[8.32,32.561],[8.087,33.094],[7.751,33.208],[7.48,33.894],[7.832,34.414],[8.236,34.648],[8.241,35.828],[8.444,36.796],[8.603,36.94],[7.908,36.85],[7.383,37.083],[6.909,36.893],[6.197,36.902],[5.304,36.643],[4.787,36.895],[3.827,36.913],[2.31,36.631],[1.045,36.487],[0.127,36.051],[-0.825,35.769],[-1.761,35.13],[-2.223,35.089],[-1.788,34.757],[-1.674,33.238],[-1.218,32.393],[-1.25,32.082],[-2.516,32.132],[-2.828,31.795],[-3.66,31.648],[-3.815,31.221],[-3.646,30.711],[-4.372,30.509],[-5.756,29.614],[-7.147,29.509],[-7.619,29.389],[-8.682,28.666],[-8.682,27.661]]]},"properties":{"iso2":"DZ"}},
{"type":"Feature","geometry":{"type":"Polygon","coordinates":[[[33.203,-14.014],[30.214,-14.981],[30.396,-15.636],[30.403,-16.001],[31.26,-16.023],[31.91,-16.429],[32.893,-16.712],[33.022,-17.361],[32.996,-18.467],[32.769,-19.364],[33.033,-19.784],[32.845,-20.287],[32.469,-20.687],[32.409,-21.29],[31.289,-22.397],[31.521,-23.416],[31.987,-24.423],[31.949,-25.958],[32.114,-26.84],[32.893,-26.846],[32.929,-26.266],[32.591,-25.969],[32.873,-25.544],[33.729,-25.105],[35.106,-24.598],[35.494,-24.111],[35.395,-23.842],[35.521,-22.908],[35.497,-22.142],[35.058,-21.138],[34.993,-20.73],[34.68,-20.347],[34.88,-19.863],[35.662,-19.133],[36.244,-18.883],[37.086,-17.869],[37.909,-17.355],[39.091,-16.984],[39.698,-16.532],[40.573,-15.505],[40.843,-14.464],[40.543,-13.659],[40.537,-11.997],[40.429,-11.642],[40.437,-10.475],[40.008,-10.811],[39.287,-11.154],[38.896,-11.168],[38.492,-11.413],[37.875,-11.319],[37.428,-11.723],[37.044,-11.596],[36.2,-11.702],[34.965,-11.574],[34.651,-11.57],[34.354,-12.199],[34.545,-13.326],[34.894,-13.535],[35.853,-14.667],[35.796,-16.005],[35.375,-16.141],[35.214,-16.484],[35.305,-17.104],[34.385,-16.186],[34.233,-15.89],[34.569,-15.271],[34.502,-14.576],[34.344,-14.387],[33.604,-14.524],[33.203,-14.014]]]},"properties":{"iso2":"MZ"}},
{"type":"Feature","geometry":{"type":"Polygon","coordinates":[[[32.114,-26.84],[31.949,-25.958],[31.427,-25.744],[31.12,-25.91],[30.786,-26.717],[31.157,-27.206],[31.968,-27.316],[32.114,-26.84]]]},"properties":{"iso2":"SZ"}},
{"type":"Feature","geometry":{"type":"Polygon","coordinates":[[[30.555,-2.401],[30.379,-2.303],[29.698,-2.808],[29.015,-2.721],[29.235,-3.047],[29.215,-3.9],[29.404,-4.45],[30.003,-4.272],[30.469,-3.513],[30.832,-3.173],[30.416,-2.852],[30.555,-2.401]]]},"properties":{"iso2":"BI"}},
{"type":"Feature","geometry":{"type":"Polygon","coordinates":[[[30.472,-1.067],[30.147,-1.345],[29.578,-1.388],[29.149,-1.799],[29.151,-2.15],[28.859,-2.418],[29.015,-2.721],[29.698,-2.808],[30.379,-2.303],[30.555,-2.401],[30.834,-2.345],[30.831,-1.594],[30.472,-1.067]]]},"properties":{"iso2":"RW"}},
{"type":"Feature","geometry":{"type":"Polygon","coordinates":[[[92.576,21.978],[92.59,21.496],[92.265,21.061],[92.772,20.201],[93.375,20.089],[93.987,19.387],[93.75,18.97],[94.134,18.847],[94.481,18.094],[94.573,17.311],[94.215,16.158],[94.859,15.783],[95.396,15.716],[95.756,16.145],[96.616,16.518],[97.069,17.251],[97.255,16.698],[97.548,16.538],[97.727,15.843],[97.795,14.88],[98.109,14.133],[98.103,13.701],[98.432,13.479],[98.691,12.71],[98.552,12.28],[98.72,11.964],[98.712,10.924],[98.459,10.715],[98.747,10.351],[98.767,10.689],[99.243,11.198],[99.63,11.816],[99.394,12.59],[99.214,12.735],[99.153,13.715],[98.548,14.378],[98.165,15.126],[98.56,15.355],[98.632,16.463],[98.313,17.052],[97.769,17.679],[97.438,18.488],[97.752,18.582],[97.84,19.555],[99.009,19.846],[99.942,20.444],[100.099,20.318],[100.725,21.312],[101.159,21.553],[100.622,21.469],[99.95,21.721],[99.942,22.046],[99.166,22.205],[99.358,22.495],[99.217,23.057],[98.503,24.121],[97.708,24.125],[97.536,24.745],[97.738,25.091],[98.692,25.879],[98.749,26.771],[98.679,27.577],[98.119,28.141],[97.528,28.53],[97.323,28.217],[96.759,27.342],[96.143,27.258],[95.119,26.604],[95.14,26.03],[94.608,25.395],[94.709,25.026],[93.998,23.917],[93.457,23.96],[93.375,23.13],[93.08,22.773],[93.169,22.247],[92.576,21.978]]]},"properties":{"iso2":"MM"}},
{"type":"Feature","geometry":{"type":"Polygon","coordinates":[[[89.06,22.13],[89.105,21.816],[90.185,21.801],[90.613,22.315],[91.456,22.785],[91.676,22.535],[92.265,21.061],[92.59,21.496],[92.576,21.978],[92.357,23.289],[92.151,23.732],[91.537,22.982],[91.141,23.612],[91.363,24.1],[92.108,24.406],[92.458,24.953],[92.002,25.183],[90.365,25.15],[89.795,25.374],[89.83,25.908],[89.351,25.997],[88.656,26.415],[88.074,25.908],[88.899,25.169],[88.431,25.173],[88.022,24.646],[88.738,24.287],[88.54,23.65],[88.843,22.965],[89.06,22.13]]]},"properties":{"iso2":"BD"}},
{"type":"Feature","geometry":{"type":"Polygon","coordinates":[[[1.429,42.595],[1.448,42.435],[1.707,42.503],[1.429,42.595]]]},"properties":{"iso2":"AD"}},
{"type":"Feature","geometry":{"type":"Polygon","coordinates":[[[74.892,37.231],[74.66,37.394],[73.276,37.459],[71.611,36.705],[71.431,37.067],[71.598,37.898],[70.974,38.474],[70.165,37.89],[70.158,37.541],[69.529,37.586],[68.307,37.114],[67.781,37.189],[66.52,37.364],[65.669,37.521],[65.501,37.242],[64.76,37.093],[64.606,36.461],[64.266,36.152],[63.343,35.856],[63.08,35.437],[62.621,35.223],[61.27,35.618],[61.065,34.815],[60.487,34.094],[60.568,33.151],[60.83,32.249],[60.855,31.483],[61.661,31.382],[61.785,30.831],[60.844,29.858],[62.478,29.408],[63.569,29.497],[64.086,29.387],[64.478,29.57],[65.036,29.54],[66.196,29.835],[66.366,30.923],[66.697,31.196],[67.346,31.208],[68.126,31.811],[69.004,31.651],[69.299,31.938],[69.228,32.421],[69.548,33.075],[70.294,33.319],[70.003,34.044],[70.522,33.939],[71.047,34.042],[71.081,34.673],[71.634,35.203],[71.593,35.549],[71.171,36.027],[71.629,36.46],[72.565,36.821],[74.094,36.831],[74.542,37.022],[74.892,37.231]]]},"properties":{"iso2":"AF"}},
{"type":"Feature","geometry":{"type":"Polygon","coordinates":[[[20.065,42.547],[20.345,42.827],[19.619,43.168],[19.195,43.533],[18.453,42.993],[18.437,42.559],[18.496,42.416],[19.365,41.852],[19.272,42.181],[19.605,42.585],[20.065,42.547]]]},"properties":{"iso2":"ME"}},
{"type":"Feature","geometry":{"type":"Polygon","coordinates":[[[19.016,44.866],[18.617,45.098],[17.836,45.064],[16.933,45.279],[15.78,45.16],[15.717,44.786],[16.216,44.208],[17.085,43.513],[17.581,42.942],[17.653,42.891],[18.437,42.559],[18.453,42.993],[19.195,43.533],[19.619,44.036],[19.177,44.287],[19.016,44.866]]]},"properties":{"iso2":"BA"}},
{"type":"Feature","geometry":{"type":"Polygon","coordinates":[[[30.84,3.49],[30.725,2.441],[31.178,2.303],[31.243,2.051],[30.478,1.239],[29.928,0.785],[29.712,0.1],[29.556,-0.919],[29.578,-1.388],[30.147,-1.345],[30.472,-1.067],[30.828,-1.003],[33.904,-1.003],[33.894,0.11],[34.507,1.103],[34.798,1.232],[34.979,1.676],[34.924,2.477],[34.434,3.182],[33.977,4.22],[33.533,3.774],[33.017,3.877],[31.944,3.591],[31.141,3.785],[30.84,3.49]]]},"properties":{"iso2":"UG"}},
{"type":"Feature","geometry":{"type":"Polygon","coordinates":[[[-75.095,19.897],[-74.267,20.068],[-74.998,20.701],[-75.784,20.746],[-76.117,21.091],[-76.654,21.294],[-77.508,21.862],[-78.782,22.391],[-79.342,22.413],[-80.025,22.947],[-80.622,23.09],[-82.033,23.201],[-83.208,23.003],[-84.021,22.679],[-84.391,22.353],[-83.925,22.172],[-83.415,22.186],[-82.633,22.68],[-81.878,22.68],[-81.824,22.189],[-81.198,22.212],[-80.992,22.054],[-79.249,21.552],[-78.767,21.64],[-78.495,21.048],[-78.066,20.712],[-77.315,20.709],[-77.113,20.512],[-77.737,19.856],[-76.248,19.991],[-75.095,19.897]]]},"properties":{"iso2":"CU"}},
{"type":"Feature","geometry":{"type":"Polygon","coordinates":[[[-83.13,14.997],[-83.775,15.286],[-84.295,15.811],[-85,15.988],[-85.703,15.976],[-86.879,15.764],[-87.722,15.923],[-88.221,15.726],[-89.173,15.042],[-89.362,14.415],[-89.027,14.311],[-88.488,13.865],[-88.088,13.981],[-87.713,13.8],[-87.817,13.407],[-87.314,12.982],[-86.702,13.314],[-86.097,14.044],[-85.824,13.848],[-84.77,14.805],[-84.483,14.619],[-83.13,14.997]]]},"properties":{"iso2":"HN"}},
{"type":"Feature","geometry":{"type":"Polygon","coordinates":[[[-75.283,-0.107],[-75.79,0.084],[-76.053,0.364],[-76.897,0.245],[-77.424,0.408],[-77.728,0.843],[-78.12,0.921],[-78.829,1.434],[-78.958,1.163],[-80.076,0.816],[-80.066,0.052],[-80.496,-0.381],[-80.422,-0.6],[-80.85,-1.616],[-80.657,-2.416],[-80.321,-2.711],[-79.725,-2.57],[-79.953,-3.197],[-80.341,-3.393],[-80.08,-4.309],[-79.507,-4.532],[-79.303,-4.961],[-79.009,-4.96],[-78.363,-3.489],[-77.849,-2.981],[-76.685,-2.574],[-76.091,-2.129],[-75.56,-1.503],[-75.272,-0.526],[-75.283,-0.107]]]},"properties":{"iso2":"EC"}},
{"type":"Feature","geometry":{"type":"Polygon","coordinates":[[[-69.965,-4.236],[-69.399,-1.183],[-69.632,-0.507],[-70.074,-0.125],[-70.054,0.588],[-69.137,0.65],[-69.371,1.063],[-69.852,1.059],[-69.849,1.669],[-68.163,1.721],[-67.341,2.09],[-66.875,1.223],[-67.325,2.475],[-67.839,2.886],[-67.305,3.426],[-67.632,3.762],[-67.865,4.512],[-67.844,5.297],[-67.429,6.038],[-67.574,6.266],[-68.635,6.136],[-69.444,6.122],[-70.097,6.944],[-70.703,7.1],[-71.184,6.963],[-72.081,7.067],[-72.451,7.44],[-72.387,8.339],[-73.01,9.295],[-72.908,10.452],[-72.481,11.133],[-71.971,11.662],[-71.328,11.85],[-71.242,12.328],[-71.656,12.465],[-72.263,11.886],[-72.76,11.697],[-73.292,11.294],[-74.187,11.317],[-74.503,10.974],[-74.844,11.11],[-75.51,10.586],[-75.658,9.705],[-76.673,8.68],[-76.832,8.137],[-77.374,8.665],[-77.201,7.982],[-77.34,7.707],[-77.82,7.477],[-77.896,7.235],[-77.343,6.544],[-77.246,5.787],[-77.359,5.297],[-77.32,4.547],[-77.425,4.005],[-77.205,3.621],[-77.648,3.074],[-77.752,2.627],[-78.432,2.587],[-78.846,1.822],[-78.829,1.434],[-78.12,0.921],[-77.728,0.843],[-77.424,0.408],[-76.897,0.245],[-76.053,0.364],[-75.79,0.084],[-75.283,-0.107],[-74.825,-0.17],[-74.413,-0.573],[-74.289,-0.943],[-73.637,-1.255],[-73.531,-1.674],[-73.186,-1.8],[-73.195,-2.187],[-72.943,-2.419],[-72.397,-2.447],[-71.768,-2.142],[-71.22,-2.342],[-70.874,-2.23],[-70.051,-2.715],[-70.734,-3.782],[-70.311,-3.829],[-69.965,-4.236]]]},"properties":{"iso2":"CO"}},
{"type":"Feature","geometry":{"type":"Polygon","coordinates":[[[-62.65,-22.234],[-62.287,-22.484],[-61.956,-23.034],[-61.006,-23.805],[-60.034,-24.007],[-58.809,-24.777],[-57.754,-25.181],[-57.557,-25.46],[-58.087,-26.127],[-58.248,-26.758],[-58.653,-27.156],[-57.18,-27.487],[-56.125,-27.299],[-55.755,-27.444],[-55.414,-26.98],[-54.975,-26.788],[-54.706,-26.442],[-54.6,-25.575],[-54.245,-24.051],[-54.613,-23.811],[-55.398,-23.977],[-55.638,-23.001],[-55.631,-22.627],[-55.893,-22.307],[-56.422,-22.074],[-56.843,-22.289],[-57.987,-22.035],[-57.86,-20.73],[-58.159,-20.165],[-58.175,-19.821],[-59.09,-19.287],[-60.006,-19.298],[-61.761,-19.658],[-62.277,-20.58],[-62.276,-21.067],[-62.65,-22.234]]]},"properties":{"iso2":"PY"}},
{"type":"Feature","geometry":{"type":"Polygon","coordinates":[[[-8.751,41.969],[-8.88,41.737],[-8.655,40.994],[-9.09,39.579],[-9.353,39.368],[-9.492,38.708],[-8.906,38.512],[-8.798,37.49],[-8.627,37.121],[-7.787,37.023],[-7.414,37.193],[-7.53,37.567],[-7.269,37.949],[-7.359,38.446],[-7.167,39.113],[-7.314,39.457],[-6.88,40.009],[-6.818,41.054],[-6.206,41.57],[-6.657,41.933],[-7.145,41.987],[-8.049,41.816],[-8.222,42.154],[-8.751,41.969]]]},"properties":{"iso2":"PT"}},
{"type":"Feature","geometry":{"type":"Polygon","coordinates":[[[26.618,48.259],[27.048,48.122],[27.272,47.715],[28.037,47.016],[28.246,46.428],[28.086,46.001],[28.199,45.462],[28.932,45.993],[28.946,46.455],[29.727,46.456],[29.557,47.324],[29.117,47.533],[29.124,47.976],[27.752,48.452],[26.618,48.259]]]},"properties":{"iso2":"MD"}},
{"type":"Feature","geometry":{"type":"Polygon","coordinates":[[[55.978,41.322],[55.43,41.291],[54.738,42.048],[54.047,42.345],[52.979,42.127],[52.438,41.749],[53.122,42.09],[53.897,42.079],[54.041,41.535],[54.6,41.192],[54.64,40.839],[53.721,40.626],[53.107,40.774],[52.737,40.485],[52.884,39.945],[53.567,39.95],[53.364,39.538],[53.978,38.902],[53.827,38.525],[53.914,37.343],[54.784,37.517],[55.423,38.076],[57.038,38.187],[57.352,37.968],[58.861,37.668],[59.352,37.494],[59.509,37.19],[60.019,37.026],[60.342,36.637],[61.075,36.648],[61.27,35.618],[62.621,35.223],[63.08,35.437],[63.343,35.856],[64.266,36.152],[64.606,36.461],[64.76,37.093],[65.501,37.242],[65.669,37.521],[66.52,37.364],[66.554,38.027],[65.604,38.237],[64.337,38.971],[64.121,38.962],[62.453,40.009],[62.353,40.43],[61.878,41.125],[60.415,41.235],[59.866,42.304],[59.478,42.286],[58.612,42.781],[56.95,41.866],[57.01,41.254],[55.978,41.322]]]},"properties":{"iso2":"TM"}},
{"type":"Feature","geometry":{"type":"Polygon","coordinates":[[[35.561,32.385],[35.458,31.492],[35.438,31.104],[35.14,30.43],[34.956,29.559],[34.949,29.352],[36.016,29.19],[36.756,29.866],[37.47,29.995],[37.981,30.499],[36.96,31.491],[38.963,31.994],[39.146,32.118],[38.775,33.372],[36.819,32.317],[36.373,32.386],[35.758,32.744],[35.561,32.385]]]},"properties":{"iso2":"JO"}},
{"type":"Feature","geometry":{"type":"Polygon","coordinates":[[[88.118,27.861],[87.156,27.826],[86.662,28.107],[85.98,27.885],[85.675,28.306],[85.08,28.319],[84.235,28.9],[84.099,29.247],[83.517,29.192],[83.162,29.625],[82.837,29.66],[81.592,30.414],[80.996,30.197],[80.369,29.758],[80.036,28.837],[81.146,28.372],[81.307,28.124],[82.052,27.905],[82.752,27.495],[84.577,27.329],[84.802,27.014],[85.822,26.572],[86.284,26.612],[87.326,26.353],[88.074,26.454],[87.971,27.103],[88.118,27.861]]]},"properties":{"iso2":"NP"}},
{"type":"Feature","geometry":{"type":"Polygon","coordinates":[[[28.981,-28.909],[28.667,-28.597],[27.747,-28.909],[27.242,-29.549],[27.015,-29.626],[27.366,-30.311],[28.055,-30.65],[28.364,-30.159],[29.144,-29.92],[29.436,-29.342],[28.981,-28.909]]]},"properties":{"iso2":"LS"}},
{"type":"Feature","geometry":{"type":"Polygon","coordinates":[[[16.197,2.236],[16.092,2.863],[15.171,3.759],[15.001,4.403],[14.717,4.622],[14.524,5.28],[14.719,6.258],[15.224,7.248],[15.481,7.523],[15.184,8.479],[14.35,9.168],[13.948,9.638],[14.182,9.978],[14.732,9.924],[15.536,10.081],[15.066,10.793],[15.136,11.531],[14.831,12.618],[14.418,13.081],[14.065,13.078],[14.18,12.386],[14.67,12.167],[14.594,11.496],[13.982,11.276],[13.248,10.079],[13.195,9.542],[12.862,9.383],[12.806,8.832],[12.25,8.419],[12.198,7.975],[11.51,6.612],[11.056,6.7],[10.603,7.058],[10.119,6.994],[8.856,5.847],[8.799,5.16],[8.594,4.815],[8.872,4.602],[8.971,4.101],[9.412,3.902],[9.903,3.273],[9.8,2.342],[9.991,2.166],[11.322,2.166],[11.352,2.301],[13.295,2.161],[14.562,2.209],[15.092,1.984],[15.765,1.909],[16.197,2.236]]]},"properties":{"iso2":"CM"}},
{"type":"Feature","geometry":{"type":"Polygon","coordinates":[[[13.295,2.161],[11.352,2.301],[11.322,2.166],[11.336,0.999],[9.804,0.998],[9.309,0.614],[9.498,0.291],[9.267,-0.412],[8.8,-0.734],[9.244,-1.786],[9.902,-2.7],[10.635,-3.314],[11.114,-3.937],[11.213,-3.697],[11.828,-3.548],[11.558,-2.349],[12.459,-2.33],[12.423,-1.898],[12.805,-1.919],[13.011,-2.288],[13.361,-2.429],[13.771,-2.119],[14.227,-2.323],[14.482,-1.389],[14.499,-0.631],[13.921,-0.053],[13.871,0.196],[14.468,0.913],[14.184,1.381],[13.795,1.434],[13.25,1.222],[13.13,1.592],[13.295,2.161]]]},"properties":{"iso2":"GA"}},
{"type":"Feature","geometry":{"type":"Polygon","coordinates":[[[11.969,23.517],[9.723,22.193],[7.483,20.873],[5.838,19.479],[4.229,19.142],[4.236,16.996],[4.184,16.416],[3.871,15.715],[3.507,15.354],[1.332,15.284],[0.974,14.991],[0.218,14.911],[0.153,14.547],[0.621,13.68],[0.951,13.583],[0.972,13.067],[1.536,12.647],[2.109,12.706],[2.071,12.307],[2.39,11.897],[2.361,12.219],[2.844,12.399],[3.596,11.696],[3.646,12.529],[4.089,12.996],[4.126,13.473],[4.507,13.695],[5.554,13.873],[6.369,13.626],[6.907,13.007],[7.756,13.327],[8.078,13.31],[8.679,12.924],[9.641,12.823],[9.93,13.146],[10.675,13.375],[11.44,13.364],[12.473,13.064],[12.884,13.496],[13.607,13.704],[13.449,14.38],[14.369,15.75],[15.452,16.876],[15.736,19.904],[15.954,20.375],[15.18,21.507],[14.98,22.996],[14.232,22.618],[13.482,23.18],[11.969,23.517]]]},"properties":{"iso2":"NE"}},
{"type":"Feature","geometry":{"type":"Polygon","coordinates":[[[-2.689,9.489],[-2.933,10.634],[-2.751,10.986],[-0.516,10.989],[-0.166,11.135],[0.901,10.993],[1.434,11.459],[2.011,11.427],[2.39,11.897],[2.071,12.307],[2.109,12.706],[1.536,12.647],[0.972,13.067],[0.951,13.583],[0.621,13.68],[0.153,14.547],[0.218,14.911],[-0.753,15.07],[-1.697,14.496],[-2.023,14.199],[-2.462,14.281],[-2.841,14.043],[-3.249,13.293],[-3.597,13.199],[-3.984,13.396],[-4.406,12.307],[-4.807,11.996],[-5.168,11.944],[-5.218,11.422],[-5.523,10.425],[-5.112,10.279],[-4.966,9.901],[-4.27,9.744],[-3.662,9.949],[-3.137,9.83],[-2.689,9.489]]]},"properties":{"iso2":"BF"}},
{"type":"Feature","geometry":{"type":"Polygon","coordinates":[[[0.901,10.993],[-0.166,11.135],[-0.088,10.633],[0.367,10.304],[0.355,9.571],[0.538,9.378],[0.366,8.774],[0.616,8.489],[0.646,7.324],[0.519,6.832],[0.767,6.419],[1.185,6.1],[1.62,6.214],[1.601,9.05],[1.425,9.284],[1.331,9.996],[0.769,10.367],[0.901,10.993]]]},"properties":{"iso2":"TG"}},
{"type":"Feature","geometry":{"type":"Polygon","coordinates":[[[-2.844,5.149],[-2.091,4.737],[-1.569,5.019],[-0.8,5.215],[0.322,5.779],[0.995,5.839],[1.185,6.1],[0.767,6.419],[0.519,6.832],[0.646,7.324],[0.616,8.489],[0.366,8.774],[0.538,9.378],[0.355,9.571],[0.367,10.304],[-0.088,10.633],[-0.166,11.135],[-0.516,10.989],[-2.751,10.986],[-2.933,10.634],[-2.689,9.489],[-2.506,8.209],[-2.84,7.82],[-3.263,6.617],[-2.844,5.149]]]},"properties":{"iso2":"GH"}},
{"type":"Feature","geometry":{"type":"Polygon","coordinates":[[[-13.728,12.673],[-15.195,12.679],[-15.677,12.439],[-16.728,12.333],[-15.97,11.768],[-15.585,11.851],[-15.41,11.19],[-15.021,10.967],[-14.687,11.511],[-13.73,11.71],[-13.728,12.673]]]},"properties":{"iso2":"GW"}},
{"type":"Feature","geometry":{"type":"MultiPolygon","coordinates":[[[[-122.753,48.993],[-122.44,48.581],[-122.792,48.083],[-124.735,48.17],[-124.423,47.742],[-123.898,46.442],[-123.971,45.154],[-124.151,43.882],[-124.548,42.845],[-124.062,41.436],[-124.364,40.261],[-123.854,39.834],[-123.648,38.85],[-122.975,38.266],[-122.404,37.195],[-121.79,36.806],[-121.896,36.314],[-120.645,35.139],[-120.473,34.45],[-119.617,34.421],[-118.937,34.043],[-118.544,34.039],[-117.509,33.335],[-117.125,32.532],[-114.724,32.713],[-114.822,32.5],[-112.325,31.728],[-111.067,31.334],[-108.215,31.327],[-108.215,31.778],[-106.517,31.774],[-105.364,30.85],[-105.008,30.677],[-104.531,29.668],[-104.057,29.339],[-103.148,28.985],[-102.683,29.744],[-102.302,29.889],[-101.409,29.766],[-100.669,29.116],[-100.284,28.297],[-99.507,27.574],[-99.462,27.057],[-99.085,26.408],[-98.223,26.075],[-97.139,25.966],[-97.311,26.123],[-97.55,27.009],[-97.025,28.041],[-96.205,28.587],[-95.602,28.764],[-94.889,29.376],[-94.06,29.682],[-93.2,29.773],[-92.276,29.534],[-91.685,29.753],[-91.229,29.239],[-90.706,29.12],[-90.08,29.175],[-89.457,29.829],[-90.339,30.066],[-90.222,30.388],[-89.708,30.175],[-88.928,30.442],[-87.786,30.237],[-87.157,30.475],[-86.365,30.381],[-85.671,30.123],[-85.308,29.693],[-84.887,29.73],[-84.27,30.093],[-83.681,29.921],[-83.405,29.532],[-82.644,28.9],[-82.842,27.829],[-82.314,26.849],[-81.856,26.449],[-81.801,26.099],[-81.322,25.783],[-81.087,25.121],[-80.427,25.222],[-80.129,25.888],[-80.038,26.811],[-80.738,28.373],[-80.609,28.61],[-81.256,29.789],[-81.499,30.704],[-81.364,31.416],[-80.888,32.069],[-79.203,33.193],[-78.938,33.642],[-78.559,33.869],[-77.911,33.958],[-77.833,34.207],[-77.202,34.651],[-76.658,34.722],[-76.442,35.404],[-76.15,35.347],[-75.722,35.829],[-75.989,36.912],[-76.379,37.272],[-76.221,38.344],[-75.814,38.135],[-75.154,38.241],[-75.058,38.553],[-75.394,39.056],[-74.746,39.055],[-74.168,39.699],[-73.972,40.328],[-74.283,40.497],[-73.635,41.007],[-72.779,41.27],[-71.498,41.366],[-70.533,41.816],[-70.784,42.26],[-70.815,42.87],[-70.239,43.7],[-69.263,43.93],[-68.987,44.421],[-67.9,44.422],[-66.977,44.816],[-67.176,45.179],[-67.773,45.828],[-67.805,47.036],[-68.197,47.341],[-68.906,47.19],[-69.268,47.44],[-70.008,46.704],[-70.407,45.732],[-71.504,45.014],[-74.713,44.999],[-75.27,44.864],[-76.455,44.084],[-76.842,43.626],[-78.688,43.632],[-79.174,43.465],[-79.019,42.803],[-80.247,42.365],[-81.277,42.209],[-82.425,41.677],[-83.068,41.848],[-83.129,42.24],[-82.511,42.647],[-82.154,43.55],[-82.532,45.294],[-84.589,46.475],[-84.879,46.898],[-88.347,48.299],[-89.34,47.984],[-90.179,48.116],[-91.428,48.036],[-92.649,48.536],[-94.593,48.726],[-95.177,48.993],[-98.474,48.993],[-102.87,48.993],[-105.948,48.993],[-108.146,48.993],[-110.564,48.993],[-114.52,48.993],[-116.499,48.993],[-119.576,48.993],[-122.753,48.993]]],[[[-141.006,69.651],[-143.236,70.118],[-144.942,69.978],[-147.124,70.168],[-149.344,70.51],[-151.98,70.449],[-152.546,70.888],[-154.539,70.826],[-156.817,71.306],[-158.043,70.837],[-159.357,70.76],[-160.861,70.347],[-162.015,70.277],[-162.95,69.79],[-163.156,69.359],[-164.346,68.929],[-166.237,68.875],[-166.548,68.359],[-164.151,67.62],[-163.688,67.103],[-162.435,66.991],[-161.607,66.454],[-161.916,66.042],[-163.68,66.079],[-163.986,66.612],[-164.718,66.556],[-167.346,65.899],[-168.081,65.591],[-166.75,65.062],[-166.19,64.585],[-165.036,64.448],[-164.342,64.59],[-162.607,64.507],[-161.422,64.774],[-161.035,64.508],[-160.792,63.747],[-162.087,63.452],[-163.094,63.057],[-164.579,63.141],[-166.2,61.595],[-164.669,60.826],[-164.989,60.341],[-163.615,59.801],[-162.526,59.998],[-161.714,59.501],[-161.974,59.131],[-161.357,58.726],[-160.352,59.071],[-159.385,58.756],[-159.051,58.425],[-157.084,58.887],[-157.503,58.464],[-157.71,57.569],[-158.945,56.843],[-160.369,56.277],[-160.521,55.935],[-161.826,55.88],[-163.041,55.099],[-162.878,54.939],[-160.478,55.495],[-158.318,56.175],[-158.355,56.471],[-157.189,56.776],[-156.346,57.178],[-156.339,57.415],[-155.394,57.726],[-155.023,58.026],[-154.166,58.217],[-153.332,58.934],[-154.198,59.077],[-154.076,59.381],[-152.738,59.908],[-151.747,60.917],[-150.634,61.299],[-151.883,59.787],[-151.742,59.167],[-150.326,59.476],[-149.341,60.022],[-148.402,59.991],[-147.942,60.443],[-148.306,60.896],[-146.511,60.819],[-145.692,60.657],[-143.919,59.997],[-142.798,60.112],[-140.323,59.701],[-138.185,59.026],[-137.519,58.565],[-136.598,58.223],[-135.841,58.528],[-134.498,58.354],[-133.573,57.716],[-133.391,57.335],[-131.971,56.356],[-130.89,55.715],[-130.934,54.824],[-130.365,54.907],[-129.989,55.284],[-130.02,55.908],[-132.107,56.859],[-132.032,57.028],[-133.463,58.462],[-134.222,58.843],[-135.483,59.792],[-136.258,59.622],[-136.467,59.288],[-137.423,58.908],[-137.611,59.239],[-139.182,60.073],[-141.001,60.321],[-141.002,61.633],[-141.003,64.549],[-141.004,66.59],[-141.006,69.651]]],[[[-131.977,54.832],[-131.994,55.268],[-132.736,55.997],[-133.213,55.279],[-131.977,54.832]]],[[[-133.913,57.083],[-133.659,56.464],[-133.148,56.462],[-132.98,56.935],[-133.913,57.083]]],[[[-134.621,56.744],[-134.995,57.398],[-135.673,57.35],[-135.368,56.829],[-134.621,56.744]]],[[[-152.161,57.627],[-152.486,57.911],[-153.925,57.81],[-154.81,57.347],[-153.963,56.748],[-153.253,57.237],[-152.161,57.627]]],[[[-135.848,57.394],[-134.814,57.497],[-134.925,58.027],[-135.814,58.274],[-136.395,57.886],[-135.848,57.394]]],[[[-71.919,41.065],[-73.486,40.946],[-73.707,40.583],[-72.605,40.801],[-71.919,41.065]]],[[[-154.9,19.567],[-155.332,20.047],[-155.824,20.02],[-156.06,19.731],[-155.878,19.029],[-154.982,19.339],[-154.9,19.567]]],[[[-165.582,59.951],[-165.684,60.3],[-166.459,60.387],[-167.19,60.028],[-166.244,59.808],[-165.582,59.951]]],[[[-168.741,63.281],[-169.55,63.363],[-170.297,63.696],[-170.856,63.46],[-169.716,63.025],[-168.741,63.281]]]]},"properties":{"iso2":"US"}},
{"type":"Feature","geometry":{"type":"MultiPolygon","coordinates":[[[[-74.713,44.999],[-73.962,45.354],[-72.994,46.211],[-71.881,46.691],[-71.354,46.739],[-70.715,47.118],[-69.932,47.773],[-69.07,48.756],[-68.122,49.271],[-67.376,49.339],[-67.131,49.831],[-66.543,50.216],[-62.852,50.294],[-61.846,50.22],[-60.064,50.254],[-58.948,51.042],[-57.25,51.508],[-56.967,51.425],[-55.685,52.112],[-56.059,52.766],[-55.747,53.146],[-56.036,53.58],[-57.153,53.74],[-57.357,54.139],[-58.012,54.24],[-59.077,53.687],[-60.042,53.48],[-60.108,53.758],[-58.975,53.972],[-58.186,54.359],[-57.847,54.739],[-58.681,54.819],[-59.008,55.154],[-60.287,55.233],[-60.355,55.575],[-61.345,55.969],[-61.83,56.377],[-61.89,57.625],[-62.661,58.176],[-62.579,58.504],[-64.148,59.683],[-64.417,60.26],[-64.849,60.366],[-65.407,59.417],[-66.109,58.779],[-67.649,58.252],[-68.787,58.922],[-69.452,58.895],[-69.77,59.971],[-69.72,60.684],[-70.11,61.06],[-71.395,61.15],[-71.652,61.65],[-73.671,62.482],[-74.417,62.253],[-75.83,62.313],[-77.491,62.588],[-78.155,62.297],[-77.708,61.616],[-78.166,60.868],[-77.283,60.027],[-78.474,58.72],[-77.079,57.961],[-76.589,57.271],[-76.659,56.073],[-77.113,55.675],[-78.392,55.028],[-79.676,54.694],[-79.129,54.107],[-78.783,52.872],[-78.521,52.481],[-78.841,51.842],[-79.701,51.385],[-80.43,51.357],[-80.595,51.711],[-81.391,52.128],[-81.564,52.456],[-82.301,52.968],[-82.126,53.812],[-82.431,54.228],[-82.201,54.834],[-82.458,55.141],[-83.929,55.327],[-85.127,55.303],[-85.683,55.587],[-87.622,56.096],[-87.98,56.443],[-88.921,56.853],[-91.031,57.265],[-92.223,57.021],[-93.19,58.76],[-94.399,58.712],[-94.807,59.018],[-94.712,60.266],[-93.502,61.856],[-92.593,62.239],[-92.454,62.794],[-91.442,62.787],[-90.644,63.069],[-90.975,63.579],[-89.813,63.96],[-88.735,63.972],[-88.044,64.184],[-86.938,65.142],[-87.381,65.33],[-85.857,66.163],[-85.268,66.287],[-83.691,66.199],[-81.527,66.996],[-81.238,67.461],[-82.088,67.9],[-82.37,68.356],[-81.267,68.639],[-82.237,69.235],[-82.576,69.674],[-84.34,69.86],[-85.333,69.791],[-85.22,69.133],[-85.902,68.054],[-86.502,67.379],[-87.328,67.173],[-88.374,67.976],[-87.792,68.331],[-88.023,68.809],[-89.332,69.249],[-90,68.379],[-91.11,69.513],[-92.471,69.698],[-91.545,70.145],[-92.908,70.902],[-92.991,71.357],[-94.549,72.002],[-95.225,71.95],[-95.658,71.291],[-96.616,70.826],[-96.486,70.097],[-94.322,69.453],[-94.636,68.756],[-93.73,68.612],[-94.861,68.031],[-96.465,67.55],[-96.398,68.171],[-97.26,68.469],[-98.192,68.308],[-97.061,67.68],[-98.915,67.712],[-100.717,67.847],[-101.529,67.68],[-103.366,68.019],[-104.484,68.034],[-105.536,68.45],[-106.197,68.944],[-108.281,68.622],[-108.599,67.625],[-110.421,67.948],[-112.421,67.682],[-113.859,67.696],[-115.534,67.934],[-114.201,68.572],[-114.988,68.867],[-116.208,68.831],[-118.041,69.025],[-120.279,69.408],[-121.428,69.767],[-122.951,69.839],[-125.032,69.747],[-125.939,69.414],[-127.136,70.253],[-129.174,69.832],[-130.324,70.14],[-133.632,69.399],[-134.41,69.657],[-135.838,69.309],[-136.068,68.885],[-137.191,68.948],[-139.144,69.514],[-141.006,69.651],[-141.004,66.59],[-141.003,64.549],[-141.002,61.633],[-141.001,60.321],[-139.182,60.073],[-137.611,59.239],[-137.423,58.908],[-136.467,59.288],[-136.258,59.622],[-135.483,59.792],[-134.222,58.843],[-133.463,58.462],[-132.032,57.028],[-132.107,56.859],[-130.02,55.908],[-129.958,55.274],[-130.458,54.349],[-129.335,53.397],[-128.547,53.136],[-128.243,52.559],[-127.801,52.256],[-127.777,51.167],[-127.022,50.822],[-126.179,50.853],[-126.242,50.501],[-125.391,50.497],[-124.605,50.233],[-124.732,49.954],[-123.964,49.521],[-122.753,48.993],[-119.576,48.993],[-116.499,48.993],[-114.52,48.993],[-110.564,48.993],[-108.146,48.993],[-105.948,48.993],[-102.87,48.993],[-98.474,48.993],[-95.177,48.993],[-94.593,48.726],[-92.649,48.536],[-91.428,48.036],[-90.179,48.116],[-89.34,47.984],[-88.347,48.299],[-84.879,46.898],[-84.589,46.475],[-82.532,45.294],[-82.154,43.55],[-82.511,42.647],[-83.129,42.24],[-83.068,41.848],[-82.425,41.677],[-81.277,42.209],[-80.247,42.365],[-79.019,42.803],[-79.174,43.465],[-78.688,43.632],[-76.842,43.626],[-76.455,44.084],[-75.27,44.864],[-74.713,44.999]]],[[[-67.176,45.179],[-66.746,45.065],[-65.909,45.21],[-65.315,45.459],[-64.388,45.367],[-65.786,44.696],[-66.21,44.106],[-66.122,43.744],[-65.463,43.528],[-64.561,44.08],[-64.354,44.456],[-63.716,44.456],[-62.552,44.868],[-61.071,45.224],[-61.471,45.683],[-62.47,45.614],[-63.806,45.889],[-64.514,46.239],[-64.906,46.887],[-64.826,47.815],[-65.286,48.013],[-64.329,48.42],[-64.221,48.894],[-64.613,49.123],[-65.566,49.266],[-66.622,49.123],[-68.206,48.642],[-69.054,48.232],[-70.535,47.011],[-73.14,46.058],[-73.557,45.414],[-74.713,44.999],[-71.504,45.014],[-70.407,45.732],[-70.008,46.704],[-69.268,47.44],[-68.906,47.19],[-68.197,47.341],[-67.805,47.036],[-67.773,45.828],[-67.176,45.179]]],[[[-52.629,47.527],[-53.114,47.431],[-53.847,47.707],[-53.639,48.169],[-53.924,48.918],[-53.454,49.242],[-54.041,49.481],[-55.223,49.265],[-55.939,49.61],[-55.723,49.931],[-56.149,50.156],[-56.739,50.027],[-55.492,51.388],[-56.106,51.529],[-56.72,51.319],[-57.457,50.483],[-58.703,48.555],[-59.399,47.88],[-59.112,47.561],[-58.098,47.695],[-56.777,47.533],[-55.968,47.76],[-55.251,46.919],[-54.866,47.38],[-54.013,47.807],[-53.573,47.162],[-53.623,46.656],[-52.941,46.791],[-52.629,47.527]]],[[[-131.113,52.172],[-131.661,52.542],[-131.904,53.241],[-132.504,53.04],[-131.38,52.203],[-131.113,52.172]]],[[[-132.579,53.207],[-132.008,53.254],[-131.693,53.992],[-133.041,54.165],[-133.144,53.897],[-132.579,53.207]]],[[[-95.215,68.862],[-97.925,69.896],[-98.411,69.353],[-99.417,68.89],[-96.296,68.48],[-95.215,68.862]]],[[[-100.872,69.808],[-102.409,70.426],[-103.538,70.6],[-104.591,71.073],[-104.38,71.6],[-105.039,72.114],[-105.333,72.751],[-106.823,73.31],[-108.298,73.134],[-107.718,72.303],[-110.076,72.996],[-110.729,72.571],[-113.962,73.123],[-114.584,73.385],[-117.369,72.918],[-118.593,72.429],[-119.051,71.627],[-117.551,71.374],[-118.386,71.022],[-117.585,70.606],[-115.581,70.58],[-113.988,70.716],[-112.144,70.494],[-112.586,70.2],[-114.185,70.316],[-116.965,70.129],[-117.442,69.989],[-115.975,69.3],[-113.584,69.201],[-113.656,68.8],[-112.583,68.51],[-111.251,68.52],[-108.952,68.742],[-107.335,69.026],[-106.584,69.504],[-105.886,69.176],[-103.383,68.782],[-101.965,68.97],[-102.055,69.484],[-100.872,69.808]]],[[[-72.949,66.735],[-74.345,66.226],[-73.718,65.775],[-74.503,65.343],[-75.757,65.214],[-76.677,65.411],[-77.964,65.052],[-78.185,64.587],[-77.758,64.343],[-76.728,64.296],[-74.713,64.382],[-73.452,64.591],[-72.318,63.679],[-71.373,63.049],[-68.554,62.25],[-67.401,62.15],[-66.274,61.858],[-65.93,62.198],[-67.198,62.877],[-68.147,63.161],[-68.496,63.74],[-66.519,63.077],[-65.666,62.912],[-65.17,62.568],[-64.484,63.288],[-64.676,63.74],[-65.726,64.515],[-65.824,64.883],[-66.649,64.97],[-67.17,65.933],[-66.961,66.541],[-65.503,65.767],[-64.902,65.282],[-63.498,65.371],[-62.594,65.664],[-61.27,66.605],[-62.004,67.037],[-62.905,66.973],[-63.888,67.242],[-64.72,67.985],[-66.214,68.005],[-68.133,68.837],[-67.115,69.729],[-68.362,70.584],[-70.516,70.937],[-72.473,71.647],[-73.254,71.33],[-75.063,72.128],[-75.198,72.498],[-77.601,72.756],[-79.283,72.394],[-80.558,72.628],[-80.643,73.17],[-81.528,73.716],[-82.831,73.737],[-84.837,73.389],[-85.702,72.635],[-86.699,72.816],[-84.952,73.668],[-86.714,73.847],[-89.051,73.252],[-90.105,71.916],[-89.449,70.908],[-87.853,70.238],[-87.031,70.468],[-85.783,69.995],[-83.052,70.01],[-82.126,69.818],[-81.072,70.099],[-78.888,69.894],[-77.683,70.184],[-77.038,69.606],[-75.687,69.287],[-73.728,68.314],[-72.988,68.173],[-72.351,67.119],[-72.949,66.735]]],[[[-115.324,73.509],[-116.867,74.088],[-118.066,74.281],[-120.157,74.279],[-121.581,74.556],[-124.756,74.349],[-123.774,73.766],[-124.86,73.09],[-124.49,72.925],[-125.752,72.148],[-124.065,71.7],[-123.1,71.085],[-120.635,71.491],[-120.197,72.217],[-119.164,72.63],[-115.324,73.509]]],[[[-123.321,48.496],[-123.813,49.119],[-124.795,49.473],[-125.436,50.314],[-127.199,50.621],[-128.077,50.87],[-128.32,50.61],[-127.142,49.867],[-126.65,49.898],[-126.573,49.414],[-126.076,49.384],[-125.736,49.053],[-124.665,48.573],[-123.555,48.328],[-123.321,48.496]]],[[[-82.191,62.986],[-83.52,62.826],[-83.907,62.491],[-83.135,62.177],[-81.957,62.698],[-82.191,62.986]]],[[[-80.183,63.768],[-81.771,64.512],[-84.098,65.21],[-85.201,65.809],[-86.028,65.665],[-86.406,64.439],[-86.193,64.103],[-87.224,63.66],[-85.617,63.675],[-85.635,63.243],[-84.59,63.315],[-83.634,63.771],[-82.534,63.973],[-81.019,63.45],[-80.183,63.768]]],[[[-75.034,68.173],[-76.689,68.263],[-77.323,67.708],[-76.982,67.243],[-75.889,67.258],[-75.065,67.552],[-75.034,68.173]]],[[[-104.681,73.63],[-106.6,73.711],[-107.039,73.484],[-105.202,72.945],[-104.681,73.63]]],[[[-80.903,73.607],[-79.949,72.847],[-76.319,72.817],[-76.272,73.102],[-78.139,73.669],[-80.903,73.607]]],[[[-96.321,72.467],[-97.661,73.037],[-97.57,73.894],[-99.218,73.739],[-100.886,73.832],[-101.562,73.469],[-100.111,73.033],[-100.431,72.74],[-102.614,72.661],[-101.84,72.326],[-100.637,72.186],[-99.235,71.35],[-96.56,71.84],[-96.321,72.467]]],[[[-90.291,73.923],[-93.273,74.178],[-95.249,74.01],[-95.613,73.596],[-95.593,72.699],[-95.145,71.966],[-94.088,72.064],[-93.403,72.794],[-91.858,72.848],[-90.291,73.923]]],[[[-93.437,74.944],[-94.394,75.604],[-95.791,75.501],[-96.605,75.065],[-94.724,74.632],[-93.437,74.944]]],[[[-97.425,75.52],[-97.665,76.486],[-100.27,76.65],[-102.035,76.413],[-101.589,75.925],[-100.223,75.667],[-100.33,75.014],[-98.035,75.026],[-97.425,75.52]]],[[[-105.395,75.674],[-105.76,75.99],[-107.858,76.066],[-109.184,76.822],[-110.397,76.397],[-109.542,76.189],[-108.896,75.492],[-111.361,75.715],[-112.432,76.171],[-113.963,76.191],[-115.512,76.456],[-117.675,75.293],[-113.693,74.444],[-112.437,74.414],[-109.582,74.858],[-106.009,75.057],[-105.395,75.674]]],[[[-79.56,74.992],[-79.501,75.392],[-81.113,75.779],[-83.918,75.815],[-86.196,75.415],[-88.245,75.478],[-90.188,76.068],[-91.441,76.694],[-95.771,77.077],[-96.851,76.93],[-95.823,76.399],[-93.128,76.37],[-92.004,75.602],[-92.504,75.218],[-91.621,74.712],[-89.949,74.533],[-87.644,74.458],[-81.789,74.458],[-80.542,74.564],[-79.56,74.992]]],[[[-119.317,76.2],[-115.893,76.698],[-117.231,77.286],[-118.821,77.361],[-122.862,76.182],[-119.863,75.859],[-119.317,76.2]]],[[[-109.604,78.074],[-113.241,77.905],[-112.109,77.326],[-110.235,77.504],[-109.604,78.074]]],[[[-96.91,77.795],[-95.061,77.973],[-94.828,78.364],[-97.451,78.797],[-98.36,78.452],[-96.91,77.795]]],[[[-105.607,79.104],[-103.384,78.775],[-103.497,78.507],[-99.017,77.894],[-99.558,78.599],[-103.722,79.363],[-105.607,79.104]]],[[[-96.623,80.044],[-95.646,79.394],[-92.58,79.385],[-94.272,78.968],[-92.953,78.437],[-90.884,78.145],[-88.77,78.186],[-87.859,78.693],[-84.919,79.296],[-86.971,79.882],[-87.701,80.413],[-90.639,80.569],[-92.237,81.256],[-95.232,81.015],[-96.623,80.044]]],[[[-61.085,82.331],[-69.483,83.046],[-79.34,82.976],[-82.712,82.381],[-85.762,82.467],[-86.965,82.052],[-91.709,81.734],[-89.826,81.013],[-86.438,80.32],[-86.45,79.754],[-84.33,79.192],[-87.482,78.452],[-88.181,77.801],[-87.475,77.111],[-89.537,76.857],[-89.17,76.424],[-85.249,76.316],[-84.235,76.447],[-80.772,76.42],[-78.141,76.527],[-79.432,77.239],[-78.289,77.378],[-77.981,77.817],[-75.582,78.113],[-74.469,79.227],[-71.142,79.789],[-68.279,80.76],[-64.692,81.391],[-64.373,81.725],[-61.085,82.331]]],[[[-60.081,45.792],[-59.882,46.177],[-60.351,46.312],[-60.311,46.854],[-60.603,47.034],[-61.541,46.04],[-61.335,45.566],[-60.727,45.566],[-60.081,45.792]]],[[[-64.319,49.791],[-63.587,49.39],[-62.248,49.068],[-61.883,49.354],[-63.375,49.829],[-64.319,49.791]]]]},"properties":{"iso2":"CA"}},
{"type":"Feature","geometry":{"type":"Polygon","coordinates":[[[-89.16,17.814],[-88.88,17.888],[-88.489,18.485],[-88.304,18.481],[-87.771,18.406],[-87.423,19.558],[-87.444,20.191],[-86.742,21.164],[-87.238,21.443],[-87.962,21.6],[-89.786,21.285],[-90.36,21],[-90.478,19.922],[-90.73,19.376],[-91.431,18.88],[-91.544,18.449],[-91.948,18.691],[-92.681,18.623],[-94.207,18.19],[-94.581,18.19],[-95.208,18.709],[-95.852,18.717],[-96.278,19.315],[-96.456,19.869],[-97.151,20.647],[-97.761,22.096],[-97.889,22.625],[-97.651,24.516],[-97.139,25.966],[-98.223,26.075],[-99.085,26.408],[-99.462,27.057],[-99.507,27.574],[-100.284,28.297],[-100.669,29.116],[-101.409,29.766],[-102.302,29.889],[-102.683,29.744],[-103.148,28.985],[-104.057,29.339],[-104.531,29.668],[-105.008,30.677],[-105.364,30.85],[-106.517,31.774],[-108.215,31.778],[-108.215,31.327],[-111.067,31.334],[-112.325,31.728],[-114.822,32.5],[-114.724,32.713],[-117.125,32.532],[-116.676,31.553],[-116.068,30.813],[-115.698,29.756],[-114.972,29.378],[-114.043,28.458],[-114.173,27.827],[-114.923,27.836],[-114.488,27.238],[-113.061,26.599],[-112.343,26.178],[-112.076,25.713],[-112.088,24.773],[-111.679,24.586],[-110.307,23.541],[-110.098,23.018],[-109.532,23.108],[-109.476,23.56],[-110.173,24.253],[-110.562,24.213],[-110.657,24.807],[-111.307,25.779],[-111.56,26.696],[-112.017,26.979],[-112.373,27.564],[-112.773,27.864],[-112.902,28.475],[-113.479,28.946],[-113.771,29.408],[-114.392,29.783],[-114.66,30.183],[-114.853,31.527],[-114.585,31.761],[-114.159,31.495],[-113.049,31.157],[-113.129,30.812],[-112.151,28.963],[-111.251,28.052],[-110.587,27.837],[-110.555,27.385],[-109.917,27.06],[-109.856,26.801],[-109.256,26.498],[-109.441,25.793],[-108.451,25.269],[-107.995,24.648],[-107.036,23.981],[-106.43,23.23],[-105.8,22.638],[-105.632,21.956],[-105.185,21.443],[-105.362,20.763],[-105.699,20.407],[-105.017,19.368],[-103.98,18.875],[-103.498,18.333],[-102.191,17.916],[-101.008,17.253],[-99.992,16.91],[-99.741,16.731],[-98.857,16.528],[-97.773,15.979],[-97.266,15.936],[-96.556,15.659],[-95.434,15.975],[-94.852,16.429],[-94.128,16.221],[-92.824,15.173],[-92.246,14.546],[-92.205,15.29],[-91.724,16.069],[-90.486,16.071],[-90.399,16.348],[-91.067,16.918],[-90.991,17.802],[-89.16,17.814]]]},"properties":{"iso2":"MX"}},
{"type":"Feature","geometry":{"type":"Polygon","coordinates":[[[-88.914,15.894],[-88.536,16.274],[-88.215,16.967],[-88.283,17.58],[-88.092,18.118],[-88.304,18.481],[-88.489,18.485],[-88.88,17.888],[-89.16,17.814],[-89.237,15.894],[-88.914,15.894]]]},"properties":{"iso2":"BZ"}},
{"type":"Feature","geometry":{"type":"Polygon","coordinates":[[[-82.898,8.035],[-82.659,8.323],[-82.28,8.343],[-81.711,8.13],[-81.526,7.711],[-80.946,7.556],[-80.873,7.213],[-79.995,7.503],[-80.456,8.036],[-79.774,8.58],[-79.482,8.998],[-78.758,8.829],[-78.303,8.454],[-78.431,8.077],[-77.896,7.235],[-77.82,7.477],[-77.34,7.707],[-77.201,7.982],[-77.374,8.665],[-78.025,9.226],[-78.438,9.404],[-79.551,9.629],[-79.909,9.308],[-80.822,8.891],[-81.539,8.813],[-81.762,9.064],[-82.246,9.014],[-82.574,9.576],[-82.944,9.437],[-82.749,8.974],[-82.898,8.035]]]},"properties":{"iso2":"PA"}},
{"type":"Feature","geometry":{"type":"Polygon","coordinates":[[[-60.021,8.558],[-60.985,8.571],[-60.984,9.167],[-60.784,9.339],[-61.439,9.818],[-61.877,9.824],[-62.831,10.407],[-62.72,10.76],[-64.143,10.48],[-64.748,10.107],[-65.17,10.097],[-65.868,10.31],[-66.125,10.602],[-66.542,10.633],[-67.941,10.466],[-68.242,10.578],[-68.418,11.179],[-68.863,11.453],[-69.624,11.468],[-70.018,12.199],[-70.297,11.872],[-70.18,11.376],[-71.458,10.975],[-71.526,10.545],[-71.042,9.761],[-71.056,9.364],[-71.515,9.049],[-72.124,9.826],[-71.63,10.454],[-71.576,10.721],[-71.961,11.591],[-71.328,11.85],[-71.971,11.662],[-72.481,11.133],[-72.908,10.452],[-73.01,9.295],[-72.387,8.339],[-72.451,7.44],[-72.081,7.067],[-71.184,6.963],[-70.703,7.1],[-70.097,6.944],[-69.444,6.122],[-68.635,6.136],[-67.574,6.266],[-67.429,6.038],[-67.844,5.297],[-67.865,4.512],[-67.632,3.762],[-67.305,3.426],[-67.839,2.886],[-67.325,2.475],[-66.875,1.223],[-66.346,0.759],[-65.745,0.974],[-65.451,0.69],[-65.137,1.127],[-64.081,1.647],[-63.995,1.958],[-63.412,2.149],[-63.385,2.421],[-64.048,2.471],[-64.223,3.124],[-64.203,3.595],[-64.663,3.997],[-64.365,4.152],[-64.064,3.912],[-63.425,3.968],[-62.997,3.599],[-62.766,4.021],[-61.542,4.263],[-61.012,4.518],[-60.613,4.901],[-60.74,5.202],[-61.38,5.905],[-61.122,6.187],[-61.205,6.596],[-60.421,6.942],[-60.731,7.525],[-60.503,7.821],[-59.816,8.288],[-60.021,8.558]]]},"properties":{"iso2":"VE"}},
{"type":"Feature","geometry":{"type":"MultiPolygon","coordinates":[[[[140.977,-9.106],[142.653,-9.33],[143.406,-8.962],[142.98,-8.336],[143.592,-8.242],[144.431,-7.612],[146.103,-8.1],[146.576,-8.822],[147.762,-10.06],[149.461,-10.352],[150.067,-10.64],[150.693,-10.557],[150.197,-10.095],[149.939,-10.062],[149.183,-9.368],[149.244,-8.997],[148.559,-9.032],[148.238,-8.569],[148.114,-8.055],[147.162,-7.391],[146.977,-6.74],[147.854,-6.691],[147.827,-6.335],[147.449,-5.962],[147.042,-5.939],[146.461,-5.599],[145.727,-5.422],[145.812,-4.861],[145.346,-4.39],[145.051,-4.342],[144.513,-3.818],[143.996,-3.793],[143.478,-3.421],[142.182,-3.08],[141.276,-2.642],[140.974,-2.601],[140.976,-4.596],[140.977,-6.897],[140.977,-9.106]]],[[[155.933,-6.641],[155.452,-6.137],[155.069,-5.552],[154.756,-5.948],[155.235,-6.363],[155.361,-6.746],[155.933,-6.641]]],[[[152.418,-4.345],[151.54,-4.177],[151.696,-4.819],[151.083,-5.164],[150.719,-5.534],[149.39,-5.587],[148.43,-5.445],[148.386,-5.775],[149.629,-6.299],[150.465,-6.274],[151.209,-5.943],[151.465,-5.685],[152.099,-5.456],[152.418,-4.345]]]]},"properties":{"iso2":"PG"}},
{"type":"Feature","geometry":{"type":"Polygon","coordinates":[[[34.248,31.211],[34.2,31.314],[33.648,31.117],[32.057,31.08],[31.221,31.58],[30.741,31.406],[30.362,31.509],[29.503,30.957],[29.028,30.827],[28.405,31.086],[27.897,31.114],[27.321,31.381],[25.151,31.656],[24.861,31.38],[24.995,30.785],[24.688,30.144],[24.981,29.181],[24.981,27.667],[24.981,25.205],[24.981,21.995],[28.29,21.995],[31.248,21.994],[33.181,21.995],[34.084,21.995],[36.884,21.996],[36.198,22.652],[35.695,22.932],[35.489,23.497],[35.514,23.977],[34.014,26.612],[33.513,27.959],[34.078,27.801],[34.407,28.308],[34.887,29.49],[34.248,31.211]]]},"properties":{"iso2":"EG"}},
{"type":"Feature","geometry":{"type":"Polygon","coordinates":[[[51.979,18.996],[49.129,18.612],[48.162,18.149],[47.589,17.463],[47.428,17.092],[46.97,16.957],[46.71,17.275],[46.323,17.224],[45.165,17.428],[43.165,17.326],[43.209,16.773],[42.789,16.371],[42.699,15.717],[43.096,14.084],[43.281,13.722],[43.249,13.213],[43.473,12.847],[44.191,12.619],[44.868,12.732],[45.666,13.342],[46.701,13.43],[47.398,13.655],[48.017,14.057],[48.681,14.044],[49.078,14.506],[50.554,15.049],[51.368,15.23],[52.228,15.616],[52.293,16.264],[53.09,16.642],[52.73,17.3],[51.979,18.996]]]},"properties":{"iso2":"YE"}},
{"type":"Feature","geometry":{"type":"Polygon","coordinates":[[[-4.822,24.995],[-7.297,26.471],[-8.682,27.285],[-8.681,26.013],[-12.015,25.995],[-12.015,23.495],[-13.015,23.018],[-13.093,22.495],[-13.015,21.333],[-15.002,21.333],[-16.959,21.333],[-16.665,20.671],[-16.2,20.215],[-16.475,19.271],[-16.205,18.983],[-16.024,17.96],[-16.173,17.262],[-16.459,16.644],[-16.542,15.809],[-16.327,16.475],[-15.672,16.481],[-14.931,16.643],[-14.343,16.637],[-13.811,16.122],[-13.485,16.155],[-13.238,15.623],[-12.264,14.775],[-11.837,14.893],[-11.727,15.541],[-11.41,15.602],[-10.915,15.103],[-10.736,15.423],[-9.836,15.371],[-9.349,15.496],[-6.674,15.495],[-5.511,15.496],[-5.353,16.312],[-5.623,16.528],[-5.964,19.621],[-6.219,21.823],[-6.593,24.994],[-4.822,24.995]]]},"properties":{"iso2":"MR"}},
{"type":"Feature","geometry":{"type":"Polygon","coordinates":[[[9.8,2.342],[9.799,1.901],[9.408,1.284],[9.804,0.998],[11.336,0.999],[11.322,2.166],[9.991,2.166],[9.8,2.342]]]},"properties":{"iso2":"GQ"}},
{"type":"Feature","geometry":{"type":"Polygon","coordinates":[[[-16.561,13.587],[-16.754,13.065],[-15.833,13.157],[-15.518,13.583],[-16.561,13.587]]]},"properties":{"iso2":"GM"}},
{"type":"Feature","geometry":{"type":"Polygon","coordinates":[[[12.453,41.903],[12.454,41.903],[12.454,41.904],[12.453,41.904],[12.453,41.903]]]},"properties":{"iso2":"VA"}},
{"type":"Feature","geometry":{"type":"MultiPolygon","coordinates":[[[[131.536,-31.606],[132.234,-32.033],[132.798,-31.956],[133.148,-32.197],[133.586,-32.103],[134.273,-32.588],[134.279,-33.163],[134.662,-33.226],[135.19,-33.893],[135.43,-34.713],[135.741,-34.861],[136.369,-34.073],[137.225,-33.653],[137.452,-33.14],[138.044,-33.125],[137.937,-33.528],[137.454,-34.164],[137.403,-35.124],[137.671,-35.181],[138.038,-34.308],[138.536,-34.741],[138.531,-35.646],[139.041,-35.604],[139.475,-35.896],[139.854,-36.622],[139.742,-37.181],[140.36,-37.882],[141.134,-38.128],[141.434,-38.375],[142.398,-38.367],[143.537,-38.858],[144.983,-37.899],[145.571,-38.662],[145.916,-38.896],[146.879,-38.644],[147.589,-38.081],[148.306,-37.823],[149.479,-37.786],[149.985,-37.496],[149.904,-36.928],[150.163,-35.957],[150.834,-34.782],[151.671,-33.061],[152.522,-32.427],[152.51,-32.162],[152.935,-31.483],[152.988,-30.735],[153.606,-28.867],[153.591,-28.268],[153.114,-27.242],[153.206,-27.046],[153.122,-25.934],[152.405,-24.749],[152.15,-24.619],[151.78,-24.023],[151.581,-24.058],[150.857,-23.52],[150.826,-22.698],[150.216,-22.395],[149.609,-22.244],[149.231,-21.09],[148.74,-20.719],[148.851,-20.421],[148.567,-20.06],[147.859,-19.825],[147.55,-19.521],[146.447,-19.06],[146.339,-18.527],[146.024,-18.263],[146.071,-17.392],[145.4,-16.443],[145.462,-16.06],[145.274,-15.536],[145.277,-14.947],[144.678,-14.556],[144.515,-14.173],[143.952,-14.499],[143.534,-13.766],[143.434,-12.613],[143.077,-12.329],[142.873,-11.851],[142.742,-10.975],[142.449,-10.715],[142.175,-10.93],[141.948,-11.896],[141.666,-12.441],[141.691,-13.26],[141.474,-13.776],[141.666,-15.011],[141.425,-16.082],[140.833,-17.451],[140,-17.706],[139.274,-17.348],[139.037,-16.916],[138.184,-16.697],[137.746,-16.252],[136.768,-15.901],[136.24,-15.424],[135.47,-14.948],[135.391,-14.74],[135.903,-14.136],[135.883,-13.326],[136.637,-12.955],[136.691,-12.283],[136.451,-11.942],[136.026,-12.311],[135.739,-11.942],[135.07,-12.26],[133.141,-11.675],[132.911,-11.332],[132.595,-11.622],[132.627,-12.044],[132.046,-12.307],[131,-12.171],[130.13,-12.941],[130.273,-13.319],[129.969,-13.53],[129.358,-14.409],[129.612,-14.943],[128.175,-14.698],[127.666,-14.178],[126.953,-13.724],[126.569,-14.195],[125.658,-14.36],[125.144,-14.728],[124.403,-15.559],[124.378,-16.215],[123.652,-16.36],[123.837,-17.132],[123.4,-17.329],[123.151,-16.808],[122.704,-16.787],[122.276,-17.089],[122.143,-17.564],[122.22,-18.197],[121.91,-18.464],[121.194,-19.472],[120.238,-19.907],[119.567,-20.069],[119.069,-19.983],[118.832,-20.262],[118.136,-20.362],[117.354,-20.728],[116.743,-20.617],[115.937,-21.059],[115.455,-21.514],[114.647,-21.843],[114.392,-22.358],[114.011,-21.86],[113.647,-22.578],[113.812,-23.051],[113.738,-23.527],[113.385,-24.249],[113.611,-24.893],[114.155,-25.79],[114.104,-26.448],[113.591,-26.676],[114.013,-27.315],[114.166,-28.107],[114.531,-28.522],[114.979,-29.48],[114.975,-30.214],[115.181,-30.827],[115.68,-31.649],[115.769,-32.602],[115.667,-33.288],[115.434,-33.595],[114.957,-33.682],[115.018,-34.262],[115.745,-34.54],[116.465,-35.001],[118.12,-34.987],[118.932,-34.446],[119.382,-34.44],[120.002,-33.926],[121.533,-33.82],[122.56,-33.959],[123.567,-33.884],[123.952,-33.567],[124.117,-33.122],[126.186,-32.233],[127.289,-32.273],[128.99,-31.691],[130.157,-31.574],[131.536,-31.606]]],[[[147.999,-43.23],[147.983,-42.319],[148.261,-41.8],[148.331,-41.002],[147.984,-40.737],[147.445,-41.008],[146.424,-41.166],[144.689,-40.705],[144.606,-40.997],[144.926,-41.709],[145.207,-41.967],[145.264,-42.595],[146.031,-43.483],[146.711,-43.629],[147.586,-42.821],[147.999,-43.23]]],[[[138.13,-35.816],[137.352,-35.586],[136.621,-35.751],[136.716,-36.063],[137.459,-36.083],[138.13,-35.816]]],[[[131.537,-11.413],[131.274,-11.19],[130.497,-11.65],[130.98,-11.926],[131.537,-11.413]]]]},"properties":{"iso2":"AU"}},
{"type":"Feature","geometry":{"type":"MultiPolygon","coordinates":[[[[180,-16.149],[178.917,-16.471],[178.705,-16.999],[179.904,-16.718],[180,-16.169],[180,-16.149]]],[[[178.711,-17.992],[178.263,-17.336],[177.833,-17.366],[177.389,-17.641],[177.336,-18.106],[178.168,-18.248],[178.711,-17.992]]]]},"properties":{"iso2":"FJ"}},
{"type":"Feature","geometry":{"type":"MultiPolygon","coordinates":[[[[172.749,-43.28],[173.287,-42.954],[173.559,-42.491],[174.198,-41.876],[174.056,-41.425],[174.211,-41],[173.571,-41.068],[172.689,-40.734],[172.107,-40.887],[172.071,-41.414],[171.489,-41.83],[171.123,-42.592],[169.734,-43.566],[168.34,-44.118],[167.203,-44.95],[166.49,-45.808],[166.762,-46.22],[167.406,-46.251],[169.036,-46.682],[169.635,-46.578],[170.698,-45.679],[171.203,-44.906],[171.346,-44.279],[172.497,-43.722],[172.749,-43.28]]],[[[176.954,-39.608],[177.065,-39.199],[177.883,-39.086],[178.295,-38.54],[178.278,-37.559],[177.739,-37.676],[177.146,-38.024],[175.997,-37.632],[175.882,-36.926],[174.819,-36.824],[174.757,-36.245],[174.497,-35.988],[174.57,-35.594],[173.888,-35.006],[173.1,-35.22],[174.36,-36.631],[174.85,-37.765],[174.579,-38.839],[173.853,-39.134],[173.784,-39.393],[174.967,-39.916],[175.235,-40.336],[175.141,-40.674],[174.609,-41.292],[175.33,-41.61],[175.967,-41.247],[176.837,-40.178],[176.954,-39.608]]]]},"properties":{"iso2":"NZ"}},
{"type":"Feature","geometry":{"type":"Polygon","coordinates":[[[44.255,-20.376],[43.813,-21.224],[43.473,-21.405],[43.223,-22.255],[43.357,-22.83],[43.583,-23.076],[43.656,-24.185],[44.029,-24.999],[44.369,-25.257],[45.492,-25.574],[46.238,-25.198],[46.654,-25.184],[47.137,-24.909],[47.569,-23.853],[47.901,-22.481],[48.202,-21.796],[48.562,-20.577],[49.077,-19.066],[49.359,-18.424],[49.504,-17.663],[49.431,-17.284],[49.849,-16.552],[49.638,-15.545],[49.901,-15.422],[50.242,-15.958],[50.504,-15.316],[50.284,-14.879],[50.143,-13.783],[49.864,-12.88],[49.349,-12.299],[48.985,-12.333],[48.747,-13.412],[48.181,-13.747],[48.045,-14.152],[47.482,-15.08],[47.292,-14.923],[46.333,-15.63],[45.638,-15.943],[45.266,-15.924],[44.854,-16.225],[44.453,-16.187],[44.431,-16.7],[43.943,-17.456],[44.05,-18.427],[44.46,-19.418],[44.479,-19.913],[44.255,-20.376]]]},"properties":{"iso2":"MG"}},
{"type":"Feature","geometry":{"type":"MultiPolygon","coordinates":[[[[126.569,7.301],[126.583,7.719],[126.313,8.956],[125.934,9.492],[125.399,9.681],[125.462,8.985],[124.781,8.949],[124.406,8.608],[124.232,8.213],[123.874,8.105],[123.759,8.607],[123.055,8.505],[122.925,8.15],[122.292,8.01],[122.444,7.609],[122.815,7.743],[122.996,7.467],[123.587,7.839],[124.247,7.404],[123.966,6.821],[124.246,6.187],[125.181,5.798],[125.388,5.574],[125.707,6.15],[125.389,6.768],[125.807,7.351],[126.079,6.843],[126.569,7.301]]],[[[122.297,18.404],[121.613,18.359],[121.107,18.643],[120.611,18.539],[120.334,17.556],[120.427,16.962],[120.276,16.612],[120.402,16.165],[119.879,15.915],[120.09,14.794],[120.83,14.764],[120.97,14.502],[120.587,14.2],[121.279,13.595],[121.725,13.969],[122.501,13.368],[122.516,13.934],[123.169,13.449],[123.441,13.037],[123.795,13.308],[123.528,13.627],[123.108,13.722],[123.012,14.106],[122.471,14.346],[121.936,13.995],[121.732,14.188],[121.379,15.308],[121.578,15.932],[122.204,16.264],[122.529,17.091],[122.157,17.619],[122.297,18.404]]],[[[124.565,9.871],[124.185,10.144],[123.886,9.915],[124.294,9.607],[124.565,9.871]]],[[[123.574,10.831],[123.214,10.996],[122.824,10.533],[122.879,10.118],[122.395,9.837],[122.599,9.433],[123.23,9.108],[123.157,9.868],[123.574,10.831]]],[[[119.672,10.553],[119.278,10.508],[118.822,10.195],[118.127,9.338],[118.498,9.314],[118.75,9.888],[119.196,10.056],[119.672,10.553]]],[[[125.274,10.323],[125.006,10.797],[124.984,11.381],[124.404,11.303],[124.397,10.954],[124.779,10.821],[124.883,10.135],[125.274,10.323]]],[[[123.17,11.481],[122.107,11.658],[122.045,11.017],[122.227,10.642],[122.59,10.699],[123.015,11.092],[123.17,11.481]]],[[[125.713,11.149],[125.471,11.603],[125.5,12.249],[125.166,12.578],[124.276,12.533],[124.391,12.222],[125,11.625],[125.214,11.132],[125.713,11.149]]],[[[121.526,12.704],[121.431,13.224],[120.95,13.53],[120.48,13.302],[121.132,12.242],[121.526,12.704]]]]},"properties":{"iso2":"PH"}},
{"type":"Feature","geometry":{"type":"Polygon","coordinates":[[[81.876,7.092],[81.881,7.327],[81.448,8.128],[81.366,8.482],[80.744,9.36],[80.272,9.504],[79.947,8.949],[79.764,7.99],[79.863,6.807],[80.104,6.127],[80.591,5.924],[81.362,6.225],[81.776,6.61],[81.876,7.092]]]},"properties":{"iso2":"LK"}},
{"type":"Feature","geometry":{"type":"MultiPolygon","coordinates":[[[[-78.354,24.659],[-78.063,24.316],[-77.719,24.5],[-77.987,25.013],[-78.354,24.659]]],[[[-77.812,26.907],[-77.517,26.852],[-77.312,26.595],[-77.161,26.564],[-77.256,26.204],[-77.015,26.316],[-77.059,26.529],[-77.27,26.625],[-77.511,26.87],[-77.812,26.907]]]]},"properties":{"iso2":"BS"}},
{"type":"Feature","geometry":{"type":"MultiPolygon","coordinates":[[[[131.66,32.477],[131.982,32.889],[131.73,33.58],[131.081,33.635],[130.684,33.934],[130.391,33.605],[129.855,33.533],[129.632,32.979],[130.422,33.083],[130.641,32.607],[130.171,31.79],[130.222,31.246],[130.924,31.113],[131.345,31.395],[131.66,32.477]]],[[[134.69,33.828],[134.628,34.178],[134.153,34.386],[133.511,33.965],[132.77,33.996],[132.381,33.466],[132.472,32.934],[132.915,32.778],[133.269,33.347],[133.739,33.538],[134.273,33.508],[134.69,33.828]]],[[[133.422,34.445],[134.744,34.767],[135.105,34.318],[135.065,33.886],[135.766,33.482],[136.299,34.154],[136.846,34.308],[136.52,34.681],[137.298,34.797],[137.792,34.639],[139.141,34.871],[139.527,35.302],[139.868,35.013],[140.394,35.197],[140.842,35.742],[140.564,36.283],[141.042,37.377],[140.933,37.889],[141.098,38.372],[141.471,38.436],[141.638,38.985],[142.069,39.54],[141.744,40.384],[141.437,40.67],[141.276,41.353],[140.271,40.812],[139.822,39.961],[140.049,39.505],[139.432,38.169],[138.858,37.828],[138.245,37.184],[137.006,36.836],[136.761,36.871],[135.957,35.973],[135.982,35.644],[134.927,35.641],[133.417,35.457],[132.635,35.441],[131.858,34.715],[130.862,34.113],[131.272,33.927],[132.058,33.895],[132.497,34.362],[133.166,34.292],[133.422,34.445]]],[[[145.767,43.387],[145.322,43.276],[144.831,43.942],[143.783,44.101],[142.981,44.586],[141.96,45.51],[141.586,45.164],[141.792,44.597],[141.44,43.362],[140.81,43.192],[139.877,42.663],[139.787,42.247],[140.145,41.983],[140.209,41.401],[141.017,42.316],[141.726,42.617],[143.253,41.942],[143.639,42.661],[144.323,43.003],[144.742,42.924],[145.767,43.387]]]]},"properties":{"iso2":"JP"}},
{"type":"Feature","geometry":{"type":"Polygon","coordinates":[[[-14.564,66.385],[-15.42,66.172],[-16.487,66.19],[-17.419,65.994],[-18.692,66.17],[-21.319,65.988],[-22.85,66.467],[-23.793,66.07],[-24.197,65.501],[-22.926,65.573],[-22.199,65.432],[-22.674,65.008],[-21.963,64.297],[-22.336,63.863],[-21.168,63.876],[-20.186,63.544],[-18.732,63.397],[-17.86,63.737],[-16.896,63.808],[-15.992,64.144],[-14.51,64.442],[-13.527,65.055],[-13.61,65.514],[-14.823,65.816],[-14.564,66.385]]]},"properties":{"iso2":"IS"}},
{"type":"Feature","geometry":{"type":"Polygon","coordinates":[[[55.402,-4.661],[55.449,-4.678],[55.517,-4.75],[55.529,-4.68],[55.459,-4.618],[55.402,-4.661]]]},"properties":{"iso2":"SC"}},
{"type":"Feature","geometry":{"type":"Polygon","coordinates":[[[-157.191,1.764],[-157.382,1.902],[-157.449,1.8],[-157.191,1.764]]]},"properties":{"iso2":"KI"}},
{"type":"Feature","geometry":{"type":"Polygon","coordinates":[[[171.394,7.11],[171.226,7.076],[171.263,7.068],[171.293,7.084],[171.367,7.094],[171.394,7.11]]]},"properties":{"iso2":"MH"}},
{"type":"Feature","geometry":{"type":"Polygon","coordinates":[[[-61.002,10.699],[-61.602,10.748],[-61.458,10.302],[-60.996,10.138],[-61.002,10.699]]]},"properties":{"iso2":"TT"}},
{"type":"Feature","geometry":{"type":"Polygon","coordinates":[[[-61.613,12.214],[-61.671,12.236],[-61.756,12.088],[-61.614,12.08],[-61.613,12.214]]]},"properties":{"iso2":"GD"}},
{"type":"Feature","geometry":{"type":"Polygon","coordinates":[[[-61.167,13.146],[-61.124,13.308],[-61.212,13.369],[-61.271,13.187],[-61.167,13.146]]]},"properties":{"iso2":"VC"}},
{"type":"Feature","geometry":{"type":"Polygon","coordinates":[[[-59.427,13.16],[-59.654,13.295],[-59.608,13.085],[-59.427,13.16]]]},"properties":{"iso2":"BB"}},
{"type":"Feature","geometry":{"type":"Polygon","coordinates":[[[-60.887,14.01],[-61.076,13.89],[-60.941,13.722],[-60.887,14.01]]]},"properties":{"iso2":"LC"}},
{"type":"Feature","geometry":{"type":"Polygon","coordinates":[[[-61.363,15.202],[-61.308,15.579],[-61.489,15.536],[-61.363,15.202]]]},"properties":{"iso2":"DM"}},
{"type":"Feature","geometry":{"type":"Polygon","coordinates":[[[-61.884,17.049],[-61.686,17.029],[-61.825,17.169],[-61.884,17.049]]]},"properties":{"iso2":"AG"}},
{"type":"Feature","geometry":{"type":"Polygon","coordinates":[[[-62.65,17.266],[-62.72,17.359],[-62.82,17.416],[-62.861,17.362],[-62.65,17.266]]]},"properties":{"iso2":"KN"}},
{"type":"Feature","geometry":{"type":"Polygon","coordinates":[[[-76.264,18.012],[-76.895,18.409],[-77.902,18.519],[-78.075,18.198],[-77.724,17.854],[-77.216,17.717],[-76.85,17.992],[-76.264,18.012]]]},"properties":{"iso2":"JM"}},
{"type":"Feature","geometry":{"type":"Polygon","coordinates":[[[57.796,-20.223],[57.532,-20.025],[57.358,-20.427],[57.672,-20.48],[57.796,-20.223]]]},"properties":{"iso2":"MU"}},
{"type":"Feature","geometry":{"type":"Polygon","coordinates":[[[43.467,-11.822],[43.277,-11.38],[43.263,-11.818],[43.467,-11.822]]]},"properties":{"iso2":"KM"}},
{"type":"Feature","geometry":{"type":"Polygon","coordinates":[[[6.681,0.407],[6.462,0.222],[6.516,0.034],[6.74,0.219],[6.681,0.407]]]},"properties":{"iso2":"ST"}},
{"type":"Feature","geometry":{"type":"Polygon","coordinates":[[[-23.457,15.024],[-23.697,15.266],[-23.786,15.175],[-23.677,14.936],[-23.457,15.024]]]},"properties":{"iso2":"CV"}},
{"type":"Feature","geometry":{"type":"Polygon","coordinates":[[[14.548,35.89],[14.428,35.966],[14.343,35.881],[14.528,35.801],[14.548,35.89]]]},"properties":{"iso2":"MT"}},
{"type":"Feature","geometry":{"type":"Polygon","coordinates":[[[103.961,1.391],[103.805,1.449],[103.648,1.308],[103.844,1.269],[103.961,1.391]]]},"properties":{"iso2":"SG"}},
{"type":"Feature","geometry":{"type":"Polygon","coordinates":[[[-175.066,-21.124],[-175.155,-21.172],[-175.25,-21.111],[-175.326,-21.174],[-175.149,-21.268],[-175.066,-21.124]]]},"properties":{"iso2":"TO"}},
{"type":"Feature","geometry":{"type":"Polygon","coordinates":[[[-172.201,-13.593],[-172.366,-13.463],[-172.75,-13.578],[-172.523,-13.805],[-172.201,-13.593]]]},"properties":{"iso2":"WS"}},
{"type":"Feature","geometry":{"type":"MultiPolygon","coordinates":[[[[160.826,-9.837],[160.366,-9.413],[159.599,-9.512],[159.836,-9.794],[160.826,-9.837]]],[[[159.859,-8.511],[159.842,-8.326],[159.403,-7.982],[158.846,-7.973],[159.859,-8.511]]]]},"properties":{"iso2":"SB"}},
{"type":"Feature","geometry":{"type":"Polygon","coordinates":[[[179.191,-8.542],[179.218,-8.521],[179.204,-8.519],[179.191,-8.542]]]},"properties":{"iso2":"TV"}},
{"type":"Feature","geometry":{"type":"Polygon","coordinates":[[[73.546,4.243],[73.512,4.186],[73.538,4.183],[73.546,4.243]]]},"properties":{"iso2":"MV"}},
{"type":"Feature","geometry":{"type":"Polygon","coordinates":[[[166.939,-0.49],[166.913,-0.5],[166.916,-0.548],[166.958,-0.518],[166.939,-0.49]]]},"properties":{"iso2":"NR"}},
{"type":"Feature","geometry":{"type":"Polygon","coordinates":[[[158.291,6.938],[158.126,6.907],[158.194,6.793],[158.291,6.938]]]},"properties":{"iso2":"FM"}},
{"type":"Feature","geometry":{"type":"Polygon","coordinates":[[[167.141,-15.536],[167.057,-15.002],[166.523,-14.832],[166.793,-15.656],[167.141,-15.536]]]},"properties":{"iso2":"VU"}},
{"type":"Feature","geometry":{"type":"Polygon","coordinates":[[[134.648,7.719],[134.488,7.47],[134.594,7.421],[134.648,7.719]]]},"properties":{"iso2":"PW"}},
{"type":"Feature","geometry":{"type":"Polygon","coordinates":[[[50.552,26.194],[50.453,26.15],[50.46,25.985],[50.604,25.855],[50.615,26.111],[50.552,26.194]]]},"properties":{"iso2":"BH"}},
{"type":"Feature","geometry":{"type":"Polygon","coordinates":[[[21.564,42.246],[21.379,42.744],[20.839,43.17],[20.345,42.827],[20.065,42.547],[20.501,42.211],[20.567,41.873],[21.098,42.196],[21.564,42.246]]]},"properties":{"iso2":"XK"}},
{"type":"Feature","geometry":{"type":"Polygon","coordinates":[[[114.082,22.529],[114.111,22.366],[114.278,22.27],[114.338,22.446],[114.23,22.556],[114.082,22.529]]]},"properties":{"iso2":"HK"}},
{"type":"Feature","geometry":{"type":"Polygon","coordinates":[[[121.906,24.95],[121.598,25.271],[121.059,25.05],[120.189,23.775],[120.059,23.151],[120.331,22.52],[120.621,22.295],[120.948,22.527],[121.4,23.145],[121.906,24.95]]]},"properties":{"iso2":"TW"}},
{"type":"Feature","geometry":{"type":"Polygon","coordinates":[[[113.559,22.163],[113.534,22.161],[113.547,22.105],[113.567,22.123],[113.559,22.163]]]},"properties":{"iso2":"MO"}}
]}